GEOID,chapter
040019449011075,Wide Ruins Chapter
040019451002124,Nahatadziil Chapter
040019449013061,Ganado Chapter
040019443012047,Rough Rock Chapter
040019440001022,Sawmill Chapter
040059451002133,Bird Springs Chapter
040059450003085,Bodaway Chapter
040019441003057,Chinle Chapter
040019442023012,Chinle Chapter
040019449012012,Kinlichee Chapter
040019443022063,Tselani Chapter
040019440001121,Crystal Chapter
040059450002051,Tuba City Chapter
040059450001261,Bodaway Chapter
040059422012045,Coppermine Chapter
040019427002253,Dennehotso Chapter
040019427002052,Sweetwater Chapter
040019449012008,Kinlichee Chapter
040019449014148,Klagetoh Chapter
040019450023095,Houck Chapter
040019442011022,Nazlini Chapter
040019449014134,Klagetoh Chapter
040019450021037,Oak Springs Chapter
040019450021047,Oak Springs Chapter
040019449012049,Kinlichee Chapter
040019449023096,Wide Ruins Chapter
040019450022085,St. Michaels Chapter
040019440002069,Fort Defiance Chapter
040019441001013,Lukachukai Chapter
040019441004043,Tsaile-Wheatfields Chapter
040019427001105,Red Valley Chapter
040019441003015,Tsaile-Wheatfields Chapter
040019440001104,Crystal Chapter
040019449021168,Steamboat Chapter
040019426001059,Dennehotso Chapter
040019426001070,Dennehotso Chapter
040059422013039,Tonalea Chapter
040059450001225,Cameron Chapter
040059422023030,Tonalea Chapter
040059450001054,Bodaway Chapter
040019451001038,Nahatadziil Chapter
040059451004104,Coalmine Mesa Chapter
040179400081020,Forest Lake Chapter
040179400152097,Teesto Chapter
040059451002075,Leupp Chapter
040059451002176,Leupp Chapter
040059451002104,Leupp Chapter
040059451001042,Leupp Chapter
040050013023114,Leupp Chapter
040019426001036,Dennehotso Chapter
040019427002004,Teec Nos Pos Chapter
040019440001106,Crystal Chapter
040019441002043,Rock Point Chapter
040179400132038,Jeddito Chapter
040179400153041,Indian Wells Chapter
040019427004010,Beclabito Chapter
040059422012012,Coppermine Chapter
040059450003144,Bodaway Chapter
040179400081058,Forest Lake Chapter
040019449012100,Kinlichee Chapter
040019443022149,Tselani Chapter
040019449021015,Steamboat Chapter
040019450011002,St. Michaels Chapter
040019449014125,Klagetoh Chapter
040019443022132,Nazlini Chapter
040019443012058,Rough Rock Chapter
040019449023106,Wide Ruins Chapter
040019426001079,Dennehotso Chapter
040019449022103,Greasewood Chapter
040059422012124,Coppermine Chapter
040059422021030,Navajo Mountain Chapter
040059451004386,Cameron Chapter
040179400082066,Hard Rock Chapter
040019441002110,Round Rock Chapter
040019427004211,Sanostee Chapter
040019443011041,Many Farms Chapter
040179400102036,Low Mountain Chapter
040019450022065,St. Michaels Chapter
040019440001107,Crystal Chapter
040019441003120,Tsaile-Wheatfields Chapter
040019440003034,Fort Defiance Chapter
040059451002066,Leupp Chapter
040179400151040,Indian Wells Chapter
040019443012139,Tachee Chapter
040019450013010,St. Michaels Chapter
040019450022090,St. Michaels Chapter
040019427002227,Rock Point Chapter
040019441002015,Red Valley Chapter
040019443012118,Tachee Chapter
040019450022104,St. Michaels Chapter
040019441001018,Lukachukai Chapter
040179400142051,White Cone Chapter
040179400153001,Dilcon Chapter
040179400113077,Piñon Chapter
040179424001096,Kayenta Chapter
040179400082094,Hard Rock Chapter
040179400082099,Hard Rock Chapter
040179400082100,Hard Rock Chapter
040179400112003,Black Mesa Chapter
040059451004092,Coalmine Mesa Chapter
040019441002151,Round Rock Chapter
040179424001260,Oljato Chapter
040179400153054,Dilcon Chapter
040179400151085,Indian Wells Chapter
040179400103066,Piñon Chapter
040059449003011,Tuba City Chapter
040179424002036,Dennehotso Chapter
040179400143073,Indian Wells Chapter
040179424001042,Oljato Chapter
040179400152316,Dilcon Chapter
040059422013022,Tonalea Chapter
040179400153034,Dilcon Chapter
040179400152315,Dilcon Chapter
040179400103002,Piñon Chapter
040179400103076,Piñon Chapter
040019427001021,Teec Nos Pos Chapter
040019442023029,Chinle Chapter
040019443011045,Many Farms Chapter
040059451004253,Coalmine Mesa Chapter
040059422012151,Coppermine Chapter
040179424002032,Chilchinbeto Chapter
040179400152009,Teesto Chapter
040179400143005,Greasewood Chapter
040179400152138,Dilcon Chapter
040179400143038,Greasewood Chapter
040019441002144,Round Rock Chapter
040179400101002,Whippoorwill Chapter
040019449014046,Kinlichee Chapter
040019449012124,Kinlichee Chapter
040059422012153,Coppermine Chapter
040179425002002,Kayenta Chapter
040059422022080,LeChee Chapter
040019450023069,Houck Chapter
040019451001041,Nahatadziil Chapter
040019427004159,Sanostee Chapter
040019451001090,Nahatadziil Chapter
040019441003010,Tsaile-Wheatfields Chapter
040059450002078,San Juan Southern Paiute Southern Area
040019441004069,Tsaile-Wheatfields Chapter
040019441003059,Tsaile-Wheatfields Chapter
040019449012064,Kinlichee Chapter
040019449013046,Ganado Chapter
040019427004144,Cove Chapter
040059450001304,Cameron Chapter
040019442022036,Chinle Chapter
040019443012081,Black Mesa Chapter
040059422022119,Kaibeto Chapter
040059422012054,Coppermine Chapter
040019427004112,Red Valley Chapter
040019441003009,Tsaile-Wheatfields Chapter
040019442012125,Chinle Chapter
040019440001231,Fort Defiance Chapter
040019443022032,Tselani Chapter
040019426001110,Dennehotso Chapter
040019449011084,Wide Ruins Chapter
040059422012218,Kaibeto Chapter
040019449021175,Steamboat Chapter
040019443021000,Chinle Chapter
040019450022089,St. Michaels Chapter
040019442022060,Chinle Chapter
040019427002108,Sweetwater Chapter
040059450003056,Bodaway Chapter
040059422022074,Kaibeto Chapter
040059422021075,Inscription House Chapter
040019451002161,Nahatadziil Chapter
040179400102003,Whippoorwill Chapter
040059450001327,Cameron Chapter
040179400152116,Teesto Chapter
040059450001049,Bodaway Chapter
040059451002116,Leupp Chapter
040059422023095,Inscription House Chapter
040050013023116,Leupp Chapter
040179400142110,White Cone Chapter
040179400151010,White Cone Chapter
040019427004056,Red Valley Chapter
040059450003183,Bodaway Chapter
040059451001078,Leupp Chapter
040019443012166,Rough Rock Chapter
040059422011076,LeChee Chapter
040019451002073,Nahatadziil Chapter
040059422013119,Tonalea Chapter
040059450001128,Bodaway Chapter
040059450001166,Bodaway Chapter
040059422013051,Tonalea Chapter
040179400152228,Dilcon Chapter
040179400141065,Greasewood Chapter
040019443022157,Tselani Chapter
040059451001000,Coalmine Mesa Chapter
040019449011033,Klagetoh Chapter
040059451002169,Leupp Chapter
040059450001073,Bodaway Chapter
040059451002085,Leupp Chapter
040059451002037,Leupp Chapter
040059452001013,Tuba City Chapter
040059450001258,Cameron Chapter
040179400132052,Jeddito Chapter
040019442012098,Chinle Chapter
040019443022092,Tselani Chapter
040019442012056,Chinle Chapter
040059451001063,Leupp Chapter
040059451003118,Bird Springs Chapter
040059422023007,Inscription House Chapter
040179424001161,Kayenta Chapter
040179400081014,Forest Lake Chapter
040019449021057,Steamboat Chapter
040019449024011,Ganado Chapter
040019449023063,Klagetoh Chapter
040019426001144,Dennehotso Chapter
040059422023081,Tonalea Chapter
040059451004300,Coalmine Mesa Chapter
040059422022056,Kaibeto Chapter
040179400152035,Teesto Chapter
040179400081046,Forest Lake Chapter
040019449021205,Steamboat Chapter
040019450012024,St. Michaels Chapter
040019427002273,Teec Nos Pos Chapter
040019427001103,Red Valley Chapter
040019443021032,Nazlini Chapter
040019426001132,Dennehotso Chapter
040179400113091,Piñon Chapter
040179424001085,Kayenta Chapter
040179400143106,Indian Wells Chapter
040179400113057,Hard Rock Chapter
040019427001030,Teec Nos Pos Chapter
040179424001004,Oljato Chapter
040179400153000,Dilcon Chapter
040179423002010,Shonto Chapter
040059451001089,Leupp Chapter
040179400103012,Piñon Chapter
040179424001136,Kayenta Chapter
040179424001024,Kayenta Chapter
040179423003030,Shonto Chapter
040179423001043,Shonto Chapter
040179400081055,Forest Lake Chapter
040179400151014,Teesto Chapter
040179400143076,Indian Wells Chapter
040059422023121,Tonalea Chapter
040059422022063,LeChee Chapter
040019450023094,Houck Chapter
040019450021120,Lupton Chapter
040019451001009,Houck Chapter
040019427001028,Teec Nos Pos Chapter
040019427004068,Red Valley Chapter
040179425003024,Kayenta Chapter
040179424001157,Kayenta Chapter
040179400101037,Whippoorwill Chapter
040179400143020,Greasewood Chapter
040019449014190,Wide Ruins Chapter
040059452001008,Tuba City Chapter
040019449024059,Ganado Chapter
040019440001277,Fort Defiance Chapter
040019440001212,Sawmill Chapter
040019442023053,Chinle Chapter
040019426001088,Dennehotso Chapter
040019427001090,Teec Nos Pos Chapter
040059451002147,Bird Springs Chapter
040059422012300,Tuba City Chapter
040019443021103,Nazlini Chapter
040179400102001,Tachee Chapter
040059422023130,Tonalea Chapter
040179400152091,Teesto Chapter
040019449021042,Low Mountain Chapter
040019449023016,Klagetoh Chapter
040019441004121,Tsaile-Wheatfields Chapter
040019443012055,Rough Rock Chapter
040019443012056,Rough Rock Chapter
040019441005083,Lukachukai Chapter
040019442012089,Chinle Chapter
040059422023068,Kaibeto Chapter
040059422023060,Tonalea Chapter
040019427003070,Sweetwater Chapter
040059450001321,Cameron Chapter
040019441003040,Tsaile-Wheatfields Chapter
040019441002041,Rock Point Chapter
040019427004095,Cove Chapter
040019440001174,Sawmill Chapter
040019449024124,Ganado Chapter
040059451002016,Bird Springs Chapter
040019449024134,Ganado Chapter
040019449011110,Wide Ruins Chapter
040019449012069,Kinlichee Chapter
040019441001014,Lukachukai Chapter
040019450023043,Houck Chapter
040019449023174,Wide Ruins Chapter
040019443011096,Many Farms Chapter
040019443021020,Chinle Chapter
040019440001097,Sawmill Chapter
040019440001103,Sawmill Chapter
040019442012084,Chinle Chapter
040019442012059,Chinle Chapter
040059422011080,LeChee Chapter
040059451001102,Leupp Chapter
040179400143009,Greasewood Chapter
040059422021068,Inscription House Chapter
040059450003082,Bodaway Chapter
040059451003023,Tolani Lake Chapter
040059451002073,Leupp Chapter
040059422022097,LeChee Chapter
040059422011082,LeChee Chapter
040019427002277,Sweetwater Chapter
040019450021025,Oak Springs Chapter
040019449011114,Wide Ruins Chapter
040019427004162,Sanostee Chapter
040179400082096,Hard Rock Chapter
040019441002040,Rock Point Chapter
040019443021049,Chinle Chapter
040179400142109,White Cone Chapter
040179424001231,Kayenta Chapter
040019426002027,Dennehotso Chapter
040019449014133,Klagetoh Chapter
040019427004008,Red Valley Chapter
040019441005077,Lukachukai Chapter
040019449021204,Steamboat Chapter
040019443011014,Many Farms Chapter
040059450002049,Tuba City Chapter
040059422012303,Tonalea Chapter
040019427003018,Sweetwater Chapter
040019443022151,Tselani Chapter
040019440001187,Sawmill Chapter
040179400152229,Dilcon Chapter
040179400142007,White Cone Chapter
040019426001188,Chilchinbeto Chapter
040019427002190,Rock Point Chapter
040059451001079,Leupp Chapter
040059450001314,Cameron Chapter
040059422012287,Coppermine Chapter
040019427002010,Red Mesa Chapter
040019440003029,Fort Defiance Chapter
040019443012123,Tachee Chapter
040059449001033,Tuba City Chapter
040179400103034,Piñon Chapter
040059451002159,Leupp Chapter
040019451001025,Nahatadziil Chapter
040019449014006,Kinlichee Chapter
040059422021121,LeChee Chapter
040019426001003,Dennehotso Chapter
040059422013007,Tonalea Chapter
040059422022032,Kaibeto Chapter
040059422011004,LeChee Chapter
040059422022112,Kaibeto Chapter
040019449023021,Klagetoh Chapter
040019443021106,Nazlini Chapter
040019441004115,Tsaile-Wheatfields Chapter
040019449013014,Ganado Chapter
040019449021024,Steamboat Chapter
040019449021032,Low Mountain Chapter
040019449014090,Kinlichee Chapter
040019443021021,Chinle Chapter
040019443022047,Tselani Chapter
040019443022183,Tselani Chapter
040179400143118,Indian Wells Chapter
040179424001082,Shonto Chapter
040179400142039,White Cone Chapter
040179400112075,Piñon Chapter
040179400111023,Tachee Chapter
040059451004093,Coalmine Mesa Chapter
040179400141052,Greasewood Chapter
040179400152185,Dilcon Chapter
040179400103006,Piñon Chapter
040179400111015,Tachee Chapter
040179400152015,Teesto Chapter
040179400112072,Piñon Chapter
040179400082064,Hard Rock Chapter
040179400081076,Forest Lake Chapter
040179400153044,Dilcon Chapter
040059422021015,Navajo Mountain Chapter
040179400081002,Black Mesa Chapter
040179400112025,Black Mesa Chapter
040059450001221,Bodaway Chapter
040019427003014,Sweetwater Chapter
040019427002240,Rough Rock Chapter
040059422021066,Inscription House Chapter
040059451003045,Tolani Lake Chapter
040179425002016,Kayenta Chapter
040179400142094,White Cone Chapter
040019449014210,Wide Ruins Chapter
040019449023116,Wide Ruins Chapter
040059422012137,Coppermine Chapter
040059422012104,Coppermine Chapter
040059451004266,Coalmine Mesa Chapter
040019427004131,Red Valley Chapter
040019427004091,Cove Chapter
040179400152053,Teesto Chapter
040179424001122,Kayenta Chapter
040019426001023,Dennehotso Chapter
040179400101023,Whippoorwill Chapter
040179424002045,Dennehotso Chapter
040019449011019,Wide Ruins Chapter
040019441002016,Red Valley Chapter
040019441005107,Cove Chapter
040019427004156,Sanostee Chapter
040019449013019,Ganado Chapter
040019441004120,Tsaile-Wheatfields Chapter
040059449002019,Tuba City Chapter
040019442012091,Chinle Chapter
040019427003025,Sweetwater Chapter
040059422023069,Tonalea Chapter
040019426001004,Dennehotso Chapter
040019442023000,Chinle Chapter
040019450021106,Lupton Chapter
040019451002039,Nahatadziil Chapter
040019441002020,Round Rock Chapter
040059451001020,Leupp Chapter
040019443022178,Tachee Chapter
040019449014014,Kinlichee Chapter
040019441001003,Lukachukai Chapter
040019443012064,Rough Rock Chapter
040019449012043,Kinlichee Chapter
040019449014208,Klagetoh Chapter
040019449023117,Wide Ruins Chapter
040019449014188,Wide Ruins Chapter
040019449022053,Cornfields Chapter
040019449013054,Ganado Chapter
040019441004110,Tsaile-Wheatfields Chapter
040019443013070,Many Farms Chapter
040019441004005,Tsaile-Wheatfields Chapter
040019441004007,Tsaile-Wheatfields Chapter
040019426001086,Dennehotso Chapter
040019449021171,Steamboat Chapter
040019441005013,Lukachukai Chapter
040019450023087,Houck Chapter
040019442023041,Chinle Chapter
040019442011016,Chinle Chapter
040019427002046,Mexican Water Chapter
040059422012292,Coppermine Chapter
040179423003116,Inscription House Chapter
040179424001101,Kayenta Chapter
040179400102024,Low Mountain Chapter
040179400143067,Greasewood Chapter
040059450003084,Bodaway Chapter
040059451002175,Leupp Chapter
040179424002011,Dennehotso Chapter
040179400113029,Piñon Chapter
040019427003078,Sweetwater Chapter
040179400151049,Indian Wells Chapter
040059422012186,Coppermine Chapter
040059422012073,Coppermine Chapter
040059451001077,Leupp Chapter
040059422011061,LeChee Chapter
040059422012025,LeChee Chapter
040059422011021,LeChee Chapter
040059422013077,Tonalea Chapter
040059451003010,Tolani Lake Chapter
040059451001007,Coalmine Mesa Chapter
040019451001107,Nahatadziil Chapter
040019427003007,Sweetwater Chapter
040019427003051,Sweetwater Chapter
040059450001024,Bodaway Chapter
040059422013067,Tonalea Chapter
040059450003101,Bodaway Chapter
040059450001101,Bodaway Chapter
040179400111000,Black Mesa Chapter
040019443022168,Steamboat Chapter
040019449014119,Klagetoh Chapter
040179400152020,Teesto Chapter
040019443022086,Tselani Chapter
040019449023078,Klagetoh Chapter
040059451004387,Cameron Chapter
040179400142066,White Cone Chapter
040179400142021,White Cone Chapter
040019440001220,Sawmill Chapter
040019443022118,Tselani Chapter
040019449014061,Kinlichee Chapter
040019443021024,Chinle Chapter
040019441002123,Round Rock Chapter
040179424001014,Oljato Chapter
040019443021122,Nazlini Chapter
040059451001061,Leupp Chapter
040059422023089,Inscription House Chapter
040179424001206,Kayenta Chapter
040019450021116,Lupton Chapter
040019441005029,Lukachukai Chapter
040019427004013,Red Valley Chapter
040019441001019,Lukachukai Chapter
040179605001007,Dilcon Chapter
040019450013009,Fort Defiance Chapter
040019449024051,Ganado Chapter
040019449021163,Steamboat Chapter
040059452003001,Tuba City Chapter
040019443022076,Tselani Chapter
040019449012116,Kinlichee Chapter
040019443022184,Tselani Chapter
040179400113006,Piñon Chapter
040179400152206,Dilcon Chapter
040179400151011,White Cone Chapter
040179400113090,Piñon Chapter
040059451004283,Cameron Chapter
040059422023128,Inscription House Chapter
040059422011101,LeChee Chapter
040019441002108,Round Rock Chapter
040019443012114,Tachee Chapter
040179400152282,Bird Springs Chapter
040179400152279,Bird Springs Chapter
040179400141074,Greasewood Chapter
040179424001158,Kayenta Chapter
040179400132030,Jeddito Chapter
040179400132055,Jeddito Chapter
040179424001194,Shonto Chapter
040179423002046,Shonto Chapter
040179400112047,Piñon Chapter
040059451002101,Leupp Chapter
040059451004251,Coalmine Mesa Chapter
040179400132050,Jeddito Chapter
040179400113015,Piñon Chapter
040179400143057,Indian Wells Chapter
040059450001233,Bodaway Chapter
040179400082039,Hard Rock Chapter
040179400103036,Piñon Chapter
040019443012130,Tachee Chapter
040019442012030,Chinle Chapter
040059422011036,Coppermine Chapter
040059422011131,Coppermine Chapter
040019451002022,Nahatadziil Chapter
040019441005105,Cove Chapter
040179424002123,Chilchinbeto Chapter
040059450001095,Cameron Chapter
040019451002114,Nahatadziil Chapter
040019449022098,Cornfields Chapter
040019440001280,Sawmill Chapter
040019449024036,Ganado Chapter
040019427002232,Rough Rock Chapter
040179400142097,White Cone Chapter
040059450001317,Cameron Chapter
040019451001124,Nahatadziil Chapter
040019451002088,Nahatadziil Chapter
040179400141121,Greasewood Chapter
040179400153042,Indian Wells Chapter
040179423003078,Shonto Chapter
040179423002023,Shonto Chapter
040019450022064,St. Michaels Chapter
040059422013116,Tonalea Chapter
040019441003073,Tsaile-Wheatfields Chapter
040019443011051,Many Farms Chapter
040019450021009,Oak Springs Chapter
040059422013086,Tonalea Chapter
040059451001096,Leupp Chapter
040019443021125,Nazlini Chapter
040019443021063,Nazlini Chapter
040019449012006,Kinlichee Chapter
040019441002079,Round Rock Chapter
040019449012067,Kinlichee Chapter
040019443012043,Rough Rock Chapter
040019443011064,Many Farms Chapter
040019450023093,Lupton Chapter
040019426001031,Dennehotso Chapter
040019427002159,Rock Point Chapter
040019427001086,Teec Nos Pos Chapter
040059422012052,Coppermine Chapter
040059451002187,Bird Springs Chapter
040019441003041,Tsaile-Wheatfields Chapter
040019450023042,Houck Chapter
040019450023082,Houck Chapter
040019443013087,Many Farms Chapter
040019449023088,Klagetoh Chapter
040059422022059,Kaibeto Chapter
040019441004038,Tsaile-Wheatfields Chapter
040019440003036,Fort Defiance Chapter
040019450011015,St. Michaels Chapter
040019440002073,Fort Defiance Chapter
040019449022157,Cornfields Chapter
040019442012060,Chinle Chapter
040019450021041,Oak Springs Chapter
040019442021027,Chinle Chapter
040059449002034,Coalmine Mesa Chapter
040059422023024,Tonalea Chapter
040059422012260,Tuba City Chapter
040179400081011,Forest Lake Chapter
040059450003088,Bodaway Chapter
040059451002185,Leupp Chapter
040059451001051,Leupp Chapter
040050022013116,Coalmine Mesa Chapter
040019427004125,Red Valley Chapter
040019450023003,Houck Chapter
040019440001098,Sawmill Chapter
040179400152259,Bird Springs Chapter
040179400152267,Bird Springs Chapter
040059451001038,Leupp Chapter
040059422023037,Tonalea Chapter
040019427002037,Mexican Water Chapter
040019449012112,Kinlichee Chapter
040179423003107,Shonto Chapter
040179400142086,White Cone Chapter
040019442012120,Nazlini Chapter
040019443011000,Many Farms Chapter
040019427004004,Beclabito Chapter
040019441004076,Tsaile-Wheatfields Chapter
040059451001060,Leupp Chapter
040019443011054,Many Farms Chapter
040059450001037,Bodaway Chapter
040019449022115,Klagetoh Chapter
040059422013079,Tonalea Chapter
040059422012233,Kaibeto Chapter
040059450003162,Bodaway Chapter
040059422013055,Tonalea Chapter
040059422022006,Kaibeto Chapter
040019449021132,Steamboat Chapter
040019449021133,Steamboat Chapter
040059451003122,Leupp Chapter
040019449023125,Wide Ruins Chapter
040019443012003,Rough Rock Chapter
040059450003107,Bodaway Chapter
040059422021006,Navajo Mountain Chapter
040059451003008,Tolani Lake Chapter
040179400082060,Hard Rock Chapter
040019449021055,Steamboat Chapter
040019443011089,Many Farms Chapter
040019441004004,Tsaile-Wheatfields Chapter
040179400142020,White Cone Chapter
040059422013106,Tonalea Chapter
040059422023106,Inscription House Chapter
040059422023008,Inscription House Chapter
040019443021042,Chinle Chapter
040019443012060,Rough Rock Chapter
040019443022001,Tselani Chapter
040059422012122,Coppermine Chapter
040059422013006,Tonalea Chapter
040059422013004,Tonalea Chapter
040179424001222,Chilchinbeto Chapter
040019449022101,Cornfields Chapter
040019450014032,St. Michaels Chapter
040019451002010,Houck Chapter
040019441004107,Tsaile-Wheatfields Chapter
040019443022177,Tachee Chapter
040019450013005,Fort Defiance Chapter
040179400132012,Jeddito Chapter
040179400113018,Piñon Chapter
040179424001265,Kayenta Chapter
040179400082086,Hard Rock Chapter
040019449022068,Cornfields Chapter
040179425002018,Kayenta Chapter
040179424002109,Chilchinbeto Chapter
040059451002166,Leupp Chapter
040059450003122,Bodaway Chapter
040179400101019,Whippoorwill Chapter
040179423002037,Shonto Chapter
040179400113071,Piñon Chapter
040059422022062,Kaibeto Chapter
040059422012205,Coppermine Chapter
040179400111003,Tachee Chapter
040059422011026,LeChee Chapter
040059422021111,Inscription House Chapter
040059422012206,Coppermine Chapter
040179400113005,Piñon Chapter
040179400081107,Forest Lake Chapter
040179400153051,Dilcon Chapter
040179400082015,Hard Rock Chapter
040179400101033,Whippoorwill Chapter
040179425002013,Kayenta Chapter
040019450023016,Houck Chapter
040019427004006,Red Valley Chapter
040059422011121,Coppermine Chapter
040179424002034,Chilchinbeto Chapter
040179400152203,Bird Springs Chapter
040179425002027,Kayenta Chapter
040179400143023,Greasewood Chapter
040179400152134,Teesto Chapter
040059452001010,Tuba City Chapter
040059422012065,Coppermine Chapter
040019426001063,Dennehotso Chapter
040019449013001,Kinlichee Chapter
040019440001175,Nazlini Chapter
040019441005108,Lukachukai Chapter
040179400112093,Piñon Chapter
040019440001256,Fort Defiance Chapter
040019427001026,Teec Nos Pos Chapter
040019427001005,Teec Nos Pos Chapter
040059422012046,Coppermine Chapter
040179400081093,Forest Lake Chapter
040179400101028,Whippoorwill Chapter
040179424002078,Chilchinbeto Chapter
040179424001267,Shonto Chapter
040059422012010,Coppermine Chapter
040059449001010,Tuba City Chapter
040059450003065,Bodaway Chapter
040019427002097,Rock Point Chapter
040019449023154,Wide Ruins Chapter
040019441002091,Round Rock Chapter
040019441004003,Tsaile-Wheatfields Chapter
040059450001227,Cameron Chapter
040059422023059,Kaibeto Chapter
040019443021066,Nazlini Chapter
040019449013055,Ganado Chapter
040019449024095,Cornfields Chapter
040019449022012,Cornfields Chapter
040059450003017,Bodaway Chapter
040019450021097,Lupton Chapter
040019443012086,Black Mesa Chapter
040019427004018,Red Valley Chapter
040019449011005,Wide Ruins Chapter
040059451002153,Bird Springs Chapter
040019449014140,Klagetoh Chapter
040019450023047,Houck Chapter
040019443021030,Nazlini Chapter
040019427002128,Rock Point Chapter
040019427002202,Rock Point Chapter
040019427002207,Rock Point Chapter
040019450013020,St. Michaels Chapter
040019427002074,Mexican Water Chapter
040019440002019,Fort Defiance Chapter
040019449022070,Cornfields Chapter
040019449022072,Cornfields Chapter
040019449021188,Steamboat Chapter
040019427003044,Rock Point Chapter
040059422021122,LeChee Chapter
040059450001294,Cameron Chapter
040059422013038,Tonalea Chapter
040059422022053,Kaibeto Chapter
040059422022104,Kaibeto Chapter
040019450022087,St. Michaels Chapter
040019450023039,Houck Chapter
040179400103091,Piñon Chapter
040179400081034,Forest Lake Chapter
040059451004159,Coalmine Mesa Chapter
040059450003010,Bodaway Chapter
040059451003030,Tolani Lake Chapter
040059451001055,Leupp Chapter
040059451002044,Leupp Chapter
040019427002199,Rock Point Chapter
040019427001050,Beclabito Chapter
040019451002055,Nahatadziil Chapter
040179424001254,Shonto Chapter
040059422012068,Coppermine Chapter
040059422012064,Coppermine Chapter
040059451001008,Leupp Chapter
040059450003053,Bodaway Chapter
040059422013043,Tonalea Chapter
040059450001179,Bodaway Chapter
040059422022137,Kaibeto Chapter
040019449024141,Ganado Chapter
040059451002006,Bird Springs Chapter
040179400142000,Steamboat Chapter
040019442012115,Chinle Chapter
040019449011113,Klagetoh Chapter
040059450003050,Bodaway Chapter
040059450001262,Bodaway Chapter
040059451004242,Coalmine Mesa Chapter
040059422021095,Inscription House Chapter
040179425001011,Kayenta Chapter
040019427002022,Mexican Water Chapter
040019443012136,Tachee Chapter
040019442012101,Chinle Chapter
040179425003037,Kayenta Chapter
040019443021133,Nazlini Chapter
040179400141044,Greasewood Chapter
040019449021122,Steamboat Chapter
040019450021145,Lupton Chapter
040179400102041,Low Mountain Chapter
040179400151039,Indian Wells Chapter
040059422012130,Coppermine Chapter
040019443022097,Tselani Chapter
040019449021114,Steamboat Chapter
040019450022026,Kinlichee Chapter
040179424001247,Kayenta Chapter
040179400141009,Steamboat Chapter
040179423003077,Kayenta Chapter
040179423001046,Shonto Chapter
040019427004153,Red Valley Chapter
040179424001006,Oljato Chapter
040179400151056,Indian Wells Chapter
040179400132056,Jeddito Chapter
040179424001022,Kayenta Chapter
040179400141013,Greasewood Chapter
040179400142015,White Cone Chapter
040059422012203,Coppermine Chapter
040179400112095,Piñon Chapter
040059422021011,Navajo Mountain Chapter
040059450001232,Bodaway Chapter
040059450002062,Tuba City Chapter
040059422022061,Kaibeto Chapter
040019450023083,Houck Chapter
040019440002076,Fort Defiance Chapter
040059450002099,Tuba City Chapter
040179400152321,Dilcon Chapter
040019451002148,Nahatadziil Chapter
040019427004215,Cove Chapter
040019426001139,Chilchinbeto Chapter
040059451004026,Tuba City Chapter
040059422012078,Coppermine Chapter
040059422012075,Coppermine Chapter
040059450001096,Cameron Chapter
040019427002019,Mexican Water Chapter
040019443012009,Rough Rock Chapter
040019427002104,Rock Point Chapter
040019443021035,Nazlini Chapter
040019442022039,Chinle Chapter
040019442012055,Chinle Chapter
040019427002011,Mexican Water Chapter
040019426001021,Dennehotso Chapter
040019449014007,Kinlichee Chapter
040179400142119,Greasewood Chapter
040059422013099,Tonalea Chapter
040059450001127,Bodaway Chapter
040179400101024,Whippoorwill Chapter
040019449014214,Kinlichee Chapter
040019451001093,Nahatadziil Chapter
040019449013026,Ganado Chapter
040059422021074,Inscription House Chapter
040019443013053,Many Farms Chapter
040059422013014,Tonalea Chapter
040059452003009,Tuba City Chapter
040019441002057,Rock Point Chapter
040019427003091,Sweetwater Chapter
040019441002009,Rock Point Chapter
040019451002059,Nahatadziil Chapter
040059450001045,Bodaway Chapter
040059451002145,Bird Springs Chapter
040019441003111,Tsaile-Wheatfields Chapter
040019449013015,Ganado Chapter
040019427001065,Teec Nos Pos Chapter
040019443021152,Nazlini Chapter
040019449014031,Kinlichee Chapter
040019450023027,Houck Chapter
040019426001032,Dennehotso Chapter
040019450022099,St. Michaels Chapter
040019449014136,Klagetoh Chapter
040019450021039,Oak Springs Chapter
040019449023098,Wide Ruins Chapter
040019442023033,Chinle Chapter
040019441004074,Tsaile-Wheatfields Chapter
040019449024122,Ganado Chapter
040019440001102,Sawmill Chapter
040019443012070,Rough Rock Chapter
040019451002170,Nahatadziil Chapter
040019426001040,Dennehotso Chapter
040059422022101,Kaibeto Chapter
040059451001026,Leupp Chapter
040019450023084,Houck Chapter
040059451004184,Coalmine Mesa Chapter
040059450003096,Bodaway Chapter
040059450002096,Coalmine Mesa Chapter
040019449023075,Klagetoh Chapter
040019440001100,Crystal Chapter
040179424001184,Kayenta Chapter
040059452002003,Tuba City Chapter
040019449021012,Low Mountain Chapter
040019441002134,Round Rock Chapter
040019449014003,Kinlichee Chapter
040179400142085,White Cone Chapter
040179424002064,Chilchinbeto Chapter
040179424002138,Chilchinbeto Chapter
040019426001062,Dennehotso Chapter
040019440003043,St. Michaels Chapter
040019440003039,Fort Defiance Chapter
040019443011013,Many Farms Chapter
040059422011062,LeChee Chapter
040019443021086,Nazlini Chapter
040019426001100,Dennehotso Chapter
040059422011075,LeChee Chapter
040059450002016,Tuba City Chapter
040059422022077,Kaibeto Chapter
040059450003115,Bodaway Chapter
040059450003116,Bodaway Chapter
040059450003129,Bodaway Chapter
040059422013048,Tonalea Chapter
040179400141064,Greasewood Chapter
040179400081079,Forest Lake Chapter
040019442023008,Chinle Chapter
040019427003008,Sweetwater Chapter
040019443022170,Tselani Chapter
040059422011126,Kaibeto Chapter
040019440001218,Sawmill Chapter
040019440002065,Fort Defiance Chapter
040019450021043,Wide Ruins Chapter
040179424001089,Shonto Chapter
040179400151060,Indian Wells Chapter
040019443021097,Nazlini Chapter
040019426001046,Dennehotso Chapter
040059450003137,Bodaway Chapter
040059450001259,Cameron Chapter
040059451002065,Leupp Chapter
040019449014088,Kinlichee Chapter
040059422023093,Inscription House Chapter
040019443021051,Chinle Chapter
040019450021100,Oak Springs Chapter
040019450023109,Houck Chapter
040019449021112,Steamboat Chapter
040019443013088,Many Farms Chapter
040019427001036,Teec Nos Pos Chapter
040059422013129,Tonalea Chapter
040059422022043,Kaibeto Chapter
040179400152266,Bird Springs Chapter
040059450003059,Bodaway Chapter
040059422012132,Coppermine Chapter
040019450013025,St. Michaels Chapter
040019441004017,Tsaile-Wheatfields Chapter
040019449021019,Steamboat Chapter
040019449021034,Low Mountain Chapter
040019443022174,Tachee Chapter
040179400103040,Piñon Chapter
040179425003028,Kayenta Chapter
040179400153009,Dilcon Chapter
040179400151098,Indian Wells Chapter
040059452003008,Tuba City Chapter
040019426001207,Chilchinbeto Chapter
040179424001047,Oljato Chapter
040179424002130,Chilchinbeto Chapter
040179423002052,Shonto Chapter
040179400152018,Teesto Chapter
040179400152148,Dilcon Chapter
040179400143079,Indian Wells Chapter
040179424001040,Oljato Chapter
040179400152308,Dilcon Chapter
040059422023123,Tonalea Chapter
040059422013122,Tonalea Chapter
040059422012200,Coppermine Chapter
040179400103021,Piñon Chapter
040179400142011,White Cone Chapter
040019441002045,Round Rock Chapter
040019441002024,Round Rock Chapter
040059452003016,Tuba City Chapter
040179400152317,Dilcon Chapter
040179400152224,Dilcon Chapter
040179400152234,Bird Springs Chapter
040019449023111,Wide Ruins Chapter
040059449001008,Tuba City Chapter
040059422012311,Coppermine Chapter
040019449013007,Ganado Chapter
040179400082010,Hard Rock Chapter
040019427001047,Teec Nos Pos Chapter
040019450022101,St. Michaels Chapter
040019450012033,St. Michaels Chapter
040059422023087,Inscription House Chapter
040019427002099,Rock Point Chapter
040019450023061,Houck Chapter
040019450023062,Houck Chapter
040019427004176,Red Valley Chapter
040019449024123,Cornfields Chapter
040059450001137,Bodaway Chapter
040019442012083,Chinle Chapter
040019427001095,Teec Nos Pos Chapter
040059450001302,Cameron Chapter
040059422023071,Tonalea Chapter
040019443021074,Nazlini Chapter
040019443021017,Chinle Chapter
040019449024099,Ganado Chapter
040019426002025,Dennehotso Chapter
040059450001371,Cameron Chapter
040019443022028,Tselani Chapter
040019427002119,Sweetwater Chapter
040019440001108,Sawmill Chapter
040019443013051,Many Farms Chapter
040019450023049,Houck Chapter
040019450023096,Houck Chapter
040019427003020,Sweetwater Chapter
040019449014118,Klagetoh Chapter
040019449013022,Ganado Chapter
040019449011039,Klagetoh Chapter
040019449023169,Klagetoh Chapter
040019442022010,Chinle Chapter
040019427002220,Rock Point Chapter
040019441005091,Lukachukai Chapter
040019442011009,Chinle Chapter
040019449022102,Cornfields Chapter
040019449011029,Wide Ruins Chapter
040019427002055,Mexican Water Chapter
040059422021123,LeChee Chapter
040059450001291,Cameron Chapter
040059422022107,LeChee Chapter
040019450022048,St. Michaels Chapter
040019426001134,Dennehotso Chapter
040019449011027,Wide Ruins Chapter
040059451004154,Coalmine Mesa Chapter
040179400103093,Piñon Chapter
040179400081045,Forest Lake Chapter
040059449001026,Tuba City Chapter
040059451002178,Leupp Chapter
040019443012032,Rough Rock Chapter
040019441004091,Many Farms Chapter
040179400152258,Bird Springs Chapter
040179400152262,Bird Springs Chapter
040059451002124,Bird Springs Chapter
040019427004065,Red Valley Chapter
040019441002014,Rock Point Chapter
040019450012041,St. Michaels Chapter
040179400152112,Tolani Lake Chapter
040179400132003,Jeddito Chapter
040179400142078,White Cone Chapter
040179400152063,Tolani Lake Chapter
040019427004002,Beclabito Chapter
040019443021096,Nazlini Chapter
040019426002019,Dennehotso Chapter
040059422012067,Coppermine Chapter
040019443013044,Many Farms Chapter
040019427002135,Rock Point Chapter
040019442021004,Chinle Chapter
040019450023020,Houck Chapter
040019449013002,Ganado Chapter
040019449023048,Klagetoh Chapter
040059450001131,Bodaway Chapter
040179400153072,Dilcon Chapter
040179400141068,Greasewood Chapter
040019442023058,Chinle Chapter
040019443012019,Rough Rock Chapter
040019449024043,Steamboat Chapter
040019440003011,Fort Defiance Chapter
040019440001274,Fort Defiance Chapter
040019440001273,Fort Defiance Chapter
040019443022155,Tselani Chapter
040019450014006,St. Michaels Chapter
040019440001180,Sawmill Chapter
040179400141104,Greasewood Chapter
040179423003004,Shonto Chapter
040179424001152,Kayenta Chapter
040019443021057,Nazlini Chapter
040019427002179,Rock Point Chapter
040019449014206,Klagetoh Chapter
040059451002079,Leupp Chapter
040059451003067,Tolani Lake Chapter
040179400152005,Teesto Chapter
040019441005098,Lukachukai Chapter
040019440001034,Crystal Chapter
040019443021062,Nazlini Chapter
040019441004034,Tsaile-Wheatfields Chapter
040019441004002,Lukachukai Chapter
040019449021145,Steamboat Chapter
040019441005050,Lukachukai Chapter
040019449012028,Kinlichee Chapter
040059422013003,Tonalea Chapter
040019450021033,Oak Springs Chapter
040019443021134,Nazlini Chapter
040019440001059,Sawmill Chapter
040019427001102,Red Valley Chapter
040019449014040,Kinlichee Chapter
040019443012107,Chinle Chapter
040019443012116,Tachee Chapter
040019443022079,Tselani Chapter
040179400153018,Dilcon Chapter
040179400082083,Hard Rock Chapter
040059422012316,Coppermine Chapter
040179400112014,Tachee Chapter
040059451004280,Cameron Chapter
040059450002064,Tuba City Chapter
040059422013088,Tonalea Chapter
040059450002060,Tuba City Chapter
040179400101008,Tachee Chapter
040179423002011,Shonto Chapter
040179400152165,Dilcon Chapter
040179400132049,Jeddito Chapter
040179423003028,Navajo Mountain Chapter
040179424001142,Kayenta Chapter
040179400112046,Piñon Chapter
040059422011093,LeChee Chapter
040179400111029,Black Mesa Chapter
040179400081013,Forest Lake Chapter
040179424002099,Chilchinbeto Chapter
040179424002127,Chilchinbeto Chapter
040019442012124,Chinle Chapter
040019441002001,Red Valley Chapter
040019427004203,Cove Chapter
040059451003050,Tolani Lake Chapter
040059452002000,Tuba City Chapter
040059422012074,Coppermine Chapter
040019427002035,Mexican Water Chapter
040019449012058,Kinlichee Chapter
040019440001192,Sawmill Chapter
040019427002247,Rough Rock Chapter
040019449012061,Kinlichee Chapter
040019449012024,Kinlichee Chapter
040019450012000,St. Michaels Chapter
040059450002017,Tuba City Chapter
040179400153031,Dilcon Chapter
040059450002040,Tuba City Chapter
040179400152092,Teesto Chapter
040179400113011,Piñon Chapter
040019450023033,Houck Chapter
040019450022079,St. Michaels Chapter
040019441004044,Tsaile-Wheatfields Chapter
040059422012283,Coppermine Chapter
040019442022000,Many Farms Chapter
040019442022016,Chinle Chapter
040059449001032,Tuba City Chapter
040019449013067,Ganado Chapter
040059422022139,Inscription House Chapter
040019442021005,Chinle Chapter
040019441003094,Tsaile-Wheatfields Chapter
040019451001103,Nahatadziil Chapter
040019450023056,Houck Chapter
040019450023045,Houck Chapter
040019427002203,Rock Point Chapter
040019449013053,Ganado Chapter
040019442021001,Chinle Chapter
040019427002223,Rock Point Chapter
040019440001063,Sawmill Chapter
040019440001087,Sawmill Chapter
040019442012047,Chinle Chapter
040019442022044,Chinle Chapter
040019427001108,Sweetwater Chapter
040019442021035,Chinle Chapter
040050021011011,LeChee Chapter
040059450001332,Cameron Chapter
040059422021088,Inscription House Chapter
040059422021096,Inscription House Chapter
040059450001089,Cameron Chapter
040179400152251,Bird Springs Chapter
040179400112064,Piñon Chapter
040019450022001,St. Michaels Chapter
040179400132019,Jeddito Chapter
040179400142115,White Cone Chapter
040019449023109,Wide Ruins Chapter
040019443021048,Nazlini Chapter
040019440002038,Fort Defiance Chapter
040019443022185,Tselani Chapter
040059422013120,Tuba City Chapter
040019450021093,Oak Springs Chapter
040019449011031,Wide Ruins Chapter
040019426001035,Dennehotso Chapter
040059450003160,Bodaway Chapter
040179400152177,Dilcon Chapter
040019440002074,Fort Defiance Chapter
040059422022115,Kaibeto Chapter
040019449012091,Kinlichee Chapter
040019449023136,Wide Ruins Chapter
040059451004252,Coalmine Mesa Chapter
040059451002067,Leupp Chapter
040059451003075,Tolani Lake Chapter
040059451004170,Coalmine Mesa Chapter
040179400103044,Piñon Chapter
040179400143032,Greasewood Chapter
040179400143015,Greasewood Chapter
040179400081018,Forest Lake Chapter
040019443012059,Rough Rock Chapter
040019449022017,Cornfields Chapter
040059422012114,Coppermine Chapter
040019427002211,Rock Point Chapter
040179400113084,Piñon Chapter
040179424001068,Shonto Chapter
040179424002082,Chilchinbeto Chapter
040179423003109,Shonto Chapter
040179400113017,Piñon Chapter
040179400152295,Bird Springs Chapter
040059451004282,Cameron Chapter
040059451004155,Coalmine Mesa Chapter
040059450001064,Bodaway Chapter
040179424002046,Dennehotso Chapter
040179400142107,White Cone Chapter
040179400081048,Forest Lake Chapter
040179424002059,Chilchinbeto Chapter
040059422021009,Navajo Mountain Chapter
040059422023082,Tonalea Chapter
040059450002075,Bodaway Chapter
040179400143080,Indian Wells Chapter
040059450001243,Bodaway Chapter
040179400103073,Piñon Chapter
040019427004045,Red Valley Chapter
040059422012157,Coppermine Chapter
040179400143107,Greasewood Chapter
040179400142091,White Cone Chapter
040179400152154,Dilcon Chapter
040179424001201,Kayenta Chapter
040019450021058,Oak Springs Chapter
040019443012013,Rough Rock Chapter
040019443013000,Round Rock Chapter
040019451001046,Nahatadziil Chapter
040179425002011,Kayenta Chapter
040179423003009,Kayenta Chapter
040179424001114,Kayenta Chapter
040059449001009,Tuba City Chapter
040059451003034,Tolani Lake Chapter
040019449011059,Wide Ruins Chapter
040019450023110,Houck Chapter
040019427002206,Rock Point Chapter
040019441005073,Lukachukai Chapter
040059422012256,Tuba City Chapter
040019441005080,Lukachukai Chapter
040019426002010,Dennehotso Chapter
040019443022111,Tselani Chapter
040059451004077,Coalmine Mesa Chapter
040019449021081,Jeddito Chapter
040019443012022,Rough Rock Chapter
040059422023048,Kaibeto Chapter
040019441002129,Round Rock Chapter
040059451002149,Bird Springs Chapter
040019441003095,Tsaile-Wheatfields Chapter
040019440001152,Nazlini Chapter
040019441001023,Lukachukai Chapter
040019426001068,Dennehotso Chapter
040019449014053,Kinlichee Chapter
040019442022026,Chinle Chapter
040019443022036,Tselani Chapter
040019441004061,Tsaile-Wheatfields Chapter
040019451001015,Nahatadziil Chapter
040059422013029,Tonalea Chapter
040059422022086,Kaibeto Chapter
040059450003169,Bodaway Chapter
040059450001173,Bodaway Chapter
040019449011053,Wide Ruins Chapter
040179423001004,Kayenta Chapter
040059422011118,Coppermine Chapter
040059451003029,Tolani Lake Chapter
040059451001088,Leupp Chapter
040179400102018,Low Mountain Chapter
040019443022143,Tselani Chapter
040019441003035,Tsaile-Wheatfields Chapter
040179400152263,Bird Springs Chapter
040179424002009,Dennehotso Chapter
040019427003088,Sweetwater Chapter
040019441002086,Round Rock Chapter
040019450022057,St. Michaels Chapter
040179424001066,Kayenta Chapter
040179400151026,Indian Wells Chapter
040019449022033,Greasewood Chapter
040059422012066,Coppermine Chapter
040019443013040,Many Farms Chapter
040019442023026,Chinle Chapter
040059449001029,Tuba City Chapter
040059422012069,Coppermine Chapter
040059451001097,Leupp Chapter
040059422013071,Tonalea Chapter
040059450001376,Cameron Chapter
040019449024119,Cornfields Chapter
040019449022131,Greasewood Chapter
040019449021128,Steamboat Chapter
040059422013092,Tonalea Chapter
040059422013114,Tonalea Chapter
040059422023086,Tonalea Chapter
040059450001066,Bodaway Chapter
040059422013064,Tuba City Chapter
040059450001238,Bodaway Chapter
040179400081063,Black Mesa Chapter
040179400081073,Black Mesa Chapter
040019449012021,Kinlichee Chapter
040019440001270,Fort Defiance Chapter
040019443022154,Tselani Chapter
040019450014000,St. Michaels Chapter
040179400141103,Greasewood Chapter
040059422012281,Coppermine Chapter
040019442012116,Chinle Chapter
040019443021132,Nazlini Chapter
040019449022136,Greasewood Chapter
040019450014012,St. Michaels Chapter
040019450014010,St. Michaels Chapter
040059422013010,Tonalea Chapter
040050022013351,Cameron Chapter
040059422012293,Coppermine Chapter
040019449024115,Ganado Chapter
040019449023056,Klagetoh Chapter
040019440002062,Fort Defiance Chapter
040019449013088,Ganado Chapter
040019427003058,Sweetwater Chapter
040179400143012,Greasewood Chapter
040179400141061,Greasewood Chapter
040179400102050,Low Mountain Chapter
040179400152184,Dilcon Chapter
040179424001147,Kayenta Chapter
040059451001046,Leupp Chapter
040179400153037,Dilcon Chapter
040179424002133,Kayenta Chapter
040059451002089,Leupp Chapter
040059422013019,Tonalea Chapter
040059422012306,Coppermine Chapter
040059422012092,Coppermine Chapter
040179424001168,Kayenta Chapter
040179400082035,Hard Rock Chapter
040059450001147,Bodaway Chapter
040179400142124,White Cone Chapter
040179400142037,White Cone Chapter
040179400113048,Hard Rock Chapter
040179425003042,Kayenta Chapter
040019450023089,Houck Chapter
040059422012021,Coppermine Chapter
040179400101011,Whippoorwill Chapter
040179424002051,Chilchinbeto Chapter
040179400141122,Indian Wells Chapter
040059450002037,Tuba City Chapter
040059422012173,Coppermine Chapter
040019443011025,Many Farms Chapter
040019427002007,Red Mesa Chapter
040019450022010,St. Michaels Chapter
040059451003066,Leupp Chapter
040179400081108,Forest Lake Chapter
040179400113060,Hard Rock Chapter
040179423003121,Kayenta Chapter
040179424002071,Chilchinbeto Chapter
040019449011044,Wide Ruins Chapter
040019450021153,Oak Springs Chapter
040019441002166,Round Rock Chapter
040059450002008,Tuba City Chapter
040019440001254,Fort Defiance Chapter
040019443011063,Many Farms Chapter
040019449014096,Kinlichee Chapter
040019449012070,Kinlichee Chapter
040019449012149,Kinlichee Chapter
040019451001013,Lupton Chapter
040019427002243,Rock Point Chapter
040019427003109,Sweetwater Chapter
040059422023050,Kaibeto Chapter
040019449013012,Ganado Chapter
040019427004025,Red Valley Chapter
040019440001153,Nazlini Chapter
040019449021126,Steamboat Chapter
040019442012046,Chinle Chapter
040019441004116,Tsaile-Wheatfields Chapter
040019440002047,Fort Defiance Chapter
040019449014184,Wide Ruins Chapter
040019442021036,Chinle Chapter
040019427002150,Rock Point Chapter
040059450001292,Cameron Chapter
040059422022094,Kaibeto Chapter
040059422023075,Tonalea Chapter
040179400081010,Forest Lake Chapter
040179400081032,Forest Lake Chapter
040059450003002,Bodaway Chapter
040059422011127,Kaibeto Chapter
040059422011108,Coppermine Chapter
040059449001037,Tuba City Chapter
040019443013069,Many Farms Chapter
040179424002006,Dennehotso Chapter
040179424001176,Kayenta Chapter
040059451002109,Leupp Chapter
040019427002172,Rock Point Chapter
040179400142081,White Cone Chapter
040179400151029,Indian Wells Chapter
040179400082050,Hard Rock Chapter
040059422011102,Coppermine Chapter
040019442012134,Chinle Chapter
040059450002052,Tuba City Chapter
040059422011069,Coppermine Chapter
040059422012184,Coppermine Chapter
040019441003091,Tsaile-Wheatfields Chapter
040019450023021,Houck Chapter
040019449011065,Wide Ruins Chapter
040059450002027,Tuba City Chapter
040059450003159,Bodaway Chapter
040059450001026,Bodaway Chapter
040059422022038,Kaibeto Chapter
040019450014003,St. Michaels Chapter
040019450011014,St. Michaels Chapter
040059422021036,Inscription House Chapter
040019440001186,Sawmill Chapter
040019440001179,Sawmill Chapter
040019450014035,St. Michaels Chapter
040019449014120,Klagetoh Chapter
040179425003006,Kayenta Chapter
040179424001080,Shonto Chapter
040179424001044,Oljato Chapter
040019449023072,Klagetoh Chapter
040019451002021,Nahatadziil Chapter
040059451002194,Leupp Chapter
040059450003126,Bodaway Chapter
040059451004287,Cameron Chapter
040059451004291,Cameron Chapter
040019440001288,Sawmill Chapter
040019449024010,Steamboat Chapter
040019440001155,Nazlini Chapter
040019441003022,Tsaile-Wheatfields Chapter
040019427003030,Sweetwater Chapter
040019443021055,Nazlini Chapter
040019449014103,Klagetoh Chapter
040019426001136,Chilchinbeto Chapter
040019449014192,Klagetoh Chapter
040019449022002,Cornfields Chapter
040019449013052,Ganado Chapter
040019441002157,Round Rock Chapter
040019449012095,Kinlichee Chapter
040019449014037,Kinlichee Chapter
040019443012133,Tachee Chapter
040019443011006,Many Farms Chapter
040019443022176,Tachee Chapter
040019443022041,Tselani Chapter
040019443022044,Tselani Chapter
040179400081105,Forest Lake Chapter
040179400082057,Hard Rock Chapter
040179400142027,White Cone Chapter
040179425001009,Kayenta Chapter
040019441002071,Round Rock Chapter
040179423003047,Navajo Mountain Chapter
040179400152284,Bird Springs Chapter
040179424001081,Kayenta Chapter
040059422013110,Tonalea Chapter
040059450002046,Tuba City Chapter
040059452003002,Tuba City Chapter
040059422022054,Kaibeto Chapter
040179400103009,Piñon Chapter
040179424002037,Dennehotso Chapter
040179423003011,Shonto Chapter
040179400081098,Forest Lake Chapter
040179400142014,White Cone Chapter
040179425002040,Kayenta Chapter
040179400113059,Hard Rock Chapter
040179400141050,Greasewood Chapter
040059422012017,Coppermine Chapter
040059422021000,Navajo Mountain Chapter
040179400152221,Dilcon Chapter
040179400142035,White Cone Chapter
040019442023021,Chinle Chapter
040019443012163,Chinle Chapter
040019427001092,Sweetwater Chapter
040059451004265,Coalmine Mesa Chapter
040059450003009,Bodaway Chapter
040059451003047,Tolani Lake Chapter
040179400141012,Greasewood Chapter
040019442012025,Chinle Chapter
040019449013006,Ganado Chapter
040019443012008,Rough Rock Chapter
040179400152036,Teesto Chapter
040179400152133,Teesto Chapter
040019426001015,Dennehotso Chapter
040019427004062,Red Valley Chapter
040019449014050,Kinlichee Chapter
040019450022004,St. Michaels Chapter
040019451001048,Nahatadziil Chapter
040179400151062,Indian Wells Chapter
040179424001111,Kayenta Chapter
040179400152013,Teesto Chapter
040179400151036,Indian Wells Chapter
040179400151043,Indian Wells Chapter
040019426001105,Dennehotso Chapter
040019443012045,Rough Rock Chapter
040019451002152,Nahatadziil Chapter
040059422013002,Tonalea Chapter
040059450002061,Tuba City Chapter
040019449012001,Kinlichee Chapter
040059450003089,Bodaway Chapter
040019449021101,Steamboat Chapter
040019427003069,Sweetwater Chapter
040019427003076,Sweetwater Chapter
040019441002021,Round Rock Chapter
040019449013048,Ganado Chapter
040019449012073,Kinlichee Chapter
040019449021007,Low Mountain Chapter
040019443011081,Many Farms Chapter
040019440001082,Sawmill Chapter
040019427002200,Rock Point Chapter
040019442022033,Chinle Chapter
040019440003009,Fort Defiance Chapter
040019440002025,Fort Defiance Chapter
040019427004171,Sanostee Chapter
040019426001028,Dennehotso Chapter
040019442022035,Chinle Chapter
040019443021149,Nazlini Chapter
040019427002136,Rock Point Chapter
040019451001111,Nahatadziil Chapter
040019427002094,Rock Point Chapter
040059422013037,Tonalea Chapter
040059422011023,LeChee Chapter
040059451004103,Coalmine Mesa Chapter
040179400081033,Forest Lake Chapter
040059451002179,Leupp Chapter
040059451003082,Tolani Lake Chapter
040059422012219,Kaibeto Chapter
040059450001072,Bodaway Chapter
040179400112088,Piñon Chapter
040179400112080,Piñon Chapter
040059422013096,Tonalea Chapter
040019443021044,Chinle Chapter
040179400082049,Hard Rock Chapter
040019427004224,Red Valley Chapter
040019427001070,Teec Nos Pos Chapter
040019427004003,Beclabito Chapter
040019440002039,Fort Defiance Chapter
040019443012005,Many Farms Chapter
040059422013121,Tonalea Chapter
040059450002038,Tuba City Chapter
040059450001129,Bodaway Chapter
040059422011078,LeChee Chapter
040059422011106,Coppermine Chapter
040059422011098,LeChee Chapter
040019427003003,Sweetwater Chapter
040019450014036,St. Michaels Chapter
040059422013095,Tonalea Chapter
040059450003154,Bodaway Chapter
040059450003156,Bodaway Chapter
040059422012239,Coppermine Chapter
040019440003017,Fort Defiance Chapter
040019443022163,Nazlini Chapter
040179400132025,Jeddito Chapter
040019426001168,Dennehotso Chapter
040059451002033,Leupp Chapter
040059422012161,Coppermine Chapter
040179400142032,White Cone Chapter
040019449014178,Klagetoh Chapter
040019442012097,Chinle Chapter
040019443012153,Tselani Chapter
040179400103095,Piñon Chapter
040059451002132,Bird Springs Chapter
040019449021003,Low Mountain Chapter
040019451001091,Nahatadziil Chapter
040059422023118,Shonto Chapter
040059449003004,Tuba City Chapter
040019427003065,Sweetwater Chapter
040019449024078,Cornfields Chapter
040019449013084,Ganado Chapter
040019441004103,Tsaile-Wheatfields Chapter
040019443021026,Chinle Chapter
040179400153028,Dilcon Chapter
040179400103011,Piñon Chapter
040059450001224,Cameron Chapter
040019441005111,Lukachukai Chapter
040019426001183,Chilchinbeto Chapter
040179400152280,Bird Springs Chapter
040179400152214,Dilcon Chapter
040059450002092,Tuba City Chapter
040179400113032,Hard Rock Chapter
040059450001151,Bodaway Chapter
040179400152022,Teesto Chapter
040179424002028,Dennehotso Chapter
040179424002025,Chilchinbeto Chapter
040179400151005,White Cone Chapter
040179424001069,Kayenta Chapter
040179400112057,Tachee Chapter
040179400141073,Greasewood Chapter
040179424001144,Kayenta Chapter
040059422011017,LeChee Chapter
040059422013015,Tonalea Chapter
040179400112058,Piñon Chapter
040059451004263,Bodaway Chapter
040059450001146,Bodaway Chapter
040059450001142,Bodaway Chapter
040179424001233,Kayenta Chapter
040019450023014,Houck Chapter
040019451002079,Nahatadziil Chapter
040019427001080,Teec Nos Pos Chapter
040059422012156,Coppermine Chapter
040059450003180,Bodaway Chapter
040179424002049,Chilchinbeto Chapter
040179400152231,Dilcon Chapter
040179400152202,Bird Springs Chapter
040019449011096,Wide Ruins Chapter
040059450003030,Bodaway Chapter
040019450013036,St. Michaels Chapter
040019449012032,Kinlichee Chapter
040019440001235,Fort Defiance Chapter
040019443013085,Many Farms Chapter
040179400101001,Tachee Chapter
040019426002049,Dennehotso Chapter
040059422013098,Tonalea Chapter
040059422012158,Coppermine Chapter
040179400152274,Bird Springs Chapter
040179400143003,Greasewood Chapter
040059450002086,Tuba City Chapter
040059422013062,Tuba City Chapter
040179400152061,Teesto Chapter
040019441002047,Round Rock Chapter
040019450021075,Oak Springs Chapter
040019427004175,Red Valley Chapter
040019449014152,Klagetoh Chapter
040019449021208,Steamboat Chapter
040019443012002,Rough Rock Chapter
040019442022018,Chinle Chapter
040019443013080,Many Farms Chapter
040059451002141,Bird Springs Chapter
040059451001041,Leupp Chapter
040059451001027,Leupp Chapter
040059450001130,Bodaway Chapter
040059450003014,Bodaway Chapter
040019441003116,Tsaile-Wheatfields Chapter
040019441003030,Tsaile-Wheatfields Chapter
040019449012060,Kinlichee Chapter
040019443012035,Rough Rock Chapter
040019440001037,Sawmill Chapter
040019450021134,Lupton Chapter
040019451001003,Lupton Chapter
040019451002137,Nahatadziil Chapter
040019441003117,Tsaile-Wheatfields Chapter
040019427003089,Sweetwater Chapter
040059422012121,Coppermine Chapter
040059450001270,Cameron Chapter
040019441003099,Tsaile-Wheatfields Chapter
040019443022026,Tselani Chapter
040019441002032,Sweetwater Chapter
040019443013015,Many Farms Chapter
040019449021048,Jeddito Chapter
040019449024052,Ganado Chapter
040019441004100,Tsaile-Wheatfields Chapter
040019440003006,Fort Defiance Chapter
040019440003007,Fort Defiance Chapter
040019426001024,Dennehotso Chapter
040019427002057,Mexican Water Chapter
040019426001047,Dennehotso Chapter
040059451003012,Tolani Lake Chapter
040059450001275,Cameron Chapter
040059450002087,Tuba City Chapter
040059422013040,Tonalea Chapter
040059422013054,Tonalea Chapter
040059422012244,Coppermine Chapter
040059450001364,Cameron Chapter
040179400141015,Greasewood Chapter
040179400112094,Forest Lake Chapter
040059422012267,Tuba City Chapter
040059451003021,Tolani Lake Chapter
040059451003126,Tolani Lake Chapter
040059451003028,Tolani Lake Chapter
040059451001074,Leupp Chapter
040059451002192,Leupp Chapter
040059422012223,Kaibeto Chapter
040059422012196,Coppermine Chapter
040059422012188,Coppermine Chapter
040059422011136,LeChee Chapter
040059422022031,Kaibeto Chapter
040019427002039,Red Mesa Chapter
040019442012033,Chinle Chapter
040059450001354,Cameron Chapter
040059450001351,Cameron Chapter
040059450001357,Cameron Chapter
040019449022008,Cornfields Chapter
040019443021034,Nazlini Chapter
040179423003045,Inscription House Chapter
040179424001058,Kayenta Chapter
040179400151072,Indian Wells Chapter
040019427004142,Red Valley Chapter
040019427001100,Teec Nos Pos Chapter
040019427004035,Red Valley Chapter
040019449023043,Klagetoh Chapter
040019442023010,Chinle Chapter
040059422012264,Tuba City Chapter
040019451002120,Nahatadziil Chapter
040019441002138,Round Rock Chapter
040019427004021,Red Valley Chapter
040059422012240,Coppermine Chapter
040059422022007,Kaibeto Chapter
040179400081085,Black Mesa Chapter
040019443022150,Tselani Chapter
040019443022077,Tselani Chapter
040059422021023,Navajo Mountain Chapter
040019449012129,Kinlichee Chapter
040179424002120,Chilchinbeto Chapter
040179424002043,Chilchinbeto Chapter
040019449023084,Wide Ruins Chapter
040019449023126,Wide Ruins Chapter
040019450021056,Oak Springs Chapter
040059451002168,Leupp Chapter
040019449023030,Klagetoh Chapter
040019449014073,Kinlichee Chapter
040019442012112,Chinle Chapter
040019443012151,Tachee Chapter
040059422013094,Tonalea Chapter
040059451002000,Bird Springs Chapter
040059451002007,Bird Springs Chapter
040059422023098,Shonto Chapter
040179423003017,Shonto Chapter
040019443021045,Chinle Chapter
040019440001185,Sawmill Chapter
040019449021105,Steamboat Chapter
040059422012175,Coppermine Chapter
040059422023111,Tonalea Chapter
040059422023051,Kaibeto Chapter
040179400143113,Indian Wells Chapter
040019449023173,Cornfields Chapter
040019450022047,St. Michaels Chapter
040019443021002,Chinle Chapter
040019449021052,Steamboat Chapter
040019449014094,Kinlichee Chapter
040019449014035,Kinlichee Chapter
040179400103013,Piñon Chapter
040179400082081,Hard Rock Chapter
040179400102021,Low Mountain Chapter
040179400142022,White Cone Chapter
040059451003090,Tolani Lake Chapter
040179400112063,Piñon Chapter
040179400151017,White Cone Chapter
040179423002019,Shonto Chapter
040179400141001,Steamboat Chapter
040059450002071,Tuba City Chapter
040179400113072,Piñon Chapter
040019450021159,Oak Springs Chapter
040019441002167,Many Farms Chapter
040019451001055,Nahatadziil Chapter
040019427001081,Teec Nos Pos Chapter
040059422021069,Inscription House Chapter
040179423002032,Inscription House Chapter
040179425001007,Kayenta Chapter
040179400152323,Dilcon Chapter
040059452001007,Tuba City Chapter
040059451004257,Coalmine Mesa Chapter
040019442023052,Chinle Chapter
040019426002021,Dennehotso Chapter
040019449012087,Kinlichee Chapter
040179400152287,Bird Springs Chapter
040179400151088,Dilcon Chapter
040059450003141,Bodaway Chapter
040179400102025,Low Mountain Chapter
040179424002143,Chilchinbeto Chapter
040059450002065,Tuba City Chapter
040019450021151,Oak Springs Chapter
040019449024068,Ganado Chapter
040019440001074,Sawmill Chapter
040059422023064,Tonalea Chapter
040059451004260,Coalmine Mesa Chapter
040019440001011,Crystal Chapter
040019450022014,St. Michaels Chapter
040019449013068,Ganado Chapter
040019443012087,Black Mesa Chapter
040059450003142,Bodaway Chapter
040059450003094,Bodaway Chapter
040019442021024,Chinle Chapter
040019440001095,Sawmill Chapter
040019449014026,Kinlichee Chapter
040019426001064,Dennehotso Chapter
040019427002271,Teec Nos Pos Chapter
040019449023114,Wide Ruins Chapter
040019449023120,Wide Ruins Chapter
040019449013034,Ganado Chapter
040019426002002,Dennehotso Chapter
040019440002036,Fort Defiance Chapter
040019440002015,Fort Defiance Chapter
040019449021191,Steamboat Chapter
040019441005027,Lukachukai Chapter
040019450022068,St. Michaels Chapter
040059422022041,Kaibeto Chapter
040059450003118,Bodaway Chapter
040179400082009,Hard Rock Chapter
040059450003091,Bodaway Chapter
040059451003017,Tolani Lake Chapter
040059451002138,Bird Springs Chapter
040059451003079,Tolani Lake Chapter
040059422012197,Coppermine Chapter
040059450003021,Bodaway Chapter
040019449013039,Ganado Chapter
040179424001179,Kayenta Chapter
040059422013105,Tonalea Chapter
040059450001355,Cameron Chapter
040179400142023,White Cone Chapter
040019450011019,St. Michaels Chapter
040019442023071,Chinle Chapter
040179400151057,Indian Wells Chapter
040019426001107,Dennehotso Chapter
040019443013021,Many Farms Chapter
040059422012040,Coppermine Chapter
040019426001196,Dennehotso Chapter
040059450002045,Tuba City Chapter
040059451004412,Tuba City Chapter
040059422011074,Coppermine Chapter
040059422012171,Coppermine Chapter
040019440001250,Red Lake Chapter
040019427001111,Teec Nos Pos Chapter
040019441002165,Round Rock Chapter
040059450002005,Tuba City Chapter
040059422012213,Kaibeto Chapter
040059450001043,Bodaway Chapter
040179423001040,Kayenta Chapter
040019427004123,Red Valley Chapter
040059451003108,Tolani Lake Chapter
040019440001271,Fort Defiance Chapter
040019440001190,Sawmill Chapter
040179423001053,Kayenta Chapter
040019450013037,St. Michaels Chapter
040059450003069,Bodaway Chapter
040059451002058,Leupp Chapter
040059450003167,Bodaway Chapter
040059451004297,Coalmine Mesa Chapter
040059451004279,Cameron Chapter
040059451003039,Tolani Lake Chapter
040059451004197,Coalmine Mesa Chapter
040019443012098,Tachee Chapter
040019443011091,Many Farms Chapter
040019440001172,Sawmill Chapter
040019450022077,St. Michaels Chapter
040019426001173,Chilchinbeto Chapter
040019443021128,Kinlichee Chapter
040059422011001,LeChee Chapter
040059422012176,Coppermine Chapter
040059451004414,Coalmine Mesa Chapter
040019449023005,Klagetoh Chapter
040019449014194,Klagetoh Chapter
040019449022113,Klagetoh Chapter
040019449022132,Klagetoh Chapter
040019427002256,Rock Point Chapter
040019441005113,Round Rock Chapter
040019449021056,Steamboat Chapter
040019449021062,Steamboat Chapter
040019449012077,Kinlichee Chapter
040019443012018,Rough Rock Chapter
040179400113093,Piñon Chapter
040179400151003,White Cone Chapter
040179400112015,Tachee Chapter
040019441002104,Round Rock Chapter
040019427004152,Cove Chapter
040179424001045,Oljato Chapter
040179424001031,Oljato Chapter
040059450001092,Cameron Chapter
040059422012041,Coppermine Chapter
040179423002016,Shonto Chapter
040059450001148,Bodaway Chapter
040059450001172,Bodaway Chapter
040179400081094,Forest Lake Chapter
040179400152006,Teesto Chapter
040059450001336,Cameron Chapter
040059422023076,Tonalea Chapter
040059422013075,Tonalea Chapter
040059422023003,Inscription House Chapter
040179400142129,White Cone Chapter
040179400142026,White Cone Chapter
040179400143097,Indian Wells Chapter
040059451004261,Bodaway Chapter
040059450001117,Bodaway Chapter
040179400153077,Dilcon Chapter
040019441002136,Lukachukai Chapter
040019442023030,Chinle Chapter
040179400111025,Tachee Chapter
040179400142042,White Cone Chapter
040179400152157,Dilcon Chapter
040179424001269,Kayenta Chapter
040019427004015,Red Valley Chapter
040019427004022,Red Valley Chapter
040179400081095,Forest Lake Chapter
040179400141098,Greasewood Chapter
040179400103061,Piñon Chapter
040179400113046,Hard Rock Chapter
040059451004102,Coalmine Mesa Chapter
040019450023068,Houck Chapter
040019441005033,Red Valley Chapter
040019440003019,Fort Defiance Chapter
040019449013102,Ganado Chapter
040019449022020,Steamboat Chapter
040019443012040,Rough Rock Chapter
040059422012230,Kaibeto Chapter
040019442012071,Chinle Chapter
040059451002142,Bird Springs Chapter
040059451002135,Bird Springs Chapter
040059451002140,Bird Springs Chapter
040019441003034,Tsaile-Wheatfields Chapter
040019441003062,Tsaile-Wheatfields Chapter
040019443021148,Nazlini Chapter
040019449021086,Jeddito Chapter
040019449012066,Kinlichee Chapter
040019449024096,Cornfields Chapter
040059450001301,Cameron Chapter
040059450001253,Bodaway Chapter
040059422022111,Kaibeto Chapter
040019450014007,St. Michaels Chapter
040019449012085,Kinlichee Chapter
040019441001006,Lukachukai Chapter
040019441005095,Lukachukai Chapter
040019443013030,Many Farms Chapter
040019426001141,Dennehotso Chapter
040019427002216,Rock Point Chapter
040019702021112,Nahatadziil Chapter
040019440002070,Fort Defiance Chapter
040019441005092,Tsaile-Wheatfields Chapter
040019441002002,Sweetwater Chapter
040019449021146,Steamboat Chapter
040019449021147,Steamboat Chapter
040019443012160,Chinle Chapter
040059422023129,Tonalea Chapter
040059450003184,Bodaway Chapter
040059450001337,Cameron Chapter
040059450003081,Bodaway Chapter
040059422022027,Kaibeto Chapter
040059422021129,LeChee Chapter
040019450023004,Houck Chapter
040019443013063,Many Farms Chapter
040019440001091,Sawmill Chapter
040179424001195,Kayenta Chapter
040059450001256,Cameron Chapter
040019427002250,Rock Point Chapter
040019427002084,Mexican Water Chapter
040019441005093,Lukachukai Chapter
040019427002167,Rock Point Chapter
040179400152099,Teesto Chapter
040019426001016,Dennehotso Chapter
040059422011072,Coppermine Chapter
040059422021101,Inscription House Chapter
040019442023013,Chinle Chapter
040019426001096,Dennehotso Chapter
040059450003013,Bodaway Chapter
040059450002105,Tuba City Chapter
040059422021107,LeChee Chapter
040019451001050,Nahatadziil Chapter
040059450003148,Bodaway Chapter
040059422022035,Kaibeto Chapter
040059422022010,Kaibeto Chapter
040179400153062,Dilcon Chapter
040179400112004,Black Mesa Chapter
040019449024031,Ganado Chapter
040019440001234,Fort Defiance Chapter
040019450011012,St. Michaels Chapter
040059422021026,Navajo Mountain Chapter
040059451002017,Leupp Chapter
040019443022153,Tselani Chapter
040019427003004,Sweetwater Chapter
040019443022084,Tselani Chapter
040019427002134,Rock Point Chapter
040059451004273,Cameron Chapter
040059451001084,Leupp Chapter
040059450002089,Tuba City Chapter
040059451004292,Cameron Chapter
040059422012280,Coppermine Chapter
040019443012004,Many Farms Chapter
040019443011016,Many Farms Chapter
040019443022119,Tselani Chapter
040019449014101,Kinlichee Chapter
040019443011012,Many Farms Chapter
040019451002168,Nahatadziil Chapter
040019450011018,St. Michaels Chapter
040019443021076,Nazlini Chapter
040019443021070,Nazlini Chapter
040019443021109,Nazlini Chapter
040019440001032,Crystal Chapter
040019450021124,Lupton Chapter
040019427002274,Teec Nos Pos Chapter
040019440003004,Fort Defiance Chapter
040019443021129,Nazlini Chapter
040059451004067,Tuba City Chapter
040059449003000,Tuba City Chapter
040179400152126,Dilcon Chapter
040019441005014,Round Rock Chapter
040019449023059,Klagetoh Chapter
040059422012100,Coppermine Chapter
040019441002169,Round Rock Chapter
040019440001038,Chinle Chapter
040179400102042,Low Mountain Chapter
040179400112037,Piñon Chapter
040179423003125,Shonto Chapter
040179400132000,Jeddito Chapter
040179400153016,Dilcon Chapter
040179400152160,Dilcon Chapter
040179424001010,Oljato Chapter
040179425002031,Kayenta Chapter
040179424002085,Chilchinbeto Chapter
040059422011013,LeChee Chapter
040059450003041,Bodaway Chapter
040179400152254,Bird Springs Chapter
040179423003019,Navajo Mountain Chapter
040179423002035,Shonto Chapter
040179424002038,Dennehotso Chapter
040179400151070,Indian Wells Chapter
040179400141075,Indian Wells Chapter
040179400143071,Greasewood Chapter
040179400141002,Steamboat Chapter
040179400153063,Dilcon Chapter
040179400142025,White Cone Chapter
040179400143060,Indian Wells Chapter
040059450001241,Bodaway Chapter
040179425003022,Kayenta Chapter
040019450021026,Oak Springs Chapter
040019427003107,Sweetwater Chapter
040019441004019,Tsaile-Wheatfields Chapter
040059451001013,Coalmine Mesa Chapter
040179424002041,Dennehotso Chapter
040179424002018,Kayenta Chapter
040019427002078,Mexican Water Chapter
040019427002231,Rock Point Chapter
040019442023056,Chinle Chapter
040059422012277,Coppermine Chapter
040179400143126,Indian Wells Chapter
040179424002067,Chilchinbeto Chapter
040179425003041,Kayenta Chapter
040179425002012,Kayenta Chapter
040179424001103,Shonto Chapter
040059451001104,Leupp Chapter
040179400113003,Piñon Chapter
040019449023161,Wide Ruins Chapter
040019449024081,Ganado Chapter
040059450001039,Bodaway Chapter
040059422023070,Tonalea Chapter
040019441003101,Tsaile-Wheatfields Chapter
040019427004064,Cove Chapter
040059450001247,Bodaway Chapter
040059450001246,Bodaway Chapter
040019443022054,Tselani Chapter
040019449012153,Kinlichee Chapter
040019450021046,Klagetoh Chapter
040019449012048,Kinlichee Chapter
040019449011008,Wide Ruins Chapter
040019426001037,Dennehotso Chapter
040019427002112,Rock Point Chapter
040059422013047,Tonalea Chapter
040059422023029,Tonalea Chapter
040059422021092,Inscription House Chapter
040179400082005,Hard Rock Chapter
040059451004245,Coalmine Mesa Chapter
040059451001087,Leupp Chapter
040059422022033,Kaibeto Chapter
040059422021124,LeChee Chapter
040059422022023,LeChee Chapter
040019440001000,Crystal Chapter
040059449003001,Tuba City Chapter
040059449001030,Tuba City Chapter
040019427002001,Teec Nos Pos Chapter
040059450001340,Cameron Chapter
040179400111027,Piñon Chapter
040179400142079,White Cone Chapter
040179424001243,Kayenta Chapter
040179400151053,Indian Wells Chapter
040019427001084,Teec Nos Pos Chapter
040019442023064,Chinle Chapter
040019443021050,Chinle Chapter
040059452002006,Tuba City Chapter
040059422012185,Coppermine Chapter
040019451001102,Nahatadziil Chapter
040019449022129,Greasewood Chapter
040019449021131,Steamboat Chapter
040019440002031,Fort Defiance Chapter
040019449014205,Klagetoh Chapter
040019449023143,Wide Ruins Chapter
040019443021121,Nazlini Chapter
040019443012024,Rough Rock Chapter
040059451002196,Leupp Chapter
040059451001033,Leupp Chapter
040059422023025,Tonalea Chapter
040019440001140,Sawmill Chapter
040019427001096,Teec Nos Pos Chapter
040019441002128,Many Farms Chapter
040019442012051,Chinle Chapter
040059451002002,Bird Springs Chapter
040019450021067,Oak Springs Chapter
040019441003108,Tsaile-Wheatfields Chapter
040059422023114,Shonto Chapter
040179400141054,Greasewood Chapter
040019427002105,Rock Point Chapter
040019449023067,Klagetoh Chapter
040059450003029,Bodaway Chapter
040059422012131,Coppermine Chapter
040019440003030,Fort Defiance Chapter
040179400143153,Indian Wells Chapter
040179424001124,Kayenta Chapter
040179400152255,Dilcon Chapter
040059451002162,Leupp Chapter
040059451002155,Leupp Chapter
040179423002050,Shonto Chapter
040179423003006,Kayenta Chapter
040179400113044,Piñon Chapter
040179400102052,Jeddito Chapter
040179400141048,Steamboat Chapter
040179400152176,Dilcon Chapter
040059422012007,Coppermine Chapter
040059422012015,Coppermine Chapter
040059422011092,LeChee Chapter
040179400112021,Piñon Chapter
040179400143001,Greasewood Chapter
040179400082075,Hard Rock Chapter
040019442012010,Chinle Chapter
040179400111007,Tachee Chapter
040019451002011,Houck Chapter
040059449003003,Tuba City Chapter
040059449003009,Tuba City Chapter
040059422012128,Coppermine Chapter
040059422012102,Coppermine Chapter
040059450001206,Coalmine Mesa Chapter
040019443021095,Nazlini Chapter
040019443022133,Nazlini Chapter
040019427004135,Red Valley Chapter
040019441005061,Lukachukai Chapter
040179424001148,Kayenta Chapter
040179400113039,Piñon Chapter
040019440002009,Fort Defiance Chapter
040019450014024,St. Michaels Chapter
040019440001207,Fort Defiance Chapter
040019450022007,St. Michaels Chapter
040179400152011,Teesto Chapter
040179400143125,Indian Wells Chapter
040059450002014,Tuba City Chapter
040059422012154,Coppermine Chapter
040179424001113,Kayenta Chapter
040059452003010,Tuba City Chapter
040059449001016,Tuba City Chapter
040179400152086,Teesto Chapter
040019449011098,Wide Ruins Chapter
040019450023065,Houck Chapter
040019450023005,Houck Chapter
040019449023037,Klagetoh Chapter
040019441005045,Lukachukai Chapter
040019442021037,Chinle Chapter
040059451002024,Bird Springs Chapter
040059422023047,Tonalea Chapter
040059422023062,Tonalea Chapter
040019441003076,Tsaile-Wheatfields Chapter
040019451001082,Nahatadziil Chapter
040019451001083,Nahatadziil Chapter
040019449024090,Cornfields Chapter
040019443012147,Tachee Chapter
040019443021126,Nazlini Chapter
040019440001001,Crystal Chapter
040019442012029,Chinle Chapter
040019449011052,Wide Ruins Chapter
040059450003087,Bodaway Chapter
040059450001252,Bodaway Chapter
040059450001028,Bodaway Chapter
040059450001271,Cameron Chapter
040019441003038,Tsaile-Wheatfields Chapter
040019427004069,Red Valley Chapter
040019449021002,Low Mountain Chapter
040019449023002,Klagetoh Chapter
040019441001010,Lukachukai Chapter
040019443022190,Tselani Chapter
040019427003017,Sweetwater Chapter
040019426001131,Dennehotso Chapter
040019427002192,Rock Point Chapter
040019449014159,Klagetoh Chapter
040019449012050,Kinlichee Chapter
040019442012050,Chinle Chapter
040019441004006,Tsaile-Wheatfields Chapter
040019441003012,Tsaile-Wheatfields Chapter
040019440001036,Sawmill Chapter
040019449021162,Steamboat Chapter
040019450023060,Houck Chapter
040019427002152,Rock Point Chapter
040059422023028,Tonalea Chapter
040059422022040,Kaibeto Chapter
040019442012048,Chinle Chapter
040059451004091,Coalmine Mesa Chapter
040059451004158,Coalmine Mesa Chapter
040059450001307,Cameron Chapter
040179400143064,Indian Wells Chapter
040179400143083,Indian Wells Chapter
040179400143124,Indian Wells Chapter
040059450001248,Bodaway Chapter
040059422012220,Kaibeto Chapter
040059450002097,Coalmine Mesa Chapter
040019449021008,Low Mountain Chapter
040059422021118,LeChee Chapter
040059451002119,Bird Springs Chapter
040059451002128,Bird Springs Chapter
040059422012192,Coppermine Chapter
040059451003027,Tolani Lake Chapter
040019427004052,Red Valley Chapter
040019443021025,Nazlini Chapter
040179605001021,Dilcon Chapter
040179400102014,Whippoorwill Chapter
040179400151048,Indian Wells Chapter
040019449014130,Klagetoh Chapter
040019427003074,Sweetwater Chapter
040019443013042,Many Farms Chapter
040019449023121,Wide Ruins Chapter
040059451004178,Coalmine Mesa Chapter
040059422011143,LeChee Chapter
040059450002030,Tuba City Chapter
040019450023073,Houck Chapter
040019440001023,Sawmill Chapter
040019449022159,Klagetoh Chapter
040019450013032,St. Michaels Chapter
040019450012029,St. Michaels Chapter
040059451003091,Tolani Lake Chapter
040059450001055,Bodaway Chapter
040059422013053,Tonalea Chapter
040179400142072,White Cone Chapter
040019449021135,Steamboat Chapter
040019449022134,Klagetoh Chapter
040019427002014,Mexican Water Chapter
040059451002193,Leupp Chapter
040059422022109,Kaibeto Chapter
040059451004272,Coalmine Mesa Chapter
040059422011112,LeChee Chapter
040179400082029,Hard Rock Chapter
040019427004161,Sanostee Chapter
040019426001078,Dennehotso Chapter
040019449024021,Ganado Chapter
040019427002264,Sweetwater Chapter
040019449013092,Ganado Chapter
040019443011015,Many Farms Chapter
040019443013034,Many Farms Chapter
040019440001026,Crystal Chapter
040019443021141,Nazlini Chapter
040019443012131,Tachee Chapter
040059451002003,Bird Springs Chapter
040179424001070,Shonto Chapter
040019449021064,Steamboat Chapter
040019440001289,Sawmill Chapter
040179400102031,Low Mountain Chapter
040179424002003,Kayenta Chapter
040179400103088,Piñon Chapter
040019450013012,Kinlichee Chapter
040019449022080,Cornfields Chapter
040059422012183,Coppermine Chapter
040059450001374,Cameron Chapter
040059422011019,LeChee Chapter
040059450003086,Bodaway Chapter
040019449014108,Klagetoh Chapter
040019441004106,Tsaile-Wheatfields Chapter
040019441004018,Round Rock Chapter
040019441005034,Lukachukai Chapter
040019449012033,Kinlichee Chapter
040019449012084,Kinlichee Chapter
040179400103058,Piñon Chapter
040179400112012,Black Mesa Chapter
040179400152180,Dilcon Chapter
040179423002031,Inscription House Chapter
040179400112074,Piñon Chapter
040179400082082,Hard Rock Chapter
040019449014123,Klagetoh Chapter
040179400143123,Indian Wells Chapter
040179423001013,Shonto Chapter
040179425002025,Kayenta Chapter
040059450002103,Tuba City Chapter
040059450002088,Tuba City Chapter
040179423003024,Navajo Mountain Chapter
040179424002075,Chilchinbeto Chapter
040179400141011,Greasewood Chapter
040179400082033,Hard Rock Chapter
040179400141047,Steamboat Chapter
040179400141024,Greasewood Chapter
040179400142056,Greasewood Chapter
040179423003112,Shonto Chapter
040179400151097,Teesto Chapter
040179400113021,Piñon Chapter
040179400112071,Piñon Chapter
040179424001173,Kayenta Chapter
040179424001174,Kayenta Chapter
040059451002186,Leupp Chapter
040059422011094,LeChee Chapter
040059422012304,Coppermine Chapter
040179400143151,Indian Wells Chapter
040179400081009,Chilchinbeto Chapter
040059450001266,Cameron Chapter
040059450001177,Bodaway Chapter
040179400082014,Hard Rock Chapter
040179424002145,Chilchinbeto Chapter
040019443011003,Many Farms Chapter
040179400082027,Hard Rock Chapter
040179400151013,White Cone Chapter
040059451004025,Tuba City Chapter
040019443021112,Nazlini Chapter
040019443013008,Many Farms Chapter
040179400152096,Teesto Chapter
040019449014048,Kinlichee Chapter
040019450012005,St. Michaels Chapter
040179400142029,White Cone Chapter
040059451004389,Coalmine Mesa Chapter
040059451001080,Leupp Chapter
040179400141119,Greasewood Chapter
040179423003110,Shonto Chapter
040179400113045,Hard Rock Chapter
040179424001266,Kayenta Chapter
040059451004075,Coalmine Mesa Chapter
040179400152129,Dilcon Chapter
040179424001100,Oljato Chapter
040179423003062,Shonto Chapter
040019449021041,Low Mountain Chapter
040019449011025,Wide Ruins Chapter
040019449011073,Wide Ruins Chapter
040019450021014,Oak Springs Chapter
040019449024074,Ganado Chapter
040019441004066,Tsaile-Wheatfields Chapter
040019441001002,Lukachukai Chapter
040019442012063,Chinle Chapter
040019441003082,Tsaile-Wheatfields Chapter
040019442011014,Chinle Chapter
040059451004076,Tuba City Chapter
040019441003106,Tsaile-Wheatfields Chapter
040019427003024,Sweetwater Chapter
040019449013066,Ganado Chapter
040019449013056,Ganado Chapter
040019449022051,Cornfields Chapter
040019427002242,Rock Point Chapter
040059450003136,Bodaway Chapter
040019450021143,Lupton Chapter
040019427004080,Red Valley Chapter
040019449022052,Cornfields Chapter
040059451003032,Leupp Chapter
040059450001276,Cameron Chapter
040019449013013,Ganado Chapter
040019449024102,Cornfields Chapter
040019449013036,Ganado Chapter
040019427002238,Many Farms Chapter
040019441001029,Lukachukai Chapter
040019449021026,Steamboat Chapter
040019449021046,Jeddito Chapter
040019449012056,Kinlichee Chapter
040059451004258,Coalmine Mesa Chapter
040019441004028,Tsaile-Wheatfields Chapter
040019427001097,Teec Nos Pos Chapter
040019440003016,Fort Defiance Chapter
040019440002006,Fort Defiance Chapter
040019427004028,Red Valley Chapter
040019440001096,Sawmill Chapter
040019440001099,Sawmill Chapter
040019449021192,Steamboat Chapter
040019449021186,Steamboat Chapter
040019426001030,Dennehotso Chapter
040019449021144,Steamboat Chapter
040019449021161,Steamboat Chapter
040019427003062,Sweetwater Chapter
040019449012113,Kinlichee Chapter
040019450021095,Oak Springs Chapter
040019451001039,Nahatadziil Chapter
040059422021099,Inscription House Chapter
040059449001014,Tuba City Chapter
040059450001368,Cameron Chapter
040179400153068,Dilcon Chapter
040179400152039,Teesto Chapter
040059422011134,Kaibeto Chapter
040019427002278,Sweetwater Chapter
040179400152261,Bird Springs Chapter
040019440001116,Sawmill Chapter
040019451002050,Nahatadziil Chapter
040179400132007,Jeddito Chapter
040179400152079,Tolani Lake Chapter
040179400151024,Indian Wells Chapter
040019426001089,Dennehotso Chapter
040019426001002,Dennehotso Chapter
040059451004187,Coalmine Mesa Chapter
040059422011015,LeChee Chapter
040059422012191,Coppermine Chapter
040019449024056,Ganado Chapter
040019449022010,Cornfields Chapter
040059450003100,Bodaway Chapter
040059422013034,Tonalea Chapter
040059422013058,Tuba City Chapter
040059422022131,Kaibeto Chapter
040019449024008,Steamboat Chapter
040019427004126,Red Valley Chapter
040019449012065,Kinlichee Chapter
040019450012013,St. Michaels Chapter
040059451001101,Leupp Chapter
040019440001261,Fort Defiance Chapter
040019449012130,Kinlichee Chapter
040019440002044,Fort Defiance Chapter
040179400132006,Jeddito Chapter
040059450001035,Bodaway Chapter
040059451004302,Coalmine Mesa Chapter
040059451002076,Leupp Chapter
040019449013035,Ganado Chapter
040019427004103,Red Valley Chapter
040019443022075,Tselani Chapter
040179425003004,Kayenta Chapter
040059451002008,Bird Springs Chapter
040059451003124,Bird Springs Chapter
040179400141091,Greasewood Chapter
040019440001156,Sawmill Chapter
040019449024015,Ganado Chapter
040019441002049,Round Rock Chapter
040019441005053,Lukachukai Chapter
040059422012003,LeChee Chapter
040059450001267,Cameron Chapter
040019449024079,Cornfields Chapter
040019441002073,Round Rock Chapter
040019449021076,Steamboat Chapter
040019449021029,Low Mountain Chapter
040019450022016,St. Michaels Chapter
040019443011002,Many Farms Chapter
040179400153013,Dilcon Chapter
040179400152327,Dilcon Chapter
040179424001204,Kayenta Chapter
040179424001079,Kayenta Chapter
040059449001019,Tuba City Chapter
040019441002101,Round Rock Chapter
040019441004031,Tsaile-Wheatfields Chapter
040179400152042,Teesto Chapter
040179424002031,Chilchinbeto Chapter
040179400143049,Indian Wells Chapter
040179400112022,Piñon Chapter
040059422011028,LeChee Chapter
040059422012018,Coppermine Chapter
040059451002103,Leupp Chapter
040019440001286,Fort Defiance Chapter
040019449023001,Cornfields Chapter
040019427003095,Sweetwater Chapter
040019441002067,Round Rock Chapter
040059422011115,Kaibeto Chapter
040179400152277,Bird Springs Chapter
040179400111004,Tachee Chapter
040059449001020,Tuba City Chapter
040019426001054,Dennehotso Chapter
040019427002036,Mexican Water Chapter
040019443021151,Nazlini Chapter
040019441005025,Lukachukai Chapter
040019441005103,Lukachukai Chapter
040179400111037,Tachee Chapter
040179424001192,Kayenta Chapter
040019427004047,Red Valley Chapter
040019426001163,Chilchinbeto Chapter
040019450012028,St. Michaels Chapter
040059422012299,Coppermine Chapter
040059449003002,Tuba City Chapter
040059452002004,Tuba City Chapter
040019449011045,Wide Ruins Chapter
040019450023111,Lupton Chapter
040019443012129,Tachee Chapter
040019449014193,Klagetoh Chapter
040019441003126,Tsaile-Wheatfields Chapter
040019441003127,Tsaile-Wheatfields Chapter
040059422012006,Coppermine Chapter
040059449002033,Coalmine Mesa Chapter
040019442022025,Chinle Chapter
040019451001006,Lupton Chapter
040019451001022,Nahatadziil Chapter
040019427001058,Teec Nos Pos Chapter
040059450003031,Bodaway Chapter
040059422022116,Kaibeto Chapter
040059451002150,Bird Springs Chapter
040019451002108,Nahatadziil Chapter
040019440001111,Sawmill Chapter
040019449024084,Ganado Chapter
040019441001028,Lukachukai Chapter
040019441004067,Tsaile-Wheatfields Chapter
040019443011032,Many Farms Chapter
040019443011072,Many Farms Chapter
040019450022037,Klagetoh Chapter
040019450021036,Oak Springs Chapter
040019442012044,Chinle Chapter
040019427004174,Lukachukai Chapter
040019440001257,Fort Defiance Chapter
040019441005090,Lukachukai Chapter
040019427003102,Sweetwater Chapter
040019443021001,Chinle Chapter
040019449022083,Cornfields Chapter
040019440001101,Crystal Chapter
040019440001089,Sawmill Chapter
040019451001016,Nahatadziil Chapter
040019426001075,Dennehotso Chapter
040059422022103,Kaibeto Chapter
040059450001346,Cameron Chapter
040059451003112,Bird Springs Chapter
040059451004024,Tuba City Chapter
040019451002118,Nahatadziil Chapter
040019451002140,Nahatadziil Chapter
040019426001203,Dennehotso Chapter
040179400152118,Bird Springs Chapter
040179400153085,Dilcon Chapter
040059451001073,Leupp Chapter
040059422022019,Kaibeto Chapter
040179424002052,Chilchinbeto Chapter
040059451001056,Leupp Chapter
040019440001215,Sawmill Chapter
040019441002051,Rock Point Chapter
040019442012061,Chinle Chapter
040059450001342,Cameron Chapter
040179400132043,Jeddito Chapter
040179605001006,Dilcon Chapter
040019450021098,Oak Springs Chapter
040179400113016,Piñon Chapter
040019427001085,Teec Nos Pos Chapter
040059422012059,Coppermine Chapter
040019427002154,Rock Point Chapter
040059451002012,Bird Springs Chapter
040019449022146,Klagetoh Chapter
040019450013027,St. Michaels Chapter
040019426001171,Chilchinbeto Chapter
040179424002114,Chilchinbeto Chapter
040179400153065,Dilcon Chapter
040179400141040,Greasewood Chapter
040179400081074,Black Mesa Chapter
040019449014217,Wide Ruins Chapter
040059451002027,Leupp Chapter
040059451002011,Bird Springs Chapter
040059422021033,Navajo Mountain Chapter
040059422012286,Coppermine Chapter
040019443022142,Tselani Chapter
040019450013013,Kinlichee Chapter
040019443022034,Tselani Chapter
040059450002091,Tuba City Chapter
040179400101031,Whippoorwill Chapter
040059422013081,Tonalea Chapter
040059422023018,Inscription House Chapter
040019441005112,Round Rock Chapter
040019441005026,Lukachukai Chapter
040019449022148,Klagetoh Chapter
040019450022072,St. Michaels Chapter
040059422011027,LeChee Chapter
040059422012164,Coppermine Chapter
040059422012279,Coppermine Chapter
040019426002033,Dennehotso Chapter
040059450002095,Tuba City Chapter
040019450012010,St. Michaels Chapter
040019442022004,Chinle Chapter
040019449021211,Steamboat Chapter
040179400142016,White Cone Chapter
040019426001174,Chilchinbeto Chapter
040179425002035,Kayenta Chapter
040059422011073,Coppermine Chapter
040059451004182,Coalmine Mesa Chapter
040179400101044,Whippoorwill Chapter
040179423003027,Navajo Mountain Chapter
040179400152150,Dilcon Chapter
040179400143044,Greasewood Chapter
040179400151022,White Cone Chapter
040179400111014,Tachee Chapter
040179424002090,Chilchinbeto Chapter
040179400152319,Dilcon Chapter
040179400082018,Hard Rock Chapter
040059422023127,Tonalea Chapter
040059422012202,Coppermine Chapter
040179400143028,Greasewood Chapter
040179424001159,Chilchinbeto Chapter
040059451003095,Tolani Lake Chapter
040019449022117,Klagetoh Chapter
040019449024127,Ganado Chapter
040019441002065,Rock Point Chapter
040019443011001,Many Farms Chapter
040179400142092,White Cone Chapter
040059450002042,Tuba City Chapter
040019426001123,Dennehotso Chapter
040019426001056,Dennehotso Chapter
040179400113040,Piñon Chapter
040179400113085,Hard Rock Chapter
040179424001190,Kayenta Chapter
040019443021150,Nazlini Chapter
040019450013033,St. Michaels Chapter
040059450003068,Bodaway Chapter
040179425001018,Kayenta Chapter
040179400141085,Greasewood Chapter
040179423002044,Shonto Chapter
040179400113089,Piñon Chapter
040179400143050,Indian Wells Chapter
040019427002113,Rock Point Chapter
040019450023037,Houck Chapter
040019449024050,Ganado Chapter
040019449021158,Steamboat Chapter
040019441001009,Lukachukai Chapter
040019450021012,Oak Springs Chapter
040059422023067,Tonalea Chapter
040059450003062,Bodaway Chapter
040019442012075,Chinle Chapter
040019441003061,Tsaile-Wheatfields Chapter
040019449022058,Cornfields Chapter
040019441003046,Tsaile-Wheatfields Chapter
040019441003054,Tsaile-Wheatfields Chapter
040019442011013,Chinle Chapter
040019441002117,Round Rock Chapter
040059450003016,Bodaway Chapter
040059451002151,Bird Springs Chapter
040019450013038,St. Michaels Chapter
040019443021073,Nazlini Chapter
040019440001139,Sawmill Chapter
040019449013070,Ganado Chapter
040019427002235,Rock Point Chapter
040019441002026,Round Rock Chapter
040019427001016,Teec Nos Pos Chapter
040019450022044,Oak Springs Chapter
040019450022086,St. Michaels Chapter
040019427002064,Mexican Water Chapter
040019449014215,Kinlichee Chapter
040019427002157,Rock Point Chapter
040059422011129,LeChee Chapter
040059422023004,Inscription House Chapter
040059450001347,Cameron Chapter
040059422022071,LeChee Chapter
040019451002142,Nahatadziil Chapter
040059450001016,Bodaway Chapter
040179423003083,Shonto Chapter
040179424001177,Kayenta Chapter
040179400143033,Greasewood Chapter
040059422012195,Coppermine Chapter
040059422021120,LeChee Chapter
040179424001213,Kayenta Chapter
040059422022075,Kaibeto Chapter
040019427002166,Rock Point Chapter
040019440001065,Sawmill Chapter
040019450012023,St. Michaels Chapter
040019449022042,Greasewood Chapter
040179400152151,Dilcon Chapter
040019441002120,Many Farms Chapter
040019441004073,Tsaile-Wheatfields Chapter
040059450003027,Bodaway Chapter
040019443021085,Nazlini Chapter
040059422012103,Coppermine Chapter
040059450003098,Bodaway Chapter
040179400081075,Forest Lake Chapter
040019449012135,Kinlichee Chapter
040019449021138,Steamboat Chapter
040179424002063,Chilchinbeto Chapter
040179400081035,Forest Lake Chapter
040019443012179,Tachee Chapter
040059450001081,Cameron Chapter
040059451003070,Tolani Lake Chapter
040059451004174,Coalmine Mesa Chapter
040059451002123,Bird Springs Chapter
040059422013089,Tonalea Chapter
040179400111010,Tachee Chapter
040019449021065,Steamboat Chapter
040019449012089,Kinlichee Chapter
040019450022018,Kinlichee Chapter
040019440001246,Red Lake Chapter
040019441005051,Lukachukai Chapter
040019449021018,Steamboat Chapter
040019449021053,Steamboat Chapter
040019449021031,Low Mountain Chapter
040019449014098,Kinlichee Chapter
040019443012120,Tachee Chapter
040179400081065,Black Mesa Chapter
040179400152305,Dilcon Chapter
040179424001172,Kayenta Chapter
040019441002113,Round Rock Chapter
040179425002036,Kayenta Chapter
040179423002048,Shonto Chapter
040179423002049,Shonto Chapter
040179400153036,Dilcon Chapter
040179400141028,Greasewood Chapter
040179424001039,Oljato Chapter
040179400112054,Tachee Chapter
040179425003021,Kayenta Chapter
040059422012005,LeChee Chapter
040059422011003,LeChee Chapter
040059451002060,Leupp Chapter
040059422023065,Tonalea Chapter
040059422023094,Inscription House Chapter
040059422012177,Coppermine Chapter
040179400112099,Piñon Chapter
040059422021024,Navajo Mountain Chapter
040179400142030,White Cone Chapter
040179400082043,Hard Rock Chapter
040179400101035,Whippoorwill Chapter
040019450021023,Oak Springs Chapter
040019450023015,Houck Chapter
040019449014028,Kinlichee Chapter
040059422022048,Kaibeto Chapter
040179400142063,White Cone Chapter
040179400152155,Dilcon Chapter
040019426001057,Dennehotso Chapter
040019427002183,Rock Point Chapter
040019450023112,Lupton Chapter
040059422012083,Coppermine Chapter
040019441005016,Lukachukai Chapter
040019449013009,Ganado Chapter
040179400113074,Piñon Chapter
040179424001191,Kayenta Chapter
040179400142054,Greasewood Chapter
040179425002004,Kayenta Chapter
040179400152060,Teesto Chapter
040019450023059,Houck Chapter
040019449014177,Klagetoh Chapter
040019449024066,Ganado Chapter
040019449013030,Ganado Chapter
040019442022024,Chinle Chapter
040019441004112,Tsaile-Wheatfields Chapter
040019441003070,Tsaile-Wheatfields Chapter
040059451004021,Tonalea Chapter
040019450023000,Lupton Chapter
040019451001012,Nahatadziil Chapter
040019451001067,Nahatadziil Chapter
040019427003099,Sweetwater Chapter
040059450001250,Bodaway Chapter
040019441003112,Tsaile-Wheatfields Chapter
040019443012006,Many Farms Chapter
040019440001088,Nazlini Chapter
040019449014147,Klagetoh Chapter
040019449014023,Kinlichee Chapter
040019427002272,Teec Nos Pos Chapter
040019427002181,Rock Point Chapter
040019427002116,Rock Point Chapter
040019449012053,Kinlichee Chapter
040019449011103,Wide Ruins Chapter
040059422012225,Kaibeto Chapter
040019441004023,Tsaile-Wheatfields Chapter
040019440002003,Fort Defiance Chapter
040019440002024,Fort Defiance Chapter
040019441005086,Lukachukai Chapter
040019449021148,Steamboat Chapter
040019442022045,Chinle Chapter
040019442022058,Chinle Chapter
040019449011087,Wide Ruins Chapter
040019441002059,Rock Point Chapter
040059451004181,Coalmine Mesa Chapter
040059451004160,Coalmine Mesa Chapter
040179400112026,Black Mesa Chapter
040059450003047,Bodaway Chapter
040019443011037,Many Farms Chapter
040019449024016,Ganado Chapter
040179424001180,Kayenta Chapter
040179424001154,Kayenta Chapter
040179400113034,Hard Rock Chapter
040059422021126,LeChee Chapter
040059451002043,Leupp Chapter
040059450001023,Bodaway Chapter
040059451003125,Leupp Chapter
040050013023115,Leupp Chapter
040019427002173,Rock Point Chapter
040019427002186,Rock Point Chapter
040019441002094,Round Rock Chapter
040019427004037,Red Valley Chapter
040019441002139,Lukachukai Chapter
040019449014160,Klagetoh Chapter
040059450001218,Cameron Chapter
040059451001083,Leupp Chapter
040019442023027,Chinle Chapter
040019443011074,Many Farms Chapter
040019427002281,Rock Point Chapter
040059450002021,Tuba City Chapter
040059450002020,Tuba City Chapter
040059450002011,Tuba City Chapter
040059422013068,Tonalea Chapter
040059422012253,Tonalea Chapter
040179400153046,Dilcon Chapter
040179400142076,White Cone Chapter
040019449021047,Low Mountain Chapter
040019443011075,Rough Rock Chapter
040019440001236,Fort Defiance Chapter
040059450003112,Bodaway Chapter
040059451002005,Bird Springs Chapter
040059451003042,Tolani Lake Chapter
040059451002173,Leupp Chapter
040179400141042,Greasewood Chapter
040019440001076,Nazlini Chapter
040019440001173,Nazlini Chapter
040019443012017,Rough Rock Chapter
040019449024018,Ganado Chapter
040019427002270,Teec Nos Pos Chapter
040019443012113,Tachee Chapter
040019443011090,Many Farms Chapter
040179400103042,Piñon Chapter
040019443022130,Nazlini Chapter
040019449021121,Steamboat Chapter
040059451001099,Leupp Chapter
040059422012278,Coppermine Chapter
040059422012312,Coppermine Chapter
040059452002001,Tuba City Chapter
040019450022034,St. Michaels Chapter
040019441002121,Many Farms Chapter
040019449022142,Klagetoh Chapter
040019449024049,Ganado Chapter
040059422011000,LeChee Chapter
040019440003031,Fort Defiance Chapter
040019426001142,Dennehotso Chapter
040019427002246,Chilchinbeto Chapter
040019449014112,Klagetoh Chapter
040019449014116,Ganado Chapter
040179400153006,Dilcon Chapter
040179400112020,Piñon Chapter
040179400082085,Hard Rock Chapter
040019451001054,Nahatadziil Chapter
040179400152291,Bird Springs Chapter
040059451002163,Leupp Chapter
040179400101022,Whippoorwill Chapter
040179400113069,Piñon Chapter
040179400132039,Jeddito Chapter
040179400152002,Teesto Chapter
040179400151018,Indian Wells Chapter
040179400152220,Dilcon Chapter
040179400103027,Piñon Chapter
040059450001174,Bodaway Chapter
040059450001191,Bodaway Chapter
040019426001049,Dennehotso Chapter
040019427002204,Rock Point Chapter
040019427001019,Teec Nos Pos Chapter
040059422011097,LeChee Chapter
040179400113056,Hard Rock Chapter
040179400142043,White Cone Chapter
040179400152159,Dilcon Chapter
040179423001024,Shonto Chapter
040019450023118,Nahatadziil Chapter
040019450023072,Houck Chapter
040019426001202,Dennehotso Chapter
040179424002112,Chilchinbeto Chapter
040059449001012,Tuba City Chapter
040059422012129,Coppermine Chapter
040059422012080,Coppermine Chapter
040059422012313,Coppermine Chapter
040019451002131,Nahatadziil Chapter
040019451002132,Nahatadziil Chapter
040019426001193,Chilchinbeto Chapter
040019426001006,Dennehotso Chapter
040019440001258,Fort Defiance Chapter
040019449014010,Kinlichee Chapter
040019450022011,St. Michaels Chapter
040019450022055,St. Michaels Chapter
040059450003140,Bodaway Chapter
040059422012276,Coppermine Chapter
040179400152123,Dilcon Chapter
040179400103068,Piñon Chapter
040179425002037,Kayenta Chapter
040019449011057,Wide Ruins Chapter
040019450023034,Houck Chapter
040019427004055,Red Valley Chapter
040019441002116,Round Rock Chapter
040019449024073,Ganado Chapter
040019449013062,Ganado Chapter
040019441005071,Lukachukai Chapter
040019440001046,Sawmill Chapter
040019442021016,Chinle Chapter
040019442012062,Chinle Chapter
040019442022050,Chinle Chapter
040019427003057,Sweetwater Chapter
040019443012014,Rough Rock Chapter
040019441003045,Tsaile-Wheatfields Chapter
040019441003056,Tsaile-Wheatfields Chapter
040019442022052,Chinle Chapter
040019451002125,Nahatadziil Chapter
040019442021022,Chinle Chapter
040019449011023,Wide Ruins Chapter
040019441002018,Red Valley Chapter
040019449021183,Steamboat Chapter
040019451001071,Nahatadziil Chapter
040019449014030,Kinlichee Chapter
040019441002148,Lukachukai Chapter
040019427001079,Teec Nos Pos Chapter
040019449014138,Klagetoh Chapter
040019426001128,Dennehotso Chapter
040019449014045,Kinlichee Chapter
040019440002057,Fort Defiance Chapter
040019443021104,Nazlini Chapter
040019440001014,Crystal Chapter
040019440001092,Sawmill Chapter
040019441002099,Round Rock Chapter
040019441005015,Lukachukai Chapter
040019450021102,Lupton Chapter
040019441002052,Rock Point Chapter
040019427003013,Sweetwater Chapter
040059422022088,Kaibeto Chapter
040059422013009,Tonalea Chapter
040059422021082,Inscription House Chapter
040019451002119,Nahatadziil Chapter
040059451004152,Coalmine Mesa Chapter
040059450003032,Bodaway Chapter
040179400102029,Low Mountain Chapter
040059450003006,Bodaway Chapter
040059451003081,Tolani Lake Chapter
040019449011000,Wide Ruins Chapter
040019441005031,Cove Chapter
040059422022014,Kaibeto Chapter
040059422022082,Kaibeto Chapter
040059422023000,Inscription House Chapter
040019427002280,Rock Point Chapter
040019427002255,Rock Point Chapter
040179423003007,Kayenta Chapter
040179400142064,White Cone Chapter
040179424002058,Kayenta Chapter
040179400152124,Dilcon Chapter
040059422022034,Kaibeto Chapter
040019427002193,Rock Point Chapter
040059451003038,Tolani Lake Chapter
040019443022104,Tselani Chapter
040059450002032,Tuba City Chapter
040059450003075,Bodaway Chapter
040179400081071,Black Mesa Chapter
040019443012177,Tselani Chapter
040019442012022,Chinle Chapter
040019449014162,Klagetoh Chapter
040019440002051,Fort Defiance Chapter
040059451001035,Leupp Chapter
040179400082065,Hard Rock Chapter
040019449022147,Klagetoh Chapter
040019427003002,Teec Nos Pos Chapter
040019426001055,Dennehotso Chapter
040059451002057,Leupp Chapter
040059450003166,Bodaway Chapter
040059451002100,Leupp Chapter
040059450001220,Cameron Chapter
040059450002025,Tuba City Chapter
040179400142013,White Cone Chapter
040019442012107,Chinle Chapter
040019443022074,Tselani Chapter
040059450002090,Tuba City Chapter
040059451003129,Bird Springs Chapter
040019451001024,Nahatadziil Chapter
040019449023086,Wide Ruins Chapter
040019450021107,Lupton Chapter
040019440001171,Nazlini Chapter
040059451003044,Tolani Lake Chapter
040019443022189,Tselani Chapter
040019449014195,Klagetoh Chapter
040019449021139,Steamboat Chapter
040019450012030,St. Michaels Chapter
040019449021061,Steamboat Chapter
040019449012133,Kinlichee Chapter
040019443012076,Rough Rock Chapter
040179400141076,Greasewood Chapter
040179400143018,Greasewood Chapter
040179400081097,Forest Lake Chapter
040179424001084,Kayenta Chapter
040179400153019,Dilcon Chapter
040179400143131,Indian Wells Chapter
040179400103082,Piñon Chapter
040179400113092,Piñon Chapter
040059451003057,Tolani Lake Chapter
040019426001213,Chilchinbeto Chapter
040179424002093,Chilchinbeto Chapter
040179424001091,Kayenta Chapter
040179400141082,Greasewood Chapter
040059450001167,Bodaway Chapter
040059422012146,Coppermine Chapter
040179424001029,Oljato Chapter
040179400143043,Indian Wells Chapter
040179423002041,Shonto Chapter
040179400113095,Piñon Chapter
040019427001007,Teec Nos Pos Chapter
040179425002008,Kayenta Chapter
040179424002137,Chilchinbeto Chapter
040179400153056,Dilcon Chapter
040179400142088,White Cone Chapter
040179400152029,Teesto Chapter
040179424002125,Chilchinbeto Chapter
040059451004066,Tuba City Chapter
040019426001060,Dennehotso Chapter
040019442023051,Chinle Chapter
040179400111031,Tachee Chapter
040019426002043,Dennehotso Chapter
040019449014043,Kinlichee Chapter
040019449014005,Kinlichee Chapter
040019443021136,Nazlini Chapter
040059450001042,Bodaway Chapter
040179400113052,Hard Rock Chapter
040059451004071,Tuba City Chapter
040019450021011,Oak Springs Chapter
040019441004049,Tsaile-Wheatfields Chapter
040059450001239,Bodaway Chapter
040019442022007,Chinle Chapter
040019441004109,Tsaile-Wheatfields Chapter
040019443012176,Tselani Chapter
040059451003041,Tolani Lake Chapter
040019441003049,Tsaile-Wheatfields Chapter
040019443012051,Rough Rock Chapter
040059450001298,Cameron Chapter
040019450021157,Lupton Chapter
040019443022017,Tselani Chapter
040019449014029,Kinlichee Chapter
040019450023081,Houck Chapter
040019443011100,Many Farms Chapter
040019442012093,Chinle Chapter
040019427004178,Sanostee Chapter
040059422012224,Kaibeto Chapter
040019442021006,Chinle Chapter
040019440002016,Fort Defiance Chapter
040019449021199,Steamboat Chapter
040019442021021,Chinle Chapter
040019442012082,Chinle Chapter
040019450021079,Oak Springs Chapter
040019450023031,Houck Chapter
040019450021063,Oak Springs Chapter
040019426001124,Dennehotso Chapter
040059450003104,Bodaway Chapter
040059422013042,Tonalea Chapter
040059422012152,Coppermine Chapter
040059451004156,Coalmine Mesa Chapter
040179400151041,Indian Wells Chapter
040179400143109,Indian Wells Chapter
040179400143025,Greasewood Chapter
040059450001343,Cameron Chapter
040019449014201,Klagetoh Chapter
040179400152276,Bird Springs Chapter
040179400082040,Hard Rock Chapter
040059451001002,Coalmine Mesa Chapter
040059451002106,Leupp Chapter
040019427002283,Rock Point Chapter
040019441002039,Rock Point Chapter
040019450014037,St. Michaels Chapter
040019427002131,Rock Point Chapter
040019427004148,Cove Chapter
040019427003104,Mexican Water Chapter
040019450013006,Fort Defiance Chapter
040019427004044,Red Valley Chapter
040019450012014,St. Michaels Chapter
040019427001099,Teec Nos Pos Chapter
040019427004011,Red Valley Chapter
040059422012057,Coppermine Chapter
040019449013041,Ganado Chapter
040019450023077,Houck Chapter
040019427003056,Sweetwater Chapter
040059450003061,Bodaway Chapter
040059422012308,Coppermine Chapter
040059450003123,Bodaway Chapter
040059450001234,Bodaway Chapter
040179424001036,Oljato Chapter
040179400081026,Forest Lake Chapter
040019450011000,St. Michaels Chapter
040179400143098,Indian Wells Chapter
040019449022128,Greasewood Chapter
040059451002181,Leupp Chapter
040059450001273,Cameron Chapter
040059450001257,Cameron Chapter
040179400082053,Hard Rock Chapter
040019449021016,Steamboat Chapter
040179400103045,Piñon Chapter
040019450014028,St. Michaels Chapter
040019441005109,Lukachukai Chapter
040019441004099,Tsaile-Wheatfields Chapter
040059451001071,Leupp Chapter
040179424001208,Kayenta Chapter
040019427004138,Red Valley Chapter
040019443021093,Nazlini Chapter
040019443021108,Nazlini Chapter
040019449012097,Kinlichee Chapter
040019449022039,Greasewood Chapter
040019441005058,Lukachukai Chapter
040059422011008,LeChee Chapter
040179400101038,Whippoorwill Chapter
040059422012163,Coppermine Chapter
040019449023066,Klagetoh Chapter
040019449021001,Low Mountain Chapter
040019442021002,Chinle Chapter
040019449012103,Kinlichee Chapter
040019440002049,Fort Defiance Chapter
040019440003033,Fort Defiance Chapter
040019441005040,Lukachukai Chapter
040019441004102,Tsaile-Wheatfields Chapter
040179400141072,Greasewood Chapter
040179423003035,Kayenta Chapter
040179423003034,Shonto Chapter
040179400152169,Dilcon Chapter
040179400113008,Piñon Chapter
040019427002137,Rock Point Chapter
040179400152161,Dilcon Chapter
040179400143078,Indian Wells Chapter
040179400143069,Greasewood Chapter
040179423001059,Shonto Chapter
040179424001019,Oljato Chapter
040179400152044,Teesto Chapter
040059422011025,LeChee Chapter
040059422012004,Coppermine Chapter
040059422021018,Navajo Mountain Chapter
040179400132037,Jeddito Chapter
040179400142019,White Cone Chapter
040059422012148,Coppermine Chapter
040059450001114,Bodaway Chapter
040179400152219,Dilcon Chapter
040059450001175,Bodaway Chapter
040059422022093,Kaibeto Chapter
040059451003055,Tolani Lake Chapter
040179400151092,Indian Wells Chapter
040179400102053,Low Mountain Chapter
040019450023078,Houck Chapter
040019441002003,Sweetwater Chapter
040019427001098,Teec Nos Pos Chapter
040179400113062,Hard Rock Chapter
040019427001035,Teec Nos Pos Chapter
040179424002069,Chilchinbeto Chapter
040179423003074,Kayenta Chapter
040019449023129,Wide Ruins Chapter
040019441005009,Round Rock Chapter
040019450022074,St. Michaels Chapter
040019450022076,St. Michaels Chapter
040019442012049,Chinle Chapter
040019442021025,Chinle Chapter
040019442012068,Chinle Chapter
040019441003086,Tsaile-Wheatfields Chapter
040019443011088,Many Farms Chapter
040019451001008,Lupton Chapter
040059451004068,Coalmine Mesa Chapter
040059451004065,Coalmine Mesa Chapter
040059422023053,Kaibeto Chapter
040019441003123,Tsaile-Wheatfields Chapter
040019440001071,Sawmill Chapter
040019449012000,Kinlichee Chapter
040019450012026,St. Michaels Chapter
040019449023034,Klagetoh Chapter
040019449022006,Cornfields Chapter
040059450001316,Cameron Chapter
040019441003064,Tsaile-Wheatfields Chapter
040019443022173,Tselani Chapter
040019441002062,Round Rock Chapter
040019441003107,Tsaile-Wheatfields Chapter
040059451003062,Tolani Lake Chapter
040019450012002,St. Michaels Chapter
040019449012051,Kinlichee Chapter
040019427002122,Rock Point Chapter
040019442021012,Chinle Chapter
040019426001177,Chilchinbeto Chapter
040019426002001,Dennehotso Chapter
040019449022086,Cornfields Chapter
040019442012065,Chinle Chapter
040059422013041,Tonalea Chapter
040059422012298,Coppermine Chapter
040019450023105,Houck Chapter
040059451003026,Tolani Lake Chapter
040059422011095,LeChee Chapter
040059422022022,LeChee Chapter
040059422011083,LeChee Chapter
040019441003020,Tsaile-Wheatfields Chapter
040019440001019,Crystal Chapter
040059451002096,Leupp Chapter
040019449022005,Cornfields Chapter
040019450014019,St. Michaels Chapter
040019427002251,Rock Point Chapter
040179400112048,Tachee Chapter
040179400142083,White Cone Chapter
040019426001095,Dennehotso Chapter
040019450014023,St. Michaels Chapter
040019442012026,Chinle Chapter
040059422021001,Navajo Mountain Chapter
040059450003158,Bodaway Chapter
040019449023038,Klagetoh Chapter
040019449023040,Klagetoh Chapter
040059450003145,Bodaway Chapter
040179400153061,Dilcon Chapter
040179423001050,Shonto Chapter
040179400143112,Greasewood Chapter
040019449012099,Kinlichee Chapter
040019449014081,Kinlichee Chapter
040179425002020,Kayenta Chapter
040179400112030,Piñon Chapter
040019441002098,Round Rock Chapter
040019449023104,Wide Ruins Chapter
040019449023167,Wide Ruins Chapter
040019442012038,Chinle Chapter
040059450001141,Bodaway Chapter
040179400082061,Hard Rock Chapter
040019443022098,Nazlini Chapter
040019443022085,Tselani Chapter
040019443013026,Many Farms Chapter
040019443022129,Nazlini Chapter
040179400103035,Piñon Chapter
040179400142008,White Cone Chapter
040019441004029,Tsaile-Wheatfields Chapter
040059451001068,Leupp Chapter
040019449022126,Klagetoh Chapter
040019443022160,Nazlini Chapter
040059452003014,Tuba City Chapter
040059422023109,Shonto Chapter
040059422023116,Shonto Chapter
040059422012243,Coppermine Chapter
040059422012269,Tuba City Chapter
040179424001246,Kayenta Chapter
040179425001017,Kayenta Chapter
040059450001086,Cameron Chapter
040019450012008,St. Michaels Chapter
040019450022013,St. Michaels Chapter
040019443022067,Tselani Chapter
040019443022037,Tselani Chapter
040019443012145,Tselani Chapter
040179423001018,Shonto Chapter
040179400143152,Indian Wells Chapter
040179400151019,Indian Wells Chapter
040059422023124,Tonalea Chapter
040059422013025,Tonalea Chapter
040179400143082,Indian Wells Chapter
040059450003044,Bodaway Chapter
040179400102028,Low Mountain Chapter
040179423001019,Shonto Chapter
040059450001027,Bodaway Chapter
040019450021142,Lupton Chapter
040019450023092,Lupton Chapter
040059422012033,Coppermine Chapter
040059450003046,Bodaway Chapter
040179400151016,Teesto Chapter
040179400082011,Hard Rock Chapter
040179400143010,Greasewood Chapter
040179400103072,Piñon Chapter
040179424001046,Oljato Chapter
040179400142111,White Cone Chapter
040179400143105,Greasewood Chapter
040019427004016,Red Valley Chapter
040019426001071,Dennehotso Chapter
040019426001150,Chilchinbeto Chapter
040019449023099,Wide Ruins Chapter
040059450001362,Cameron Chapter
040059451004267,Coalmine Mesa Chapter
040019449012107,Kinlichee Chapter
040179400082002,Forest Lake Chapter
040179423003052,Inscription House Chapter
040019427004223,Red Valley Chapter
040179400151075,Indian Wells Chapter
040179400143047,Indian Wells Chapter
040179425002014,Kayenta Chapter
040179400142125,White Cone Chapter
040179400152083,Teesto Chapter
040019449011106,Wide Ruins Chapter
040019449011047,Wide Ruins Chapter
040019449013060,Ganado Chapter
040059422012258,Tuba City Chapter
040019442022043,Chinle Chapter
040059451002020,Leupp Chapter
040059451004074,Tuba City Chapter
040019442023070,Chinle Chapter
040019449012142,Kinlichee Chapter
040059450001263,Cameron Chapter
040019449022041,Greasewood Chapter
040019427001024,Teec Nos Pos Chapter
040019427004036,Red Valley Chapter
040019450012003,St. Michaels Chapter
040019450023057,Houck Chapter
040019450023035,Houck Chapter
040019450023044,Houck Chapter
040019450023098,Houck Chapter
040019443013089,Many Farms Chapter
040019450023032,Houck Chapter
040019449011046,Wide Ruins Chapter
040019449011064,Wide Ruins Chapter
040019450021090,Oak Springs Chapter
040019427002091,Mexican Water Chapter
040019441003027,Tsaile-Wheatfields Chapter
040019449012029,Kinlichee Chapter
040019450021042,Wide Ruins Chapter
040019427002087,Mexican Water Chapter
040059422011066,LeChee Chapter
040059452003005,Tuba City Chapter
040059422022052,Kaibeto Chapter
040059451003089,Tolani Lake Chapter
040059422012229,Kaibeto Chapter
040059450002036,Tuba City Chapter
040019449011061,Wide Ruins Chapter
040059451004064,Tuba City Chapter
040179423003095,Inscription House Chapter
040179400152038,Teesto Chapter
040179423001047,Shonto Chapter
040059422022068,LeChee Chapter
040059449001036,Tuba City Chapter
040059450001062,Bodaway Chapter
040059450001050,Bodaway Chapter
040019443022191,Tselani Chapter
040019441003019,Tsaile-Wheatfields Chapter
040059422011046,LeChee Chapter
040059422011044,LeChee Chapter
040059451004249,Coalmine Mesa Chapter
040019442022047,Chinle Chapter
040019442012001,Chinle Chapter
040019427002187,Rock Point Chapter
040019443012090,Tachee Chapter
040179400132001,Jeddito Chapter
040019441002125,Round Rock Chapter
040179423002002,Shonto Chapter
040179400151025,Indian Wells Chapter
040019440002042,Fort Defiance Chapter
040019449022030,Cornfields Chapter
040059450003134,Bodaway Chapter
040019427003108,Sweetwater Chapter
040019426001146,Dennehotso Chapter
040019426001081,Dennehotso Chapter
040059422012246,Coppermine Chapter
040059450003073,Bodaway Chapter
040059422012266,Tuba City Chapter
040059422012248,Kaibeto Chapter
040179400081059,Forest Lake Chapter
040019449021044,Low Mountain Chapter
040019443021117,Nazlini Chapter
040019440003008,Fort Defiance Chapter
040059422021027,Navajo Mountain Chapter
040019450022058,St. Michaels Chapter
040019449014165,Klagetoh Chapter
040019441002146,Round Rock Chapter
040019449022152,Wide Ruins Chapter
040019449011036,Klagetoh Chapter
040059451002036,Leupp Chapter
040059451001036,Leupp Chapter
040059451004264,Coalmine Mesa Chapter
040019427002102,Rock Point Chapter
040019443022138,Tselani Chapter
040019450022023,Kinlichee Chapter
040019443022182,Tselani Chapter
040179400081028,Forest Lake Chapter
040019450011010,St. Michaels Chapter
040019449024089,Ganado Chapter
040019440001182,Sawmill Chapter
040019450021129,Lupton Chapter
040019450021137,Lupton Chapter
040059451001043,Leupp Chapter
040179400143139,Indian Wells Chapter
040179400132026,Jeddito Chapter
040179400111036,Whippoorwill Chapter
040059422011034,LeChee Chapter
040019450012015,St. Michaels Chapter
040019440001160,Sawmill Chapter
040019449014115,Ganado Chapter
040019440002040,Fort Defiance Chapter
040019449013089,Ganado Chapter
040019449014154,Ganado Chapter
040019443013056,Many Farms Chapter
040019443022038,Tselani Chapter
040019441003133,Tsaile-Wheatfields Chapter
040179400112096,Black Mesa Chapter
040179400151042,Indian Wells Chapter
040179400143062,Indian Wells Chapter
040059450001153,Bodaway Chapter
040179425003045,Kayenta Chapter
040059422011116,LeChee Chapter
040179400103030,Piñon Chapter
040179423003014,Shonto Chapter
040179400132047,Jeddito Chapter
040179400112032,Piñon Chapter
040179400152304,Dilcon Chapter
040059452002005,Tuba City Chapter
040059422011049,LeChee Chapter
040179400103071,Piñon Chapter
040179423003002,Shonto Chapter
040019450021091,Houck Chapter
040019427002120,Rock Point Chapter
040059422011110,Kaibeto Chapter
040059422012125,Coppermine Chapter
040179400151090,Indian Wells Chapter
040179424002035,Dennehotso Chapter
040179400152238,Bird Springs Chapter
040059422012088,Coppermine Chapter
040059450003128,Bodaway Chapter
040059450001193,Bodaway Chapter
040019449022097,Cornfields Chapter
040019449012016,Kinlichee Chapter
040019441005047,Lukachukai Chapter
040179400103024,Piñon Chapter
040179424002097,Chilchinbeto Chapter
040019426001106,Dennehotso Chapter
040019440001251,Red Lake Chapter
040019427001006,Teec Nos Pos Chapter
040179400143000,Greasewood Chapter
040179400101014,Whippoorwill Chapter
040179400101043,Whippoorwill Chapter
040179400143054,Indian Wells Chapter
040179400103033,Piñon Chapter
040179400113051,Hard Rock Chapter
040179400113055,Hard Rock Chapter
040019426001195,Dennehotso Chapter
040019449011051,Wide Ruins Chapter
040019451001007,Lupton Chapter
040019449023140,Wide Ruins Chapter
040019449021159,Steamboat Chapter
040059422012282,Coppermine Chapter
040059451002146,Bird Springs Chapter
040059422011096,Kaibeto Chapter
040059451003128,Tolani Lake Chapter
040019441003119,Tsaile-Wheatfields Chapter
040019449012002,Kinlichee Chapter
040019449012145,Kinlichee Chapter
040019449022007,Cornfields Chapter
040019427004206,Red Valley Chapter
040019443022012,Tselani Chapter
040019440001004,Crystal Chapter
040019443012148,Tachee Chapter
040019442022034,Chinle Chapter
040019427003092,Sweetwater Chapter
040059422012014,Coppermine Chapter
040059422012112,Coppermine Chapter
040019427004128,Red Valley Chapter
040019443012065,Rough Rock Chapter
040019449014144,Klagetoh Chapter
040019440001133,Red Lake Chapter
040019426001145,Dennehotso Chapter
040019427002164,Rock Point Chapter
040019449021091,Jeddito Chapter
040019449012055,Kinlichee Chapter
040019442012080,Chinle Chapter
040019440003020,Fort Defiance Chapter
040019440001255,Fort Defiance Chapter
040019449022043,Greasewood Chapter
040019451001042,Nahatadziil Chapter
040019427002205,Rock Point Chapter
040059422021094,Inscription House Chapter
040019451002150,Nahatadziil Chapter
040019426002031,Dennehotso Chapter
040179400103087,Piñon Chapter
040059422022067,LeChee Chapter
040019440002008,Fort Defiance Chapter
040019443013031,Many Farms Chapter
040019450021072,Oak Springs Chapter
040019443013049,Many Farms Chapter
040019450011005,St. Michaels Chapter
040179400113026,Piñon Chapter
040059451002050,Leupp Chapter
040059451002122,Bird Springs Chapter
040059422023038,Tonalea Chapter
040059422021105,LeChee Chapter
040019440001073,Sawmill Chapter
040179400151071,Indian Wells Chapter
040019427004030,Red Valley Chapter
040019427004102,Red Valley Chapter
040019427004000,Beclabito Chapter
040019426001090,Dennehotso Chapter
040059451004101,Coalmine Mesa Chapter
040019443013023,Many Farms Chapter
040019443013039,Many Farms Chapter
040059422012305,Coppermine Chapter
040059422012318,Coppermine Chapter
040019427002162,Rock Point Chapter
040019449023051,Klagetoh Chapter
040019440001195,Red Lake Chapter
040059422013061,Tuba City Chapter
040059450002026,Tuba City Chapter
040179400082087,Hard Rock Chapter
040179400152307,Dilcon Chapter
040179400081072,Black Mesa Chapter
040179400081044,Forest Lake Chapter
040019449024039,Ganado Chapter
040019449024135,Ganado Chapter
040059451002115,Leupp Chapter
040019443012049,Rough Rock Chapter
040059451002111,Leupp Chapter
040059450001305,Cameron Chapter
040059451001100,Leupp Chapter
040059451003102,Tolani Lake Chapter
040059422012288,Coppermine Chapter
040059450003012,Bodaway Chapter
040019440001105,Crystal Chapter
040019427003103,Sweetwater Chapter
040059422011031,Coppermine Chapter
040019443021059,Nazlini Chapter
040059451002114,Leupp Chapter
040179424001012,Oljato Chapter
040019450022036,Klagetoh Chapter
040019451001040,Nahatadziil Chapter
040019441002087,Rock Point Chapter
040019449014100,Kinlichee Chapter
040059451001050,Leupp Chapter
040059422021137,Inscription House Chapter
040179400132018,Jeddito Chapter
040019449024048,Ganado Chapter
040019449021160,Steamboat Chapter
040059422012182,Coppermine Chapter
040059422013091,Tonalea Chapter
040059451003015,Tolani Lake Chapter
040019450011008,St. Michaels Chapter
040019441002168,Round Rock Chapter
040019427004020,Sweetwater Chapter
040019443013020,Many Farms Chapter
040019450013017,St. Michaels Chapter
040179400111039,Tachee Chapter
040179400142028,White Cone Chapter
040019441005069,Tsaile-Wheatfields Chapter
040019426001178,Chilchinbeto Chapter
040179425002034,Kayenta Chapter
040179424002129,Chilchinbeto Chapter
040059422012044,Coppermine Chapter
040179423002009,Shonto Chapter
040059450001158,Bodaway Chapter
040179400143042,Indian Wells Chapter
040179400151002,White Cone Chapter
040179423002013,Shonto Chapter
040179400082062,Hard Rock Chapter
040059422012009,Coppermine Chapter
040059451002091,Leupp Chapter
040059422021073,Inscription House Chapter
040059450001183,Bodaway Chapter
040059452001015,Tuba City Chapter
040179400103057,Piñon Chapter
040019427002234,Many Farms Chapter
040019427001032,Teec Nos Pos Chapter
040019427004009,Teec Nos Pos Chapter
040179424002087,Chilchinbeto Chapter
040179425002024,Kayenta Chapter
040179400152115,Teesto Chapter
040059449001034,Tuba City Chapter
040019427002062,Mexican Water Chapter
040019427002026,Mexican Water Chapter
040019427002045,Mexican Water Chapter
040019449013000,Kinlichee Chapter
040019440001146,Sawmill Chapter
040179400102026,Low Mountain Chapter
040179400113024,Piñon Chapter
040019451002149,Nahatadziil Chapter
040019426001194,Chilchinbeto Chapter
040019426001051,Dennehotso Chapter
040019426001130,Dennehotso Chapter
040019427001025,Teec Nos Pos Chapter
040019440001199,Red Lake Chapter
040179400143051,Indian Wells Chapter
040019450023053,Houck Chapter
040019449011097,Wide Ruins Chapter
040019451002087,Nahatadziil Chapter
040019427004070,Red Valley Chapter
040059450002003,Tuba City Chapter
040059451004070,Coalmine Mesa Chapter
040019449012140,Kinlichee Chapter
040019449013077,Ganado Chapter
040019449024139,Cornfields Chapter
040019449022056,Cornfields Chapter
040019449024044,Cornfields Chapter
040019443012025,Rough Rock Chapter
040019449024013,Ganado Chapter
040019450023117,Houck Chapter
040059422023049,Kaibeto Chapter
040019441004015,Tsaile-Wheatfields Chapter
040019450011017,St. Michaels Chapter
040019449024026,Ganado Chapter
040019449014149,Klagetoh Chapter
040019443012000,Many Farms Chapter
040019443013047,Many Farms Chapter
040019427002282,Rock Point Chapter
040019426001114,Chilchinbeto Chapter
040019449012054,Kinlichee Chapter
040019442012019,Chinle Chapter
040019443011021,Many Farms Chapter
040059451004188,Coalmine Mesa Chapter
040019440002072,Fort Defiance Chapter
040019440003000,Fort Defiance Chapter
040019440001027,Crystal Chapter
040019442021034,Chinle Chapter
040019449011088,Wide Ruins Chapter
040019426001048,Dennehotso Chapter
040059450001366,Cameron Chapter
040059422022092,Kaibeto Chapter
040059422022102,Kaibeto Chapter
040059422013012,Tonalea Chapter
040059422021089,Inscription House Chapter
040059450003011,Bodaway Chapter
040059422023027,Kaibeto Chapter
040019449011108,Wide Ruins Chapter
040179423003063,Inscription House Chapter
040059449001023,Tuba City Chapter
040059451003087,Tolani Lake Chapter
040179400152268,Bird Springs Chapter
040179400152269,Bird Springs Chapter
040059422011037,LeChee Chapter
040019443021127,Nazlini Chapter
040019427002148,Rock Point Chapter
040019427002155,Rock Point Chapter
040019449012108,Kinlichee Chapter
040019450012018,St. Michaels Chapter
040019450011016,St. Michaels Chapter
040019449014122,Klagetoh Chapter
040059422012072,Coppermine Chapter
040059422012208,Coppermine Chapter
040019450021149,Lupton Chapter
040019442011003,Chinle Chapter
040019449023165,Wide Ruins Chapter
040019449023033,Klagetoh Chapter
040059422013104,Tonalea Chapter
040059450003109,Bodaway Chapter
040179400082073,Hard Rock Chapter
040019441004001,Lukachukai Chapter
040019442023075,Chinle Chapter
040019449021068,Steamboat Chapter
040059422021035,Inscription House Chapter
040179423003008,Shonto Chapter
040179424001261,Kayenta Chapter
040019449023080,Klagetoh Chapter
040059450003165,Bodaway Chapter
040059450001106,Bodaway Chapter
040059451002084,Leupp Chapter
040059451003072,Tolani Lake Chapter
040179400142068,White Cone Chapter
040179400142135,White Cone Chapter
040179400142005,White Cone Chapter
040019443022081,Tselani Chapter
040019427003001,Teec Nos Pos Chapter
040019427004212,Sanostee Chapter
040019443011044,Many Farms Chapter
040059451002144,Bird Springs Chapter
040179400081003,Black Mesa Chapter
040019427002194,Rock Point Chapter
040019451002027,Nahatadziil Chapter
040019427001020,Teec Nos Pos Chapter
040019442022037,Chinle Chapter
040059422013011,Tonalea Chapter
040179400103085,Piñon Chapter
040059422022122,Kaibeto Chapter
040059422012271,Coppermine Chapter
040059449001004,Tuba City Chapter
040179425003025,Kayenta Chapter
040019449022112,Klagetoh Chapter
040019441001025,Lukachukai Chapter
040019450011004,St. Michaels Chapter
040019443013054,Many Farms Chapter
040019427003077,Sweetwater Chapter
040179400153011,Dilcon Chapter
040179400082021,Hard Rock Chapter
040059450001118,Bodaway Chapter
040059451004262,Bodaway Chapter
040019441002149,Round Rock Chapter
040019443011095,Many Farms Chapter
040019426001184,Chilchinbeto Chapter
040019443012062,Rough Rock Chapter
040059422012027,Coppermine Chapter
040059450001197,Bodaway Chapter
040179424002029,Dennehotso Chapter
040179400142120,White Cone Chapter
040179400112034,Piñon Chapter
040059422012036,Coppermine Chapter
040059450003177,Bodaway Chapter
040179400143065,Indian Wells Chapter
040059450002069,Tuba City Chapter
040059450002083,Tuba City Chapter
040019441002054,Rock Point Chapter
040179425001015,Kayenta Chapter
040179400142108,White Cone Chapter
040179400102032,Low Mountain Chapter
040059422012086,Coppermine Chapter
040019427002063,Mexican Water Chapter
040019427002015,Mexican Water Chapter
040019426001170,Chilchinbeto Chapter
040019427003042,Sweetwater Chapter
040019441005024,Lukachukai Chapter
040019443013010,Many Farms Chapter
040179400103064,Piñon Chapter
040179423003048,Shonto Chapter
040019426001187,Chilchinbeto Chapter
040019426001094,Dennehotso Chapter
040019449012075,Kinlichee Chapter
040019440001198,Red Lake Chapter
040179400141071,Greasewood Chapter
040059451001090,Leupp Chapter
040059450002022,Tuba City Chapter
040179400101036,Whippoorwill Chapter
040059422022089,Kaibeto Chapter
040059451002118,Bird Springs Chapter
040059451002021,Bird Springs Chapter
040059422013060,Tuba City Chapter
040019440002022,Fort Defiance Chapter
040019441004060,Tsaile-Wheatfields Chapter
040059450002012,Tuba City Chapter
040019426001138,Chilchinbeto Chapter
040019427003010,Teec Nos Pos Chapter
040059422013080,Tonalea Chapter
040059422013033,Tonalea Chapter
040019440001010,Crystal Chapter
040019449024085,Ganado Chapter
040019441002019,Round Rock Chapter
040019441003097,Tsaile-Wheatfields Chapter
040059422012119,Coppermine Chapter
040059422022002,Kaibeto Chapter
040019449013069,Ganado Chapter
040019449024142,Cornfields Chapter
040019443013059,Many Farms Chapter
040019441003004,Tsaile-Wheatfields Chapter
040019449014187,Klagetoh Chapter
040019427004172,Sanostee Chapter
040019441004088,Tsaile-Wheatfields Chapter
040019443013022,Many Farms Chapter
040019449014054,Kinlichee Chapter
040019449022036,Greasewood Chapter
040019440002018,Fort Defiance Chapter
040019440002028,Fort Defiance Chapter
040019442022012,Chinle Chapter
040019441004040,Tsaile-Wheatfields Chapter
040019441002036,Rock Point Chapter
040019440001085,Nazlini Chapter
040019442023038,Chinle Chapter
040059422013046,Tonalea Chapter
040059450001058,Bodaway Chapter
040019449021099,Jeddito Chapter
040019451002123,Nahatadziil Chapter
040179400112092,Piñon Chapter
040179400112061,Black Mesa Chapter
040179400102027,Low Mountain Chapter
040059451003024,Tolani Lake Chapter
040019442012004,Chinle Chapter
040019443013077,Many Farms Chapter
040059450003001,Bodaway Chapter
040059422023078,Tonalea Chapter
040019440001070,Chinle Chapter
040019449014087,Kinlichee Chapter
040179400132034,Jeddito Chapter
040179424001055,Kayenta Chapter
040179400152107,Tolani Lake Chapter
040179400151052,Indian Wells Chapter
040179400151055,Indian Wells Chapter
040059450001184,Bodaway Chapter
040019443012154,Tachee Chapter
040059422011107,Coppermine Chapter
040019443013046,Many Farms Chapter
040059450003161,Bodaway Chapter
040059450003106,Bodaway Chapter
040059450001083,Cameron Chapter
040059450001115,Bodaway Chapter
040059422022070,LeChee Chapter
040179400112002,Black Mesa Chapter
040179400141038,Greasewood Chapter
040019440002059,Fort Defiance Chapter
040059422021008,Navajo Mountain Chapter
040059451002032,Leupp Chapter
040059450001046,Bodaway Chapter
040019440001178,Sawmill Chapter
040019449014066,Kinlichee Chapter
040019449013093,Ganado Chapter
040019443012124,Tachee Chapter
040019443022188,Tselani Chapter
040179400103043,Piñon Chapter
040019443011083,Many Farms Chapter
040059451001052,Leupp Chapter
040019450022070,St. Michaels Chapter
040059422023054,Kaibeto Chapter
040059422012273,Coppermine Chapter
040179425001022,Kayenta Chapter
040019441002013,Rock Point Chapter
040019449022001,Cornfields Chapter
040059450003038,Bodaway Chapter
040019449022011,Cornfields Chapter
040019441004105,Many Farms Chapter
040019426001073,Dennehotso Chapter
040019449021060,Steamboat Chapter
040019449014084,Kinlichee Chapter
040019427004204,Cove Chapter
040019443022020,Tselani Chapter
040179400152187,Dilcon Chapter
040179400113088,Piñon Chapter
040179400082084,Hard Rock Chapter
040179400152189,Dilcon Chapter
040179424001002,Oljato Chapter
040179424001053,Oljato Chapter
040059422013082,Tonalea Chapter
040179400152021,Teesto Chapter
040179400103026,Piñon Chapter
040179400151079,Indian Wells Chapter
040179400132040,Jeddito Chapter
040059422011005,LeChee Chapter
040059450001178,Bodaway Chapter
040179400152040,Teesto Chapter
040179400153064,Dilcon Chapter
040179400103020,Piñon Chapter
040179400132054,Jeddito Chapter
040179423002003,Shonto Chapter
040019450021141,Lupton Chapter
040019450023114,Nahatadziil Chapter
040019427001008,Teec Nos Pos Chapter
040059451001005,Coalmine Mesa Chapter
040179400112035,Piñon Chapter
040179400102007,Whippoorwill Chapter
040059450002106,Tuba City Chapter
040059451004278,Cameron Chapter
040019427002012,Mexican Water Chapter
040019440001145,Sawmill Chapter
040019441005049,Lukachukai Chapter
040019426001033,Dennehotso Chapter
040019443013007,Many Farms Chapter
040019441002130,Round Rock Chapter
040019443012095,Black Mesa Chapter
040019443012121,Black Mesa Chapter
040179400103025,Piñon Chapter
040019443022055,Tselani Chapter
040019450022000,St. Michaels Chapter
040019426002009,Dennehotso Chapter
040019427001000,Teec Nos Pos Chapter
040019440002050,Fort Defiance Chapter
040019449012120,Kinlichee Chapter
040059422012295,Coppermine Chapter
040019426001201,Dennehotso Chapter
040019427004038,Red Valley Chapter
040019449011048,Wide Ruins Chapter
040019449013033,Ganado Chapter
040019443012046,Rough Rock Chapter
040059450003040,Bodaway Chapter
040019443021135,Nazlini Chapter
040019451001077,Nahatadziil Chapter
040019443021068,Nazlini Chapter
040019449022057,Cornfields Chapter
040059451004275,Cameron Chapter
040059422022039,Kaibeto Chapter
040019443022071,Tselani Chapter
040019442023037,Chinle Chapter
040019451002126,Nahatadziil Chapter
040059422012053,Coppermine Chapter
040059450003108,Bodaway Chapter
040059450001251,Bodaway Chapter
040059422012030,Coppermine Chapter
040059451002051,Leupp Chapter
040059451003085,Tolani Lake Chapter
040019441003042,Tsaile-Wheatfields Chapter
040019449021049,Jeddito Chapter
040019449012014,Kinlichee Chapter
040019443022057,Tselani Chapter
040019443011061,Many Farms Chapter
040019443013032,Many Farms Chapter
040019449014132,Klagetoh Chapter
040019450021045,Klagetoh Chapter
040019441003007,Tsaile-Wheatfields Chapter
040019449013050,Ganado Chapter
040059450001295,Cameron Chapter
040059422013035,Tonalea Chapter
040059422022127,Kaibeto Chapter
040059422012272,Coppermine Chapter
040179423003114,Inscription House Chapter
040179400143007,Greasewood Chapter
040179400102030,Low Mountain Chapter
040179400153058,Dilcon Chapter
040179400103016,Piñon Chapter
040059422012268,Tuba City Chapter
040059422021078,Inscription House Chapter
040059450003072,Bodaway Chapter
040019450022003,St. Michaels Chapter
040019441005032,Cove Chapter
040059422022013,Kaibeto Chapter
040059451004293,Coalmine Mesa Chapter
040059422013107,Tonalea Chapter
040019440001090,Nazlini Chapter
040019443021007,Nazlini Chapter
040019441002022,Round Rock Chapter
040019450022062,St. Michaels Chapter
040179423003122,Kayenta Chapter
040019442023066,Nazlini Chapter
040059422012174,Coppermine Chapter
040059422012089,Coppermine Chapter
040059422011057,LeChee Chapter
040059422012136,Coppermine Chapter
040019449023130,Wide Ruins Chapter
040019449023025,Klagetoh Chapter
040019426001192,Chilchinbeto Chapter
040019451002092,Nahatadziil Chapter
040019449023171,Klagetoh Chapter
040059422012262,Tuba City Chapter
040059450001052,Bodaway Chapter
040019449021059,Steamboat Chapter
040019443022152,Tselani Chapter
040019449013080,Ganado Chapter
040179400132023,Jeddito Chapter
040179424001165,Chilchinbeto Chapter
040179423003037,Kayenta Chapter
040019449022153,Wide Ruins Chapter
040019449023102,Wide Ruins Chapter
040019449011028,Wide Ruins Chapter
040059451002191,Leupp Chapter
040059451004250,Coalmine Mesa Chapter
040179400081103,Forest Lake Chapter
040019443011038,Many Farms Chapter
040019443022093,Tselani Chapter
040019443012089,Tachee Chapter
040019441002004,Sweetwater Chapter
040019443022110,Tselani Chapter
040019427004157,Red Valley Chapter
040019451002042,Nahatadziil Chapter
040019427003035,Mexican Water Chapter
040019450012019,St. Michaels Chapter
040059422011120,Coppermine Chapter
040179400153027,Dilcon Chapter
040179423003054,Inscription House Chapter
040019449021206,Steamboat Chapter
040019449022059,Cornfields Chapter
040059450003063,Bodaway Chapter
040019441002106,Round Rock Chapter
040019440001149,Sawmill Chapter
040019449013078,Ganado Chapter
040019449014155,Ganado Chapter
040019441004114,Tsaile-Wheatfields Chapter
040019443021040,Nazlini Chapter
040179400081030,Forest Lake Chapter
040179400112050,Tachee Chapter
040179425003015,Kayenta Chapter
040179400143088,Indian Wells Chapter
040179424001255,Kayenta Chapter
040019441004090,Many Farms Chapter
040059451002171,Leupp Chapter
040059451003113,Bird Springs Chapter
040059449002035,Coalmine Mesa Chapter
040059450001170,Bodaway Chapter
040059422022121,Kaibeto Chapter
040179400152008,Teesto Chapter
040179400143114,Indian Wells Chapter
040179423003119,Shonto Chapter
040179400141019,Greasewood Chapter
040179400081092,Forest Lake Chapter
040179400153047,Dilcon Chapter
040179424001264,Oljato Chapter
040179400143056,Indian Wells Chapter
040179423003086,Shonto Chapter
040059450002073,Tuba City Chapter
040059422023074,Tonalea Chapter
040179400142018,White Cone Chapter
040059450001186,Bodaway Chapter
040179400152225,Dilcon Chapter
040059450002041,Tuba City Chapter
040019450023009,Houck Chapter
040019427001029,Teec Nos Pos Chapter
040179424002062,Chilchinbeto Chapter
040179400103004,Piñon Chapter
040179425002033,Kayenta Chapter
040179424002088,Chilchinbeto Chapter
040019449011094,Wide Ruins Chapter
040019451002071,Houck Chapter
040019450013024,St. Michaels Chapter
040059449003008,Tuba City Chapter
040059450001210,Bodaway Chapter
040019449024055,Ganado Chapter
040019443021110,Nazlini Chapter
040019449024028,Ganado Chapter
040019443011084,Many Farms Chapter
040019449014044,Kinlichee Chapter
040019449012123,Kinlichee Chapter
040019450012022,St. Michaels Chapter
040179424001164,Chilchinbeto Chapter
040059450003139,Bodaway Chapter
040179400141120,Greasewood Chapter
040179424002068,Chilchinbeto Chapter
040179400151059,Indian Wells Chapter
040179400142050,White Cone Chapter
040179400152024,Teesto Chapter
040059422023100,Inscription House Chapter
040179423003068,Shonto Chapter
040019449011056,Wide Ruins Chapter
040019427004232,Red Valley Chapter
040019426002040,Dennehotso Chapter
040019449022061,Cornfields Chapter
040019449021200,Steamboat Chapter
040019441001011,Lukachukai Chapter
040059450002050,Tuba City Chapter
040059422012237,Kaibeto Chapter
040019427004129,Cove Chapter
040019427002080,Mexican Water Chapter
040059452003006,Tuba City Chapter
040019449012007,Kinlichee Chapter
040059450001300,Cameron Chapter
040019441003083,Tsaile-Wheatfields Chapter
040019441003074,Tsaile-Wheatfields Chapter
040019442012036,Chinle Chapter
040059422012118,Coppermine Chapter
040019441003043,Tsaile-Wheatfields Chapter
040019441003114,Tsaile-Wheatfields Chapter
040019440001221,Sawmill Chapter
040019443011042,Many Farms Chapter
040019443011026,Many Farms Chapter
040019443011036,Many Farms Chapter
040019443021153,Nazlini Chapter
040019449012010,Kinlichee Chapter
040019449014032,Kinlichee Chapter
040019443022013,Tachee Chapter
040019450022045,Oak Springs Chapter
040059452003004,Coalmine Mesa Chapter
040019441003029,Tsaile-Wheatfields Chapter
040019442012067,Chinle Chapter
040019441002100,Round Rock Chapter
040019442021026,Chinle Chapter
040059450001310,Cameron Chapter
040059422021086,Inscription House Chapter
040059450001363,Cameron Chapter
040059450001333,Cameron Chapter
040179425003005,Kayenta Chapter
040059449001024,Tuba City Chapter
040059422011091,LeChee Chapter
040059422022029,Kaibeto Chapter
040019449013005,Kinlichee Chapter
040179400112084,Piñon Chapter
040179400112091,Piñon Chapter
040179400082046,Hard Rock Chapter
040059450001123,Bodaway Chapter
040059451002015,Bird Springs Chapter
040059451002042,Leupp Chapter
040019441003096,Tsaile-Wheatfields Chapter
040019440001208,Fort Defiance Chapter
040019427002129,Rock Point Chapter
040019427002130,Rock Point Chapter
040019442011001,Chinle Chapter
040179400112049,Tachee Chapter
040179400111022,Tachee Chapter
040019443012173,Tachee Chapter
040179400152073,Tolani Lake Chapter
040179400152102,Tolani Lake Chapter
040179400152065,Tolani Lake Chapter
040019427003043,Rock Point Chapter
040019443013038,Many Farms Chapter
040019443021038,Nazlini Chapter
040059422011055,LeChee Chapter
040059422012172,Coppermine Chapter
040059422012141,Coppermine Chapter
040059450003055,Bodaway Chapter
040059422012249,Kaibeto Chapter
040059422022004,Kaibeto Chapter
040179424002121,Chilchinbeto Chapter
040179400112006,Black Mesa Chapter
040019449012088,Kinlichee Chapter
040059451003121,Bird Springs Chapter
040059451002071,Leupp Chapter
040019440001268,Kinlichee Chapter
040019427002225,Rock Point Chapter
040019450022035,St. Michaels Chapter
040059450001277,Cameron Chapter
040059451002095,Leupp Chapter
040059422023072,Tonalea Chapter
040059422012209,Coppermine Chapter
040059422012284,Coppermine Chapter
040179400082059,Hard Rock Chapter
040019443022018,Tselani Chapter
040019440001028,Crystal Chapter
040019440001009,Crystal Chapter
040179400142075,White Cone Chapter
040059451002139,Bird Springs Chapter
040179400141084,Greasewood Chapter
040019442023077,Nazlini Chapter
040019449021149,Steamboat Chapter
040019441002163,Round Rock Chapter
040019427004048,Red Valley Chapter
040019441002063,Rock Point Chapter
040019443012054,Black Mesa Chapter
040059422013127,Tonalea Chapter
040059422023083,Tonalea Chapter
040059422021070,Inscription House Chapter
040059422011006,LeChee Chapter
040059422022060,Kaibeto Chapter
040179400152049,Dilcon Chapter
040019449022088,Cornfields Chapter
040019450021016,St. Michaels Chapter
040019449024002,Nazlini Chapter
040059450003064,Bodaway Chapter
040019450011003,St. Michaels Chapter
040019449012083,Kinlichee Chapter
040019443012132,Tachee Chapter
040179400113022,Piñon Chapter
040179424002086,Chilchinbeto Chapter
040179424001141,Kayenta Chapter
040019450023090,Houck Chapter
040179400143101,Indian Wells Chapter
040059450002084,Tuba City Chapter
040179400152275,Bird Springs Chapter
040179425003044,Kayenta Chapter
040179400152016,Teesto Chapter
040179400152028,Teesto Chapter
040179400141106,Indian Wells Chapter
040179400143068,Greasewood Chapter
040179400142001,Steamboat Chapter
040179400141093,Greasewood Chapter
040179424001171,Kayenta Chapter
040179400143147,Indian Wells Chapter
040179400112033,Piñon Chapter
040179400143134,Indian Wells Chapter
040059450002066,Tuba City Chapter
040179400103055,Piñon Chapter
040019451001010,Houck Chapter
040019442021028,Chinle Chapter
040019449021075,Steamboat Chapter
040019449024040,Ganado Chapter
040019427001027,Teec Nos Pos Chapter
040179425001019,Kayenta Chapter
040179400152170,Dilcon Chapter
040019426001097,Dennehotso Chapter
040019449023108,Wide Ruins Chapter
040019426001080,Dennehotso Chapter
040019443012026,Rough Rock Chapter
040019441005059,Lukachukai Chapter
040019443021028,Chinle Chapter
040019441002141,Round Rock Chapter
040019443013016,Many Farms Chapter
040019426001083,Dennehotso Chapter
040019443013005,Tsaile-Wheatfields Chapter
040059451002184,Leupp Chapter
040059451002165,Leupp Chapter
040179423001000,Kayenta Chapter
040179400152325,Teesto Chapter
040019449011102,Wide Ruins Chapter
040019449011063,Wide Ruins Chapter
040019450022097,St. Michaels Chapter
040019449013020,Ganado Chapter
040019449022018,Cornfields Chapter
040059422012234,Kaibeto Chapter
040019441005068,Lukachukai Chapter
040019449021089,Jeddito Chapter
040019449021196,Jeddito Chapter
040019442022030,Chinle Chapter
040019426001104,Dennehotso Chapter
040019427004094,Cove Chapter
040019449023039,Klagetoh Chapter
040019450023051,Houck Chapter
040059422013112,Tonalea Chapter
040059422012111,Coppermine Chapter
040059451002154,Bird Springs Chapter
040019449012072,Kinlichee Chapter
040019449022075,Cornfields Chapter
040019441001024,Lukachukai Chapter
040019450022095,St. Michaels Chapter
040019443013037,Many Farms Chapter
040019427002153,Rock Point Chapter
040019449021207,Steamboat Chapter
040019449014186,Klagetoh Chapter
040059422022026,LeChee Chapter
040059422022044,Kaibeto Chapter
040019441004101,Tsaile-Wheatfields Chapter
040019449014056,Kinlichee Chapter
040019449014041,Kinlichee Chapter
040019440002005,Fort Defiance Chapter
040019440002071,Fort Defiance Chapter
040019442022013,Chinle Chapter
040019441003050,Tsaile-Wheatfields Chapter
040019440001015,Crystal Chapter
040019440001045,Sawmill Chapter
040019442022023,Chinle Chapter
040059451001023,Leupp Chapter
040059422023033,Tonalea Chapter
040059422012247,Coppermine Chapter
040179400103094,Piñon Chapter
040179605001020,Dilcon Chapter
040179400112052,Tachee Chapter
040059451001066,Leupp Chapter
040059450001069,Bodaway Chapter
040059451002047,Leupp Chapter
040019427002040,Red Mesa Chapter
040019441003063,Tsaile-Wheatfields Chapter
040019427001063,Teec Nos Pos Chapter
040019427002176,Rock Point Chapter
040019440002068,Fort Defiance Chapter
040179400132020,Jeddito Chapter
040179423002034,Inscription House Chapter
040179400151080,Indian Wells Chapter
040019427004120,Red Valley Chapter
040019427004107,Red Valley Chapter
040019426002029,Dennehotso Chapter
040019427001034,Teec Nos Pos Chapter
040019427004230,Beclabito Chapter
040019427001074,Teec Nos Pos Chapter
040059422011020,LeChee Chapter
040059422011077,LeChee Chapter
040059422011105,Coppermine Chapter
040059422011104,Kaibeto Chapter
040019449023071,Klagetoh Chapter
040019427002197,Rock Point Chapter
040059450001053,Bodaway Chapter
040179423001007,Kayenta Chapter
040179400141035,Greasewood Chapter
040019449011011,Wide Ruins Chapter
040019449012094,Kinlichee Chapter
040019440002056,Fort Defiance Chapter
040019450014005,St. Michaels Chapter
040059451002026,Leupp Chapter
040019443022100,Tselani Chapter
040179424001197,Kayenta Chapter
040179400152241,Bird Springs Chapter
040019449023127,Wide Ruins Chapter
040019449014207,Klagetoh Chapter
040019449023134,Wide Ruins Chapter
040019449023156,Wide Ruins Chapter
040019427004104,Red Valley Chapter
040059451004248,Coalmine Mesa Chapter
040059451003109,Bird Springs Chapter
040019427004199,Cove Chapter
040019449012036,Kinlichee Chapter
040019449014085,Kinlichee Chapter
040019449014080,Kinlichee Chapter
040019443011007,Many Farms Chapter
040019440001016,Crystal Chapter
040019427004136,Sanostee Chapter
040059451001009,Tolani Lake Chapter
040059451002136,Bird Springs Chapter
040179400141049,Greasewood Chapter
040019440002066,Fort Defiance Chapter
040019449012022,Nazlini Chapter
040179400143110,Indian Wells Chapter
040019443012119,Tachee Chapter
040019427004184,Sanostee Chapter
040059422012097,Coppermine Chapter
040059452001016,Tuba City Chapter
040019449012080,Kinlichee Chapter
040019449012137,Kinlichee Chapter
040019450022027,Kinlichee Chapter
040019441005007,Lukachukai Chapter
040179400152310,Dilcon Chapter
040179400112082,Piñon Chapter
040179425001004,Kayenta Chapter
040179400082098,Hard Rock Chapter
040179400152302,Bird Springs Chapter
040019441004025,Tsaile-Wheatfields Chapter
040059450001219,Cameron Chapter
040179424001001,Oljato Chapter
040179423002051,Shonto Chapter
040059450001161,Bodaway Chapter
040059422022042,Kaibeto Chapter
040179424002044,Dennehotso Chapter
040179400141020,Greasewood Chapter
040059422021103,LeChee Chapter
040059422012008,Coppermine Chapter
040059450001240,Bodaway Chapter
040059450001195,Bodaway Chapter
040059450001149,Bodaway Chapter
040179400132045,Jeddito Chapter
040179424001226,Kayenta Chapter
040019450023085,Houck Chapter
040019449012020,Kinlichee Chapter
040019442012013,Chinle Chapter
040019427002237,Rock Point Chapter
040059422012043,Coppermine Chapter
040179425001003,Kayenta Chapter
040179400153078,Dilcon Chapter
040019450023079,Houck Chapter
040059451004023,Tuba City Chapter
040059452002010,Tuba City Chapter
040059451004284,Coalmine Mesa Chapter
040019426002038,Dennehotso Chapter
040179400113086,Hard Rock Chapter
040019440001245,Red Lake Chapter
040179423003094,Inscription House Chapter
040179424001150,Kayenta Chapter
040179400141095,Greasewood Chapter
040179423003080,Shonto Chapter
040059449001015,Tuba City Chapter
040179424002077,Chilchinbeto Chapter
040019451001101,Nahatadziil Chapter
040019442012027,Chinle Chapter
040019427004208,Cove Chapter
040019449013042,Ganado Chapter
040019441004050,Tsaile-Wheatfields Chapter
040059450002006,Tuba City Chapter
040019443013029,Many Farms Chapter
040019442022048,Chinle Chapter
040059451002143,Bird Springs Chapter
040019449024082,Ganado Chapter
040019443012044,Rough Rock Chapter
040059450001370,Cameron Chapter
040019427002221,Rock Point Chapter
040019443012012,Rough Rock Chapter
040059450001044,Bodaway Chapter
040059450001286,Cameron Chapter
040059451002134,Bird Springs Chapter
040019427004231,Red Valley Chapter
040019450014038,St. Michaels Chapter
040019450014004,St. Michaels Chapter
040019449014141,Klagetoh Chapter
040019441002023,Round Rock Chapter
040019427001073,Teec Nos Pos Chapter
040019427003087,Sweetwater Chapter
040019449012040,Kinlichee Chapter
040019442012079,Chinle Chapter
040019442022009,Chinle Chapter
040019440002060,Fort Defiance Chapter
040019426001039,Dennehotso Chapter
040019441002064,Rock Point Chapter
040019427003011,Sweetwater Chapter
040059422022084,Kaibeto Chapter
040059450003124,Bodaway Chapter
040019427002151,Rock Point Chapter
040179400103062,Piñon Chapter
040059422023063,Tonalea Chapter
040059451003020,Tolani Lake Chapter
040059422021127,LeChee Chapter
040019443013079,Many Farms Chapter
040059422011045,LeChee Chapter
040059422023036,Tonalea Chapter
040019440001176,Sawmill Chapter
040019427002027,Mexican Water Chapter
040019441004036,Tsaile-Wheatfields Chapter
040019442023065,Chinle Chapter
040179400152246,Bird Springs Chapter
040019427004017,Red Valley Chapter
040019442023060,Chinle Chapter
040059422012315,Coppermine Chapter
040059451001095,Leupp Chapter
040059422013118,Tonalea Chapter
040059451001021,Leupp Chapter
040019450023097,Houck Chapter
040019443022103,Tselani Chapter
040059422011054,LeChee Chapter
040050021011010,LeChee Chapter
040059450001201,Bodaway Chapter
040059422013049,Tonalea Chapter
040059422022136,Kaibeto Chapter
040179425003019,Kayenta Chapter
040179423001054,Kayenta Chapter
040019449024132,Ganado Chapter
040179400152166,Dilcon Chapter
040019449022092,Cornfields Chapter
040059450001274,Cameron Chapter
040059451002080,Leupp Chapter
040019427002050,Red Mesa Chapter
040019443022120,Tselani Chapter
040019443021113,Nazlini Chapter
040019440001030,Crystal Chapter
040059422013102,Tonalea Chapter
040059451002164,Leupp Chapter
040179400143016,Greasewood Chapter
040019449024014,Ganado Chapter
040019427002149,Rock Point Chapter
040019451002029,Nahatadziil Chapter
040019449023009,Klagetoh Chapter
040019450021044,Oak Springs Chapter
040019427001089,Teec Nos Pos Chapter
040019427001051,Teec Nos Pos Chapter
040179424001005,Oljato Chapter
040059449003005,Tuba City Chapter
040019449022078,Klagetoh Chapter
040019449022003,Cornfields Chapter
040059422021110,LeChee Chapter
040019442012109,Chinle Chapter
040019450013004,Kinlichee Chapter
040179400152113,Tolani Lake Chapter
040179400141008,Steamboat Chapter
040019441002069,Round Rock Chapter
040019426001210,Chilchinbeto Chapter
040019426001214,Chilchinbeto Chapter
040179424001099,Oljato Chapter
040179424001009,Oljato Chapter
040179425003029,Kayenta Chapter
040179400152209,Dilcon Chapter
040179400152023,Teesto Chapter
040179400132046,Jeddito Chapter
040179424001043,Oljato Chapter
040179424001200,Kayenta Chapter
040059422011030,LeChee Chapter
040059451002088,Leupp Chapter
040059422013026,Tonalea Chapter
040059450001112,Bodaway Chapter
040019442012076,Chinle Chapter
040019449021022,Steamboat Chapter
040019427002266,Sweetwater Chapter
040019443011030,Many Farms Chapter
040059422011133,Coppermine Chapter
040179400142133,White Cone Chapter
040179400142090,White Cone Chapter
040059452001000,Tuba City Chapter
040019442023050,Chinle Chapter
040179400102005,Low Mountain Chapter
040019427004029,Red Valley Chapter
040019426002045,Dennehotso Chapter
040019426001092,Dennehotso Chapter
040019440002002,Fort Defiance Chapter
040019427001002,Teec Nos Pos Chapter
040059422012291,Coppermine Chapter
040179400142002,Steamboat Chapter
040179424002105,Chilchinbeto Chapter
040179424002060,Chilchinbeto Chapter
040019449022014,Cornfields Chapter
040059451004099,Coalmine Mesa Chapter
040059451004190,Coalmine Mesa Chapter
040019441003105,Tsaile-Wheatfields Chapter
040019443012079,Rough Rock Chapter
040059450001318,Cameron Chapter
040019443011043,Many Farms Chapter
040019441003072,Tsaile-Wheatfields Chapter
040019427004072,Red Valley Chapter
040019449013023,Ganado Chapter
040059451003088,Tolani Lake Chapter
040019441004122,Round Rock Chapter
040019449013044,Kinlichee Chapter
040019443013058,Many Farms Chapter
040019426001151,Chilchinbeto Chapter
040019449011074,Wide Ruins Chapter
040059422012217,Kaibeto Chapter
040019427002260,Mexican Water Chapter
040019440002012,Fort Defiance Chapter
040019440001047,Sawmill Chapter
040019449021165,Steamboat Chapter
040019442022059,Chinle Chapter
040019451001049,Nahatadziil Chapter
040059450001280,Cameron Chapter
040059450001000,Bodaway Chapter
040059450002081,Tuba City Chapter
040059451001030,Leupp Chapter
040059422023001,Inscription House Chapter
040019451002105,Nahatadziil Chapter
040179423002005,Shonto Chapter
040179423002007,Shonto Chapter
040059422012099,Coppermine Chapter
040059422021128,LeChee Chapter
040019427002114,Rock Point Chapter
040019449014025,Kinlichee Chapter
040179400152240,Bird Springs Chapter
040179424001143,Kayenta Chapter
040179424002016,Dennehotso Chapter
040059422022015,Kaibeto Chapter
040059422023073,Tonalea Chapter
040019440001064,Sawmill Chapter
040019450022094,St. Michaels Chapter
040179424001072,Kayenta Chapter
040179400132027,Jeddito Chapter
040179424001059,Kayenta Chapter
040019427004040,Red Valley Chapter
040019450014018,St. Michaels Chapter
040019442012123,Chinle Chapter
040059422012060,Coppermine Chapter
040019443012072,Rough Rock Chapter
040019442012069,Chinle Chapter
040059422011079,LeChee Chapter
040059451004185,Coalmine Mesa Chapter
040059451004177,Coalmine Mesa Chapter
040019449024120,Cornfields Chapter
040019427002013,Mexican Water Chapter
040059450003164,Bodaway Chapter
040059450003105,Bodaway Chapter
040179400081068,Black Mesa Chapter
040019440001233,Sawmill Chapter
040019449012136,Kinlichee Chapter
040019440003013,Fort Defiance Chapter
040019440001135,Sawmill Chapter
040179400113007,Piñon Chapter
040059450001325,Cameron Chapter
040059422021100,Inscription House Chapter
040059451004290,Cameron Chapter
040059422012162,Coppermine Chapter
040059422012274,Coppermine Chapter
040179400142009,White Cone Chapter
040179400082023,Hard Rock Chapter
040019427002038,Mexican Water Chapter
040019443021061,Nazlini Chapter
040019441003005,Tsaile-Wheatfields Chapter
040019427004186,Sanostee Chapter
040019443011020,Many Farms Chapter
040019442012105,Chinle Chapter
040019427004183,Lukachukai Chapter
040179400103048,Piñon Chapter
040059422013074,Tonalea Chapter
040179400143030,Greasewood Chapter
040179400141060,Greasewood Chapter
040019450022042,Oak Springs Chapter
040019427002217,Rock Point Chapter
040019443022109,Tselani Chapter
040019449021106,Steamboat Chapter
040019450021133,Lupton Chapter
040179400081051,Forest Lake Chapter
040019441002155,Round Rock Chapter
040019449013065,Ganado Chapter
040019427004189,Tsaile-Wheatfields Chapter
040019443022061,Tselani Chapter
040179423003033,Shonto Chapter
040179425003032,Kayenta Chapter
040019442012053,Chinle Chapter
040059451004296,Coalmine Mesa Chapter
040179400152188,Dilcon Chapter
040179400152281,Bird Springs Chapter
040179424001050,Oljato Chapter
040179423001009,Kayenta Chapter
040059451001039,Leupp Chapter
040179400102047,Low Mountain Chapter
040179423002020,Shonto Chapter
040179400152139,Teesto Chapter
040179400151086,Dilcon Chapter
040179400151034,Indian Wells Chapter
040179423003003,Kayenta Chapter
040179400152313,Dilcon Chapter
040179400112039,Piñon Chapter
040059449002032,Coalmine Mesa Chapter
040059422012201,Coppermine Chapter
040179400152003,Teesto Chapter
040179400142132,White Cone Chapter
040019450023102,Lupton Chapter
040019426001077,Dennehotso Chapter
040019443012158,Many Farms Chapter
040019441002028,Round Rock Chapter
040059450003070,Bodaway Chapter
040019451002096,Nahatadziil Chapter
040019451002097,Nahatadziil Chapter
040059449001022,Tuba City Chapter
040019426001217,Dennehotso Chapter
040019427002075,Mexican Water Chapter
040019443013004,Round Rock Chapter
040179400112066,Piñon Chapter
040019426002051,Dennehotso Chapter
040019449012106,Kinlichee Chapter
040019449012114,Kinlichee Chapter
040059451004269,Coalmine Mesa Chapter
040179400101021,Whippoorwill Chapter
040179423003071,Shonto Chapter
040019449011107,Wide Ruins Chapter
040019426001135,Dennehotso Chapter
040019441004057,Tsaile-Wheatfields Chapter
040059422012055,Coppermine Chapter
040059450002009,Tuba City Chapter
040059450002007,Tuba City Chapter
040019427002258,Mexican Water Chapter
040019442012088,Chinle Chapter
040059422022046,Kaibeto Chapter
040019450021007,Oak Springs Chapter
040059451003114,Bird Springs Chapter
040019449012150,Kinlichee Chapter
040019442012078,Chinle Chapter
040019426002044,Dennehotso Chapter
040019449023097,Wide Ruins Chapter
040019449024071,Ganado Chapter
040019441004094,Tsaile-Wheatfields Chapter
040019440001048,Sawmill Chapter
040019442012064,Chinle Chapter
040059450001285,Cameron Chapter
040059451001014,Leupp Chapter
040059422023016,Inscription House Chapter
040059450001335,Cameron Chapter
040059451002078,Leupp Chapter
040059422022072,LeChee Chapter
040179424002012,Dennehotso Chapter
040059422022076,Kaibeto Chapter
040059451002158,Leupp Chapter
040059451001054,Leupp Chapter
040059450003003,Bodaway Chapter
040059450003113,Bodaway Chapter
040019451002115,Nahatadziil Chapter
040019449022045,Greasewood Chapter
040019440001282,Kinlichee Chapter
040019427002156,Rock Point Chapter
040019449012111,Kinlichee Chapter
040179400142084,White Cone Chapter
040019442011023,Nazlini Chapter
040179400113028,Piñon Chapter
040019427003084,Teec Nos Pos Chapter
040019426001087,Dennehotso Chapter
040019426001007,Dennehotso Chapter
040059422023026,Tonalea Chapter
040019443013018,Many Farms Chapter
040019426002036,Dennehotso Chapter
040059451003106,Tolani Lake Chapter
040059450003037,Bodaway Chapter
040019449023093,Wide Ruins Chapter
040059422012261,Tuba City Chapter
040059422022095,LeChee Chapter
040059422022008,Kaibeto Chapter
040059422021022,Navajo Mountain Chapter
040059451002018,Bird Springs Chapter
040019440001269,Fort Defiance Chapter
040019440001188,Sawmill Chapter
040019440001214,Sawmill Chapter
040179400141004,Steamboat Chapter
040019449023142,Wide Ruins Chapter
040059451002110,Leupp Chapter
040059450003182,Bodaway Chapter
040059450001375,Cameron Chapter
040059451003009,Coalmine Mesa Chapter
040059451004166,Coalmine Mesa Chapter
040179400151009,Teesto Chapter
040179400141036,Greasewood Chapter
040019449012098,Kinlichee Chapter
040019443022171,Tselani Chapter
040019449014170,Klagetoh Chapter
040019443011010,Many Farms Chapter
040019443021080,Nazlini Chapter
040179424001169,Kayenta Chapter
040179400081019,Forest Lake Chapter
040019449021063,Steamboat Chapter
040019441002081,Round Rock Chapter
040019450021115,Lupton Chapter
040059422023107,Shonto Chapter
040059450003007,Bodaway Chapter
040179400153082,Dilcon Chapter
040019450021031,Oak Springs Chapter
040019449021203,Steamboat Chapter
040019449021141,Steamboat Chapter
040019449013057,Ganado Chapter
040019443021083,Nazlini Chapter
040059450003049,Bodaway Chapter
040019450012009,St. Michaels Chapter
040019449012037,Kinlichee Chapter
040019450013030,St. Michaels Chapter
040019443022039,Tselani Chapter
040179400143116,Indian Wells Chapter
040179424002102,Chilchinbeto Chapter
040179400153021,Dilcon Chapter
040179400153007,Dilcon Chapter
040179400153008,Dilcon Chapter
040019443013081,Tsaile-Wheatfields Chapter
040179423002024,Shonto Chapter
040059451003092,Tolani Lake Chapter
040179400152198,Dilcon Chapter
040179400152181,Dilcon Chapter
040059422022083,Kaibeto Chapter
040179424002030,Chilchinbeto Chapter
040179400151073,Indian Wells Chapter
040179424002136,Chilchinbeto Chapter
040179400081043,Forest Lake Chapter
040179400152309,Dilcon Chapter
040179400112042,Piñon Chapter
040059451002087,Leupp Chapter
040059451003001,Coalmine Mesa Chapter
040059422023104,Tonalea Chapter
040179424001166,Forest Lake Chapter
040019449024087,Ganado Chapter
040019449024117,Cornfields Chapter
040019449022009,Cornfields Chapter
040019427002279,Rock Point Chapter
040179400143138,Indian Wells Chapter
040179425002000,Kayenta Chapter
040179400153059,Dilcon Chapter
040179400142103,White Cone Chapter
040179424001020,Kayenta Chapter
040019450023106,Houck Chapter
040019443011068,Many Farms Chapter
040059452001011,Tuba City Chapter
040019441005048,Lukachukai Chapter
040179400113043,Piñon Chapter
040019450021150,Wide Ruins Chapter
040019426002035,Dennehotso Chapter
040179423002017,Shonto Chapter
040059422022079,Kaibeto Chapter
040179400152076,Tolani Lake Chapter
040179400152084,Teesto Chapter
040019449021040,Low Mountain Chapter
040019441004064,Tsaile-Wheatfields Chapter
040059422012226,Kaibeto Chapter
040019443022022,Tselani Chapter
040019426001099,Dennehotso Chapter
040019443021075,Nazlini Chapter
040019449021095,Jeddito Chapter
040019449013076,Ganado Chapter
040019449022066,Cornfields Chapter
040059450001094,Cameron Chapter
040019450021104,Lupton Chapter
040019427004081,Cove Chapter
040019449014012,Kinlichee Chapter
040019449024094,Cornfields Chapter
040019450021021,St. Michaels Chapter
040019449012027,Kinlichee Chapter
040019449023095,Klagetoh Chapter
040019427002066,Mexican Water Chapter
040019440002020,Fort Defiance Chapter
040019449024057,Ganado Chapter
040019443012057,Rough Rock Chapter
040019443021004,Nazlini Chapter
040019440001124,Red Lake Chapter
040019442011010,Chinle Chapter
040019449022034,Greasewood Chapter
040019442022027,Chinle Chapter
040019440002054,Fort Defiance Chapter
040019427002092,Red Mesa Chapter
040019442023017,Chinle Chapter
040019442023040,Chinle Chapter
040019442023020,Chinle Chapter
040019427002081,Mexican Water Chapter
040019427002090,Mexican Water Chapter
040019426001199,Dennehotso Chapter
040059422013052,Tonalea Chapter
040059451001018,Leupp Chapter
040019450023028,Houck Chapter
040179400102022,Low Mountain Chapter
040059450003077,Bodaway Chapter
040019443011035,Many Farms Chapter
040019427002088,Mexican Water Chapter
040179400152260,Bird Springs Chapter
040019451002081,Nahatadziil Chapter
040179400132022,Jeddito Chapter
040019427003029,Sweetwater Chapter
040019427001042,Teec Nos Pos Chapter
040019427004001,Teec Nos Pos Chapter
040019440003012,Fort Defiance Chapter
040019443011077,Many Farms Chapter
040019443012071,Rough Rock Chapter
040059451001011,Tolani Lake Chapter
040019450013002,Kinlichee Chapter
040019427002141,Rock Point Chapter
040059451003098,Tolani Lake Chapter
040059422022096,LeChee Chapter
040059422012123,Coppermine Chapter
040059422022037,Kaibeto Chapter
040179400081031,Forest Lake Chapter
040019440003040,St. Michaels Chapter
040059451002117,Leupp Chapter
040019440001285,Sawmill Chapter
040179424001230,Kayenta Chapter
040019443021046,Chinle Chapter
040059451004247,Coalmine Mesa Chapter
040059451004151,Coalmine Mesa Chapter
040179400082037,Hard Rock Chapter
040179400082067,Hard Rock Chapter
040019440001137,Sawmill Chapter
040019449014099,Kinlichee Chapter
040019450014041,St. Michaels Chapter
040019450014008,St. Michaels Chapter
040059451002137,Bird Springs Chapter
040059422023122,Inscription House Chapter
040019442023067,Chinle Chapter
040019426001208,Chilchinbeto Chapter
040019450021108,Lupton Chapter
040019449014000,Kinlichee Chapter
040019449022024,Steamboat Chapter
040019449024143,Nazlini Chapter
040019449022106,Cornfields Chapter
040019449014027,Kinlichee Chapter
040019449012063,Kinlichee Chapter
040019440002034,Fort Defiance Chapter
040019427002100,Rock Point Chapter
040179424001219,Kayenta Chapter
040179425003036,Kayenta Chapter
040179424001116,Kayenta Chapter
040179424001160,Kayenta Chapter
040019449022067,Cornfields Chapter
040179400101029,Whippoorwill Chapter
040059451004255,Coalmine Mesa Chapter
040059422023021,Inscription House Chapter
040059451003094,Tolani Lake Chapter
040179424001245,Kayenta Chapter
040179425003033,Kayenta Chapter
040179400081000,Chilchinbeto Chapter
040179424001018,Oljato Chapter
040179400153038,Dilcon Chapter
040059452003000,Tuba City Chapter
040059422013021,Tonalea Chapter
040179400143066,Indian Wells Chapter
040059450002070,Tuba City Chapter
040179400103015,Piñon Chapter
040179424002140,Chilchinbeto Chapter
040019449021021,Steamboat Chapter
040019441002033,Rock Point Chapter
040019441002137,Round Rock Chapter
040059450003018,Bodaway Chapter
040059451003053,Tolani Lake Chapter
040179400142040,White Cone Chapter
040179400152026,Teesto Chapter
040019427004031,Red Valley Chapter
040019451002154,Nahatadziil Chapter
040019450023074,Houck Chapter
040059422012082,Coppermine Chapter
040019441005066,Lukachukai Chapter
040179400113041,Piñon Chapter
040179423003057,Shonto Chapter
040019427002023,Red Mesa Chapter
040019443021138,Nazlini Chapter
040059451001070,Leupp Chapter
040059450002018,Tuba City Chapter
040179400113054,Hard Rock Chapter
040179424001258,Oljato Chapter
040050021011012,LeChee Chapter
040179400113009,Piñon Chapter
040019449022119,Greasewood Chapter
040019449011006,Wide Ruins Chapter
040019451001068,Nahatadziil Chapter
040019441005043,Lukachukai Chapter
040019441001030,Lukachukai Chapter
040059451001048,Leupp Chapter
040059451004072,Tuba City Chapter
040019449012004,Kinlichee Chapter
040019449022050,Cornfields Chapter
040019441005052,Lukachukai Chapter
040019426001067,Dennehotso Chapter
040019449023170,Nahatadziil Chapter
040019427004075,Sweetwater Chapter
040059451003111,Tolani Lake Chapter
040019449024080,Ganado Chapter
040019449014129,Klagetoh Chapter
040019449023138,Wide Ruins Chapter
040019450013035,Kinlichee Chapter
040019449013103,Ganado Chapter
040019450022082,St. Michaels Chapter
040019440002029,Fort Defiance Chapter
040019442012000,Many Farms Chapter
040019427002245,Rock Point Chapter
040019449021090,Jeddito Chapter
040019449021209,Steamboat Chapter
040019450021077,Oak Springs Chapter
040019442012012,Chinle Chapter
040019427002056,Mexican Water Chapter
040019449011093,Wide Ruins Chapter
040059451004173,Coalmine Mesa Chapter
040059450001331,Cameron Chapter
040059451002028,Leupp Chapter
040179400152104,Tolani Lake Chapter
040059449001005,Tuba City Chapter
040019442012006,Chinle Chapter
040019449023047,Klagetoh Chapter
040019449024129,Ganado Chapter
040179400152257,Bird Springs Chapter
040179424002000,Dennehotso Chapter
040059422012117,Coppermine Chapter
040019441003014,Tsaile-Wheatfields Chapter
040019427003050,Sweetwater Chapter
040019443011062,Many Farms Chapter
040019449023013,Klagetoh Chapter
040179400142082,White Cone Chapter
040019440002045,Fort Defiance Chapter
040059451004286,Coalmine Mesa Chapter
040059422011090,LeChee Chapter
040019440002067,Fort Defiance Chapter
040059451001010,Tolani Lake Chapter
040059450001048,Bodaway Chapter
040059450003051,Bodaway Chapter
040059450001025,Bodaway Chapter
040059450001034,Bodaway Chapter
040059450001122,Bodaway Chapter
040059422012238,Kaibeto Chapter
040059422022130,Kaibeto Chapter
040019427001022,Teec Nos Pos Chapter
040019426001103,Dennehotso Chapter
040019449023074,Klagetoh Chapter
040019440001202,Red Lake Chapter
040059451002195,Leupp Chapter
040059451002064,Leupp Chapter
040059451001034,Leupp Chapter
040059450001315,Cameron Chapter
040059451004169,Coalmine Mesa Chapter
040019441003024,Tsaile-Wheatfields Chapter
040019441002083,Round Rock Chapter
040019449021000,Low Mountain Chapter
040019443022192,Tachee Chapter
040179425003030,Kayenta Chapter
040059451001064,Leupp Chapter
040059422023009,Inscription House Chapter
040179400143027,Greasewood Chapter
040179400081006,Forest Lake Chapter
040019443022124,Tselani Chapter
040019450021110,Lupton Chapter
040019443022140,Tselani Chapter
040019451001065,Nahatadziil Chapter
040059450003153,Bodaway Chapter
040179400141111,White Cone Chapter
040019450022096,St. Michaels Chapter
040019449023069,Klagetoh Chapter
040019449021077,Steamboat Chapter
040019440002053,Fort Defiance Chapter
040179400143155,Greasewood Chapter
040179424001095,Shonto Chapter
040179400112053,Tachee Chapter
040179400152017,Teesto Chapter
040179400152047,Dilcon Chapter
040179423002012,Shonto Chapter
040059450003024,Bodaway Chapter
040179424001127,Kayenta Chapter
040179423001056,Shonto Chapter
040179424001041,Oljato Chapter
040179423002027,Shonto Chapter
040059450003117,Bodaway Chapter
040059450001075,Bodaway Chapter
040179400082042,Hard Rock Chapter
040179400103077,Whippoorwill Chapter
040179424001223,Kayenta Chapter
040059422011132,Coppermine Chapter
040059451003052,Tolani Lake Chapter
040179400152200,Bird Springs Chapter
040179400143127,Indian Wells Chapter
040179400143132,Indian Wells Chapter
040019443022021,Tselani Chapter
040059450003057,Bodaway Chapter
040019442023055,Chinle Chapter
040019443013013,Many Farms Chapter
040019443012149,Tachee Chapter
040179400152037,Teesto Chapter
040179400111021,Whippoorwill Chapter
040019427003009,Sweetwater Chapter
040019440001196,Red Lake Chapter
040179400103017,Piñon Chapter
040179400142053,Greasewood Chapter
040179400143133,Indian Wells Chapter
040179400102000,Tachee Chapter
040179424002017,Chilchinbeto Chapter
040179400141115,White Cone Chapter
040019451002007,Wide Ruins Chapter
040019450021122,Lupton Chapter
040019427001076,Sweetwater Chapter
040019450021000,Oak Springs Chapter
040019441005044,Lukachukai Chapter
040059422013078,Tonalea Chapter
040019443021079,Nazlini Chapter
040019449013072,Ganado Chapter
040059450001320,Cameron Chapter
040019443012021,Rough Rock Chapter
040019449022133,Klagetoh Chapter
040019441002050,Rock Point Chapter
040059451002152,Bird Springs Chapter
040019427003111,Sweetwater Chapter
040019440001094,Sawmill Chapter
040019449024106,Cornfields Chapter
040019450023025,Houck Chapter
040019427001072,Teec Nos Pos Chapter
040019427003023,Sweetwater Chapter
040019427002132,Rock Point Chapter
040019449011020,Wide Ruins Chapter
040019449013058,Ganado Chapter
040019449013021,Ganado Chapter
040019440001020,Crystal Chapter
040019426001038,Dennehotso Chapter
040019427001011,Teec Nos Pos Chapter
040019427002089,Mexican Water Chapter
040059450001288,Cameron Chapter
040059422021087,Inscription House Chapter
040059422021102,Inscription House Chapter
040059422023035,Tonalea Chapter
040019451002109,Nahatadziil Chapter
040019427001113,Teec Nos Pos Chapter
040179400103059,Piñon Chapter
040179423003061,Inscription House Chapter
040179400102034,Low Mountain Chapter
040179400082008,Hard Rock Chapter
040059452001006,Tuba City Chapter
040019449024069,Ganado Chapter
040019449021127,Steamboat Chapter
040019443022141,Tselani Chapter
040019449023020,Klagetoh Chapter
040019427001040,Teec Nos Pos Chapter
040179400152244,Bird Springs Chapter
040179400113081,Piñon Chapter
040059451001045,Leupp Chapter
040059451003065,Leupp Chapter
040019440002075,Kinlichee Chapter
040019449021210,Jeddito Chapter
040019449013045,Ganado Chapter
040019451001037,Nahatadziil Chapter
040059450001349,Cameron Chapter
040019450022060,St. Michaels Chapter
040179400152078,Tolani Lake Chapter
040059422011122,Coppermine Chapter
040019451001052,Nahatadziil Chapter
040019442023062,Chinle Chapter
040059422011141,Coppermine Chapter
040019451002086,Houck Chapter
040019441002066,Round Rock Chapter
040059450001272,Cameron Chapter
040059450002055,Tonalea Chapter
040059450003071,Bodaway Chapter
040059422013059,Tuba City Chapter
040179423001010,Kayenta Chapter
040179400112008,Black Mesa Chapter
040019443012109,Chinle Chapter
040019443011076,Rough Rock Chapter
040019440003024,Fort Defiance Chapter
040019440001177,Sawmill Chapter
040019443022162,Nazlini Chapter
040019449022145,Klagetoh Chapter
040059450001326,Cameron Chapter
040059451002099,Leupp Chapter
040059451004288,Cameron Chapter
040179400103028,Piñon Chapter
040019443011005,Many Farms Chapter
040019441002124,Round Rock Chapter
040059422013103,Tonalea Chapter
040179400143024,Greasewood Chapter
040019443022101,Tselani Chapter
040019450021013,Oak Springs Chapter
040019450021105,Lupton Chapter
040019440001141,Sawmill Chapter
040019450011011,St. Michaels Chapter
040019450022031,St. Michaels Chapter
040059422022045,Inscription House Chapter
040019450021017,Oak Springs Chapter
040019449022028,Cornfields Chapter
040019450014039,St. Michaels Chapter
040019441005114,Round Rock Chapter
040019449021073,Steamboat Chapter
040019449012131,Kinlichee Chapter
040019443022011,Tselani Chapter
040179400153017,Dilcon Chapter
040179400143121,Indian Wells Chapter
040059422012165,Coppermine Chapter
040059451004100,Coalmine Mesa Chapter
040019441002150,Round Rock Chapter
040019427002067,Mexican Water Chapter
040059450003025,Bodaway Chapter
040179400152027,Teesto Chapter
040179400102004,Whippoorwill Chapter
040179400141114,White Cone Chapter
040179400112062,Piñon Chapter
040179424002001,Dennehotso Chapter
040179425003016,Kayenta Chapter
040179400132033,Jeddito Chapter
040179423001051,Shonto Chapter
040179424001013,Oljato Chapter
040179400112085,Piñon Chapter
040059422021112,Inscription House Chapter
040059451003004,Coalmine Mesa Chapter
040179425002015,Kayenta Chapter
040179424001167,Forest Lake Chapter
040059422011014,LeChee Chapter
040059450001188,Bodaway Chapter
040059450002028,Tuba City Chapter
040019427002110,Rock Point Chapter
040019442012138,Chinle Chapter
040019427002000,Teec Nos Pos Chapter
040019427002127,Rock Point Chapter
040179400112069,Tachee Chapter
040179400143055,Indian Wells Chapter
040059452002013,Tuba City Chapter
040059422012081,Coppermine Chapter
040059450001111,Bodaway Chapter
040059451004268,Coalmine Mesa Chapter
040019426002034,Dennehotso Chapter
040179400111034,Whippoorwill Chapter
040179400103065,Piñon Chapter
040019449012071,Kinlichee Chapter
040059451002082,Leupp Chapter
040059450003157,Bodaway Chapter
040179400101034,Whippoorwill Chapter
040179400152094,Teesto Chapter
040179423003070,Shonto Chapter
040179400151061,Indian Wells Chapter
040019450021080,Oak Springs Chapter
040019449014218,Kinlichee Chapter
040019449021201,Steamboat Chapter
040019449022016,Cornfields Chapter
040059422011058,Coppermine Chapter
040019427001068,Teec Nos Pos Chapter
040019442021033,Chinle Chapter
040059449003006,Tuba City Chapter
040019450022105,St. Michaels Chapter
040019449023029,Klagetoh Chapter
040019449012078,Kinlichee Chapter
040019449024075,Cornfields Chapter
040059422021076,Inscription House Chapter
040019450021103,Lupton Chapter
040019442023035,Chinle Chapter
040019450021126,Lupton Chapter
040019426002018,Dennehotso Chapter
040019441003113,Tsaile-Wheatfields Chapter
040019443021155,Nazlini Chapter
040019449024100,Ganado Chapter
040019443011027,Many Farms Chapter
040019441002046,Round Rock Chapter
040019450022041,Klagetoh Chapter
040019449011079,Wide Ruins Chapter
040019441004030,Tsaile-Wheatfields Chapter
040019442022049,Chinle Chapter
040059422022055,Kaibeto Chapter
040019450022066,St. Michaels Chapter
040059422023014,Inscription House Chapter
040019450023013,Houck Chapter
040179400143034,Greasewood Chapter
040059422022016,Kaibeto Chapter
040059422012116,Coppermine Chapter
040019427003060,Sweetwater Chapter
040019451002049,Nahatadziil Chapter
040019451002094,Nahatadziil Chapter
040179424001131,Kayenta Chapter
040059422013065,Tonalea Chapter
040059422011084,LeChee Chapter
040059450003110,Bodaway Chapter
040059422012254,Kaibeto Chapter
040059422011142,LeChee Chapter
040019449024060,Ganado Chapter
040019443012171,Many Farms Chapter
040019443012169,Rough Rock Chapter
040019440003014,Fort Defiance Chapter
040059422021061,Inscription House Chapter
040059422021020,Navajo Mountain Chapter
040179424001149,Kayenta Chapter
040019449023128,Wide Ruins Chapter
040019449023157,Wide Ruins Chapter
040019449023133,Wide Ruins Chapter
040059451002174,Leupp Chapter
040059422021017,Navajo Mountain Chapter
040059450001222,Cameron Chapter
040059450001260,Cameron Chapter
040019440001191,Sawmill Chapter
040019449013087,Ganado Chapter
040019442012106,Chinle Chapter
040019450014031,St. Michaels Chapter
040019443021131,Nazlini Chapter
040019443021065,Nazlini Chapter
040019443012096,Black Mesa Chapter
040179400141051,Greasewood Chapter
040019440001002,Crystal Chapter
040059449001006,Tuba City Chapter
040179400152128,Dilcon Chapter
040019426001166,Chilchinbeto Chapter
040019449012143,Kinlichee Chapter
040059422012106,Coppermine Chapter
040019443013066,Many Farms Chapter
040019441004012,Round Rock Chapter
040019443022070,Tselani Chapter
040179400082051,Hard Rock Chapter
040179423002022,Shonto Chapter
040179400113082,Piñon Chapter
040179400152132,Dilcon Chapter
040019441002070,Round Rock Chapter
040019451001001,Lupton Chapter
040179425003039,Kayenta Chapter
040179400081078,Forest Lake Chapter
040179400153002,Dilcon Chapter
040179400152195,Dilcon Chapter
040179400151087,Dilcon Chapter
040059450001160,Bodaway Chapter
040179424002014,Dennehotso Chapter
040179400151012,White Cone Chapter
040179400153057,Dilcon Chapter
040179424001016,Oljato Chapter
040179424002132,Kayenta Chapter
040059422021019,Navajo Mountain Chapter
040059422012167,Coppermine Chapter
040179400143102,Greasewood Chapter
040179400103056,Piñon Chapter
040179425003043,Kayenta Chapter
040019449014033,Kinlichee Chapter
040019427001033,Teec Nos Pos Chapter
040050022013006,Coalmine Mesa Chapter
040179400143040,Greasewood Chapter
040179400152100,Teesto Chapter
040179400112083,Piñon Chapter
040179400143029,Greasewood Chapter
040179424001175,Kayenta Chapter
040019449023149,Wide Ruins Chapter
040019449023112,Wide Ruins Chapter
040059450001205,Coalmine Mesa Chapter
040019449022079,Cornfields Chapter
040019449012151,Kinlichee Chapter
040019443021119,Nazlini Chapter
040019441005074,Lukachukai Chapter
040019441005046,Lukachukai Chapter
040019426002039,Dennehotso Chapter
040179400142045,White Cone Chapter
040059450001136,Bodaway Chapter
040059422012290,Coppermine Chapter
040019440002010,Fort Defiance Chapter
040059452003013,Tuba City Chapter
040019441005002,Cove Chapter
040019449014211,Klagetoh Chapter
040019441005078,Lukachukai Chapter
040059422012231,Kaibeto Chapter
040059422023045,Tonalea Chapter
040019449022076,Cornfields Chapter
040059451003060,Tolani Lake Chapter
040019442022028,Chinle Chapter
040019441003134,Tsaile-Wheatfields Chapter
040019426001074,Dennehotso Chapter
040019441005104,Cove Chapter
040059450003093,Bodaway Chapter
040059422012011,Coppermine Chapter
040059451002045,Leupp Chapter
040019443012030,Rough Rock Chapter
040019449012017,Kinlichee Chapter
040019441004108,Tsaile-Wheatfields Chapter
040019427002118,Rock Point Chapter
040019443011018,Many Farms Chapter
040019427003080,Sweetwater Chapter
040019442023031,Chinle Chapter
040019442022011,Chinle Chapter
040019449014055,Kinlichee Chapter
040019427002222,Rock Point Chapter
040019443022000,Chinle Chapter
040019441004068,Tsaile-Wheatfields Chapter
040019449021179,Steamboat Chapter
040059422012029,Coppermine Chapter
040019449011101,Wide Ruins Chapter
040059422012250,Kaibeto Chapter
040059451003014,Tolani Lake Chapter
040059451001091,Leupp Chapter
040059451002177,Leupp Chapter
040059450001144,Bodaway Chapter
040059422022017,Kaibeto Chapter
040019440001131,Sawmill Chapter
040019450022088,St. Michaels Chapter
040179400152232,Dilcon Chapter
040019442023072,Chinle Chapter
040179400153075,Dilcon Chapter
040019427004108,Red Valley Chapter
040019443013075,Many Farms Chapter
040019443012102,Black Mesa Chapter
040059451004022,Tuba City Chapter
040059422012140,Coppermine Chapter
040059451003110,Bird Springs Chapter
040059450001041,Bodaway Chapter
040059422013125,Tonalea Chapter
040059450003146,Bodaway Chapter
040059422022005,Kaibeto Chapter
040179400142070,White Cone Chapter
040019449024024,Ganado Chapter
040019449024029,Ganado Chapter
040019449021134,Steamboat Chapter
040019440003027,Fort Defiance Chapter
040019440001217,Sawmill Chapter
040019427002006,Sweetwater Chapter
040059451002197,Leupp Chapter
040059451002069,Leupp Chapter
040059422021079,Inscription House Chapter
040059451004168,Coalmine Mesa Chapter
040179400152000,Teesto Chapter
040019441002025,Round Rock Chapter
040019449013085,Ganado Chapter
040019449014065,Kinlichee Chapter
040059422011140,LeChee Chapter
040019443012122,Tachee Chapter
040059422013013,Tonalea Chapter
040019441002077,Round Rock Chapter
040019450021127,Lupton Chapter
040019451002033,Wide Ruins Chapter
040019451002031,Nahatadziil Chapter
040019441002170,Round Rock Chapter
040059451003084,Tolani Lake Chapter
040019449022130,Klagetoh Chapter
040019449022000,Steamboat Chapter
040019450014013,St. Michaels Chapter
040019450022012,St. Michaels Chapter
040019450012034,St. Michaels Chapter
040019449012082,Kinlichee Chapter
040179400141063,Greasewood Chapter
040179400081100,Forest Lake Chapter
040179424002106,Chilchinbeto Chapter
040179400151066,Indian Wells Chapter
040179400113078,Piñon Chapter
040179400082091,Hard Rock Chapter
040059452003003,Coalmine Mesa Chapter
040019441002096,Round Rock Chapter
040179400152212,Dilcon Chapter
040059422011009,LeChee Chapter
040059451002161,Leupp Chapter
040059450001165,Bodaway Chapter
040179424001023,Oljato Chapter
040179425001005,Kayenta Chapter
040179400141003,Steamboat Chapter
040179400152324,Bird Springs Chapter
040179400153055,Dilcon Chapter
040059422011029,LeChee Chapter
040059422022113,Kaibeto Chapter
040059422012198,Coppermine Chapter
040179424001071,Kayenta Chapter
040179400152046,Dilcon Chapter
040059450001380,Tuba City Chapter
040019449024128,Ganado Chapter
040019443011004,Many Farms Chapter
040019427002185,Rock Point Chapter
040019427002143,Rock Point Chapter
040019443013025,Many Farms Chapter
040059422012038,Coppermine Chapter
040059422012028,Coppermine Chapter
040059422021071,Inscription House Chapter
040179425002001,Kayenta Chapter
040179425003031,Kayenta Chapter
040179425002023,Kayenta Chapter
040179400142102,White Cone Chapter
040179400143086,Indian Wells Chapter
040059452001009,Tuba City Chapter
040059449001031,Tuba City Chapter
040059450001229,Coalmine Mesa Chapter
040019449023011,Klagetoh Chapter
040019440001284,Kinlichee Chapter
040019443012027,Rough Rock Chapter
040179400103014,Piñon Chapter
040179423001002,Kayenta Chapter
040019426001129,Dennehotso Chapter
040019451002130,Nahatadziil Chapter
040059422012301,Coppermine Chapter
040179400141117,Greasewood Chapter
040179424002079,Chilchinbeto Chapter
040179400082070,Hard Rock Chapter
040179400082080,Hard Rock Chapter
040179400113061,Hard Rock Chapter
040179400152171,Dilcon Chapter
040179424002119,Chilchinbeto Chapter
040019451001064,Nahatadziil Chapter
040019449021143,Steamboat Chapter
040019440001119,Crystal Chapter
040019441005010,Round Rock Chapter
040019449021202,Steamboat Chapter
040019442021018,Chinle Chapter
040019442023016,Chinle Chapter
040019442012070,Chinle Chapter
040059451003123,Tolani Lake Chapter
040019443012140,Tachee Chapter
040019443022010,Tselani Chapter
040019443012150,Tachee Chapter
040019442012003,Chinle Chapter
040019450021087,Oak Springs Chapter
040059422022118,Kaibeto Chapter
040019450014027,St. Michaels Chapter
040019427003046,Sweetwater Chapter
040019440001163,Nazlini Chapter
040019449014024,Kinlichee Chapter
040019443013073,Many Farms Chapter
040019443011065,Many Farms Chapter
040019443011057,Many Farms Chapter
040019450021032,Oak Springs Chapter
040019449011083,Wide Ruins Chapter
040019426001215,Dennehotso Chapter
040059422022066,LeChee Chapter
040019440001230,Fort Defiance Chapter
040019449024121,Ganado Chapter
040019443012068,Black Mesa Chapter
040019449014189,Wide Ruins Chapter
040019442023046,Chinle Chapter
040059450001290,Cameron Chapter
040059450001308,Cameron Chapter
040019450023023,Houck Chapter
040059422021084,Inscription House Chapter
040059451002130,Bird Springs Chapter
040059422022021,Kaibeto Chapter
040019449021066,Steamboat Chapter
040019449022062,Cornfields Chapter
040019440001057,Sawmill Chapter
040019449024000,Ganado Chapter
040019442022001,Many Farms Chapter
040019450014015,St. Michaels Chapter
040179400152072,Tolani Lake Chapter
040179400152252,Bird Springs Chapter
040059452003012,Tuba City Chapter
040059422012144,Coppermine Chapter
040059422012077,Coppermine Chapter
040059450001088,Cameron Chapter
040019427001056,Teec Nos Pos Chapter
040059422013050,Tonalea Chapter
040179400081066,Black Mesa Chapter
040179400081042,Forest Lake Chapter
040019442012136,Chinle Chapter
040019440001237,Fort Defiance Chapter
040059451002023,Bird Springs Chapter
040059451002014,Bird Springs Chapter
040019443022128,Tselani Chapter
040019440001213,Sawmill Chapter
040179424001087,Shonto Chapter
040019449023166,Wide Ruins Chapter
040019449023137,Wide Ruins Chapter
040059451002077,Leupp Chapter
040059422023002,Inscription House Chapter
040179400142074,White Cone Chapter
040019443011098,Chinle Chapter
040019427002263,Sweetwater Chapter
040019449023036,Klagetoh Chapter
040179400103031,Piñon Chapter
040179400103053,Whippoorwill Chapter
040019443012127,Tachee Chapter
040059422013100,Tonalea Chapter
040179400143031,Greasewood Chapter
040019441002156,Round Rock Chapter
040019440001168,Nazlini Chapter
040019426002047,Dennehotso Chapter
040019440001147,Sawmill Chapter
040019449014051,Kinlichee Chapter
040019440003041,St. Michaels Chapter
040059451004193,Coalmine Mesa Chapter
040059422021140,Inscription House Chapter
040059451003002,Tolani Lake Chapter
040179400143145,Dilcon Chapter
040059422013023,Tonalea Chapter
040019449012117,Kinlichee Chapter
040019427002254,Rock Point Chapter
040019449012125,Kinlichee Chapter
040019441003085,Tsaile-Wheatfields Chapter
040179400142062,White Cone Chapter
040019440001232,Fort Defiance Chapter
040179400152147,Dilcon Chapter
040019441002103,Round Rock Chapter
040059422023085,Tonalea Chapter
040059422022064,Kaibeto Chapter
040179400152318,Dilcon Chapter
040179400112027,Forest Lake Chapter
040059422012023,Coppermine Chapter
040179400143072,Indian Wells Chapter
040179400081012,Forest Lake Chapter
040019427004032,Red Valley Chapter
040019440002001,Fort Defiance Chapter
040019441002035,Rock Point Chapter
040019426001072,Dennehotso Chapter
040059422012107,Coppermine Chapter
040059422012039,Coppermine Chapter
040179424002072,Chilchinbeto Chapter
040179400111030,Tachee Chapter
040179400153033,Dilcon Chapter
040179400142080,White Cone Chapter
040179400103052,Whippoorwill Chapter
040019449011111,Wide Ruins Chapter
040059422012087,Coppermine Chapter
040019427002017,Mexican Water Chapter
040019441001007,Lukachukai Chapter
040019442023047,Chinle Chapter
040179400152144,Teesto Chapter
040179400111035,Whippoorwill Chapter
040179424001153,Kayenta Chapter
040179400151058,Indian Wells Chapter
040019426002032,Dennehotso Chapter
040019449014020,Kinlichee Chapter
040019449014052,Kinlichee Chapter
040019450012021,St. Michaels Chapter
040019440001244,Red Lake Chapter
040179400141105,Greasewood Chapter
040059451003086,Tolani Lake Chapter
040179424002076,Chilchinbeto Chapter
040059449003010,Tuba City Chapter
040179400141101,Greasewood Chapter
040179400141081,Greasewood Chapter
040019450023058,Houck Chapter
040019427004058,Red Valley Chapter
040019441002030,Round Rock Chapter
040019441004059,Tsaile-Wheatfields Chapter
040019443012039,Rough Rock Chapter
040059450002001,Tuba City Chapter
040059451002025,Bird Springs Chapter
040059422023061,Tonalea Chapter
040019449021082,Jeddito Chapter
040059450001372,Cameron Chapter
040019442022061,Chinle Chapter
040019449024088,Ganado Chapter
040019449022123,Greasewood Chapter
040019427004076,Sweetwater Chapter
040019449011003,Wide Ruins Chapter
040019427004007,Beclabito Chapter
040019441002031,Round Rock Chapter
040019443022053,Tselani Chapter
040019449024113,Ganado Chapter
040019427002175,Rock Point Chapter
040019427002208,Rock Point Chapter
040019450022043,Oak Springs Chapter
040019449021092,Jeddito Chapter
040019449012086,Kinlichee Chapter
040019440002013,Fort Defiance Chapter
040019442012014,Chinle Chapter
040019443021008,Nazlini Chapter
040019443021016,Nazlini Chapter
040019449021189,Steamboat Chapter
040059450003151,Bodaway Chapter
040059450003127,Bodaway Chapter
040059422021067,Inscription House Chapter
040059422023011,Inscription House Chapter
040019451002133,Nahatadziil Chapter
040019449011062,Wide Ruins Chapter
040059422022117,Kaibeto Chapter
040179400103089,Piñon Chapter
040179400082013,Hard Rock Chapter
040179423003120,Shonto Chapter
040059450003043,Bodaway Chapter
040059450003078,Bodaway Chapter
040059451001072,Leupp Chapter
040059422021131,LeChee Chapter
040019440002011,Fort Defiance Chapter
040019450022006,St. Michaels Chapter
040019442012011,Chinle Chapter
040059422011043,LeChee Chapter
040059451003119,Bird Springs Chapter
040059422023040,Tonalea Chapter
040019450021035,Oak Springs Chapter
040059450001339,Cameron Chapter
040179424002055,Kayenta Chapter
040179400081062,Black Mesa Chapter
040179400152105,Tolani Lake Chapter
040179400113073,Piñon Chapter
040179400113037,Piñon Chapter
040179400153040,Indian Wells Chapter
040059452001004,Tuba City Chapter
040019442021030,Chinle Chapter
040019449022035,Greasewood Chapter
040019449024086,Ganado Chapter
040059450001209,Bodaway Chapter
040059422013045,Tonalea Chapter
040059422012255,Kaibeto Chapter
040179425003012,Kayenta Chapter
040019449014166,Klagetoh Chapter
040019449013083,Kinlichee Chapter
040059422021013,Navajo Mountain Chapter
040019440001262,Fort Defiance Chapter
040019450022054,St. Michaels Chapter
040019450021160,Oak Springs Chapter
040019449023081,Klagetoh Chapter
040019443011011,Many Farms Chapter
040019443012125,Tachee Chapter
040019427002005,Sweetwater Chapter
040019449014070,Kinlichee Chapter
040019443021023,Nazlini Chapter
040019442012114,Chinle Chapter
040019442012118,Chinle Chapter
040019443021130,Nazlini Chapter
040019443021118,Nazlini Chapter
040059422023105,Inscription House Chapter
040179400141055,Greasewood Chapter
040179400141096,Greasewood Chapter
040019450021128,Lupton Chapter
040019440001226,Sawmill Chapter
040059451001015,Leupp Chapter
040059422013000,Tonalea Chapter
040179400103084,Piñon Chapter
040019450013011,St. Michaels Chapter
040019449021054,Steamboat Chapter
040019449021028,Low Mountain Chapter
040019449013101,Ganado Chapter
040019443022064,Tselani Chapter
040019427004202,Sanostee Chapter
040019441002112,Round Rock Chapter
040179400141045,Greasewood Chapter
040179400152211,Dilcon Chapter
040179424002139,Chilchinbeto Chapter
040059422012314,Coppermine Chapter
040059451001098,Leupp Chapter
040179400143087,Indian Wells Chapter
040179400151047,Indian Wells Chapter
040059422012000,LeChee Chapter
040059422023042,Tonalea Chapter
040179400152121,Dilcon Chapter
040059451003043,Tolani Lake Chapter
040059451003033,Tolani Lake Chapter
040059450001198,Bodaway Chapter
040059450001154,San Juan Southern Paiute Southern Area
040179400152303,Dilcon Chapter
040179400142089,White Cone Chapter
040179400141070,Greasewood Chapter
040019443021019,Chinle Chapter
040179400152142,Teesto Chapter
040019440003005,Fort Defiance Chapter
040019427001053,Teec Nos Pos Chapter
040019440001117,Crystal Chapter
040019440001115,Sawmill Chapter
040059422012296,Coppermine Chapter
040179424001259,Oljato Chapter
040179400142098,White Cone Chapter
040179425002010,Kayenta Chapter
040059451003063,Tolani Lake Chapter
040179400151035,Indian Wells Chapter
040019441005106,Lukachukai Chapter
040019449013037,Ganado Chapter
040019449021157,Steamboat Chapter
040019449022019,Steamboat Chapter
040019449022021,Steamboat Chapter
040059450001040,Bodaway Chapter
040019441003065,Tsaile-Wheatfields Chapter
040059450002098,Coalmine Mesa Chapter
040019441003032,Tsaile-Wheatfields Chapter
040019442022042,Chinle Chapter
040019449014095,Kinlichee Chapter
040019449022071,Cornfields Chapter
040059450002047,Tuba City Chapter
040059422012135,Coppermine Chapter
040019441003077,Tsaile-Wheatfields Chapter
040019449012038,Kinlichee Chapter
040019449013086,Ganado Chapter
040019449024111,Cornfields Chapter
040019449013008,Ganado Chapter
040019440002023,Fort Defiance Chapter
040019427004225,Red Valley Chapter
040019427003082,Sweetwater Chapter
040019449013027,Ganado Chapter
040019426001020,Dennehotso Chapter
040059422011067,LeChee Chapter
040059422012133,Coppermine Chapter
040059422021097,Inscription House Chapter
040179424001251,Forest Lake Chapter
040179400081036,Forest Lake Chapter
040059451002156,Leupp Chapter
040059422012222,Kaibeto Chapter
040059422011087,LeChee Chapter
040059422011086,LeChee Chapter
040019443013064,Many Farms Chapter
040019449014174,Klagetoh Chapter
040019441003016,Tsaile-Wheatfields Chapter
040059422023077,Tonalea Chapter
040019440001078,Sawmill Chapter
040019443021145,Nazlini Chapter
040019427002171,Rock Point Chapter
040019441002037,Rock Point Chapter
040019449014062,Kinlichee Chapter
040059450001150,Bodaway Chapter
040179400132035,Jeddito Chapter
040179423003013,Kayenta Chapter
040179400152068,Tolani Lake Chapter
040019441002154,Many Farms Chapter
040059422012058,Coppermine Chapter
040019443011069,Many Farms Chapter
040019442012132,Chinle Chapter
040019443021009,Nazlini Chapter
040059450001080,Cameron Chapter
040059450003076,Bodaway Chapter
040019451002077,Nahatadziil Chapter
040019443011052,Many Farms Chapter
040059422012236,Kaibeto Chapter
040059422022036,Kaibeto Chapter
040179400082072,Hard Rock Chapter
040179400112001,Black Mesa Chapter
040019449024022,Ganado Chapter
040059422022009,Kaibeto Chapter
040059422021012,Navajo Mountain Chapter
040019440002061,Fort Defiance Chapter
040019449014104,Kinlichee Chapter
040179400143006,Greasewood Chapter
040019449023061,Klagetoh Chapter
040019449011034,Klagetoh Chapter
040019449022127,Greasewood Chapter
040019427002184,Rock Point Chapter
040059422012143,Coppermine Chapter
040059422022105,Kaibeto Chapter
040059451002055,Leupp Chapter
040059451003096,Tolani Lake Chapter
040179400141030,Greasewood Chapter
040179400082034,Hard Rock Chapter
040179400082048,Hard Rock Chapter
040019440001150,Nazlini Chapter
040019443012134,Tachee Chapter
040019426002052,Dennehotso Chapter
040059422023096,Inscription House Chapter
040179400111012,Tachee Chapter
040019443021047,Chinle Chapter
040019443021088,Nazlini Chapter
040019426002046,Dennehotso Chapter
040019450021057,Oak Springs Chapter
040019449014102,Kinlichee Chapter
040019441005020,Lukachukai Chapter
040059422012051,Coppermine Chapter
040059422012022,Coppermine Chapter
040179425003023,Kayenta Chapter
040019449014092,Kinlichee Chapter
040019427004193,Sanostee Chapter
040179400143142,Indian Wells Chapter
040179400113023,Piñon Chapter
040019450011013,St. Michaels Chapter
040059451003058,Tolani Lake Chapter
040179423001034,Shonto Chapter
040059451002170,Leupp Chapter
040179400152025,Teesto Chapter
040179400152004,Teesto Chapter
040179400152272,Bird Springs Chapter
040179425003046,Kayenta Chapter
040179400142117,White Cone Chapter
040179400081047,Forest Lake Chapter
040179400112043,Piñon Chapter
040179400103023,Piñon Chapter
040179400103018,Piñon Chapter
040059450002076,Bodaway Chapter
040059450001200,Bodaway Chapter
040179400081054,Forest Lake Chapter
040019427002230,Rock Point Chapter
040019427003016,Sweetwater Chapter
040059422021072,Inscription House Chapter
040179424002066,Chilchinbeto Chapter
040179400141023,Greasewood Chapter
040179400152253,Bird Springs Chapter
040179400142067,White Cone Chapter
040019450023076,Houck Chapter
040179424002122,Chilchinbeto Chapter
040059450001139,Bodaway Chapter
040059451001086,Leupp Chapter
040019427002068,Mexican Water Chapter
040019427002262,Mexican Water Chapter
040019449024053,Ganado Chapter
040019426001137,Chilchinbeto Chapter
040179400113038,Piñon Chapter
040179423003050,Shonto Chapter
040019451002129,Nahatadziil Chapter
040019426001186,Chilchinbeto Chapter
040019426001221,Dennehotso Chapter
040019426001084,Dennehotso Chapter
040019449012074,Kinlichee Chapter
040059422012275,Coppermine Chapter
040179400143002,Greasewood Chapter
040179400151076,Indian Wells Chapter
040179400101005,Whippoorwill Chapter
040059451003104,Tolani Lake Chapter
040179400151044,Indian Wells Chapter
040019449021043,Low Mountain Chapter
040019450023007,Houck Chapter
040019449023153,Wide Ruins Chapter
040019441005001,Cove Chapter
040019449024108,Ganado Chapter
040019443012037,Rough Rock Chapter
040019441005067,Lukachukai Chapter
040019440001069,Chinle Chapter
040019427001075,Sweetwater Chapter
040019442023018,Chinle Chapter
040019451001096,Nahatadziil Chapter
040059451002009,Bird Springs Chapter
040019441003067,Tsaile-Wheatfields Chapter
040019441003013,Tsaile-Wheatfields Chapter
040059422022047,Kaibeto Chapter
040059422023013,Inscription House Chapter
040019442022029,Chinle Chapter
040019427004082,Cove Chapter
040059450003178,Bodaway Chapter
040059450001254,Bodaway Chapter
040059451002052,Leupp Chapter
040019427004111,Red Valley Chapter
040019441003130,Tsaile-Wheatfields Chapter
040019449023004,Klagetoh Chapter
040019443021091,Nazlini Chapter
040019427002276,Sweetwater Chapter
040019427003019,Sweetwater Chapter
040019443022005,Tselani Chapter
040019449023147,Wide Ruins Chapter
040019449011071,Wide Ruins Chapter
040019449021010,Low Mountain Chapter
040019441004075,Tsaile-Wheatfields Chapter
040019440001276,Fort Defiance Chapter
040019441005088,Lukachukai Chapter
040019441003051,Tsaile-Wheatfields Chapter
040019449021193,Jeddito Chapter
040019442021017,Chinle Chapter
040019442022063,Chinle Chapter
040019442021019,Chinle Chapter
040019442021029,Chinle Chapter
040019442011007,Chinle Chapter
040059450001359,Cameron Chapter
040059422021077,Inscription House Chapter
040019450023116,Houck Chapter
040059450001334,Cameron Chapter
040179423003115,Inscription House Chapter
040179424001198,Kayenta Chapter
040179400081038,Forest Lake Chapter
040179423002014,Shonto Chapter
040059450003092,Bodaway Chapter
040059451003076,Tolani Lake Chapter
040059422011109,Kaibeto Chapter
040019440002078,Fort Defiance Chapter
040019443011034,Many Farms Chapter
040179400113030,Hard Rock Chapter
040059422011042,LeChee Chapter
040059451001044,Leupp Chapter
040019441002038,Rock Point Chapter
040019449012005,Kinlichee Chapter
040019427003094,Sweetwater Chapter
040019427002163,Rock Point Chapter
040179400132004,Jeddito Chapter
040019443021033,Nazlini Chapter
040179400152247,Bird Springs Chapter
040179400153083,Dilcon Chapter
040179400153015,Indian Wells Chapter
040059422011128,Kaibeto Chapter
040179400142073,White Cone Chapter
040179400081024,Forest Lake Chapter
040019449024034,Ganado Chapter
040019443022147,Tselani Chapter
040019440003035,Fort Defiance Chapter
040019450014001,St. Michaels Chapter
040019440001216,Sawmill Chapter
040179425003038,Kayenta Chapter
040179400143091,Indian Wells Chapter
040179424002073,Chilchinbeto Chapter
040019427004071,Red Valley Chapter
040059422012150,Coppermine Chapter
040019449013091,Ganado Chapter
040019443021006,Nazlini Chapter
040019440001112,Sawmill Chapter
040059451002129,Bird Springs Chapter
040179400081017,Forest Lake Chapter
040179400141088,Greasewood Chapter
040019450014022,St. Michaels Chapter
040019443022123,Tselani Chapter
040019443022121,Tselani Chapter
040019449021124,Steamboat Chapter
040019450021117,Lupton Chapter
040019450013026,St. Michaels Chapter
040019443011097,Many Farms Chapter
040059422012294,Coppermine Chapter
040179425002006,Kayenta Chapter
040019449023006,Ganado Chapter
040019449024138,Cornfields Chapter
040019427002138,Rock Point Chapter
040019443022073,Tselani Chapter
040019441004118,Tsaile-Wheatfields Chapter
040179400143150,Indian Wells Chapter
040179423003041,Shonto Chapter
040179400153069,Dilcon Chapter
040019450013021,St. Michaels Chapter
040179424002141,Chilchinbeto Chapter
040179424001162,Chilchinbeto Chapter
040059451003046,Tolani Lake Chapter
040019441004021,Tsaile-Wheatfields Chapter
040179400143089,Indian Wells Chapter
040179400152014,Teesto Chapter
040059450001169,Bodaway Chapter
040059450001187,Bodaway Chapter
040179400082028,Hard Rock Chapter
040179400151015,Teesto Chapter
040179423003089,Shonto Chapter
040059451002102,Leupp Chapter
040059422021021,Navajo Mountain Chapter
040059422023066,Tonalea Chapter
040059422012145,Coppermine Chapter
040059422012168,Coppermine Chapter
040059452002008,Tuba City Chapter
040179423001037,Shonto Chapter
040179400103008,Piñon Chapter
040179400113031,Hard Rock Chapter
040179424001217,Kayenta Chapter
040019450023018,Houck Chapter
040059450003173,Bodaway Chapter
040059422021065,Inscription House Chapter
040179424001049,Oljato Chapter
040179400113058,Hard Rock Chapter
040179400152201,Bird Springs Chapter
040059422012127,Coppermine Chapter
040059450001217,Cameron Chapter
040019427002018,Mexican Water Chapter
040019449012015,Kinlichee Chapter
040019443012016,Rough Rock Chapter
040019426001013,Dennehotso Chapter
040179400103032,Piñon Chapter
040019426001169,Dennehotso Chapter
040019451002090,Nahatadziil Chapter
040179400152143,Teesto Chapter
040179424002074,Chilchinbeto Chapter
040179425002007,Kayenta Chapter
040019441004058,Tsaile-Wheatfields Chapter
040019443012036,Rough Rock Chapter
040019442023045,Chinle Chapter
040019443022015,Tselani Chapter
040019449022069,Cornfields Chapter
040019441003128,Tsaile-Wheatfields Chapter
040019451002024,Nahatadziil Chapter
040019427004053,Red Valley Chapter
040019449012121,Kinlichee Chapter
040019449021103,Steamboat Chapter
040019449014153,Klagetoh Chapter
040019449012148,Kinlichee Chapter
040019427002229,Rock Point Chapter
040019441004092,Many Farms Chapter
040019443013014,Many Farms Chapter
040019443011082,Many Farms Chapter
040019442011002,Chinle Chapter
040019449014139,Klagetoh Chapter
040019449024065,Ganado Chapter
040019449011070,Wide Ruins Chapter
040019440002032,Fort Defiance Chapter
040019440002021,Fort Defiance Chapter
040019440001240,Fort Defiance Chapter
040019441002017,Red Valley Chapter
040019427002182,Rock Point Chapter
040019427001049,Teec Nos Pos Chapter
040019442012137,Chinle Chapter
040019442011018,Chinle Chapter
040019427002083,Mexican Water Chapter
040059422011052,LeChee Chapter
040059422013113,Tonalea Chapter
040059450002072,Tuba City Chapter
040059422022110,Kaibeto Chapter
040059451001022,Leupp Chapter
040019449011109,Wide Ruins Chapter
040059422022126,Kaibeto Chapter
040059450002058,Tuba City Chapter
040059451003064,Leupp Chapter
040019449023031,Klagetoh Chapter
040019440001049,Sawmill Chapter
040179400112078,Piñon Chapter
040059422021108,LeChee Chapter
040059451002127,Bird Springs Chapter
040019426001133,Dennehotso Chapter
040019426001197,Dennehotso Chapter
040019443012091,Tachee Chapter
040179400101040,Whippoorwill Chapter
040019443021054,Nazlini Chapter
040179400152069,Tolani Lake Chapter
040059422011139,LeChee Chapter
040059422012139,Coppermine Chapter
040019449014203,Klagetoh Chapter
040059451003073,Tolani Lake Chapter
040059422022090,Kaibeto Chapter
040059422013028,Tonalea Chapter
040059422022003,Kaibeto Chapter
040019449022046,Greasewood Chapter
040019449021150,Steamboat Chapter
040059422022012,Kaibeto Chapter
040059451002019,Bird Springs Chapter
040019443022161,Nazlini Chapter
040019440002037,Fort Defiance Chapter
040019427003086,Sweetwater Chapter
040019449022143,Klagetoh Chapter
040019427002195,Rock Point Chapter
040059451004175,Coalmine Mesa Chapter
040179400142006,White Cone Chapter
040019443022116,Tselani Chapter
040019427003005,Sweetwater Chapter
040019443012092,Tachee Chapter
040059450001203,Bodaway Chapter
040059451003116,Bird Springs Chapter
040179400141077,Greasewood Chapter
040019451002028,Nahatadziil Chapter
040019440001219,Sawmill Chapter
040019427004118,Red Valley Chapter
040059451001057,Leupp Chapter
040059422012001,LeChee Chapter
040059422022058,Kaibeto Chapter
040019449022089,Cornfields Chapter
040059422012093,Coppermine Chapter
040059422012098,Coppermine Chapter
040059450002102,Tuba City Chapter
040019443013083,Tsaile-Wheatfields Chapter
040019441005042,Lukachukai Chapter
040019442023004,Chinle Chapter
040179400081087,Forest Lake Chapter
040179400113010,Piñon Chapter
040179400101017,Whippoorwill Chapter
040179423003040,Shonto Chapter
040179423003038,Kayenta Chapter
040179424001090,Kayenta Chapter
040179400112031,Piñon Chapter
040179400151032,White Cone Chapter
040179400143146,Indian Wells Chapter
040019443012063,Chilchinbeto Chapter
040179423002008,Shonto Chapter
040179400152031,Teesto Chapter
040179400152056,Teesto Chapter
040179400132057,Jeddito Chapter
040179424002142,Chilchinbeto Chapter
040179424001025,Oljato Chapter
040179424001238,Kayenta Chapter
040179424001146,Kayenta Chapter
040179400081007,Forest Lake Chapter
040059450001180,Bodaway Chapter
040179425003020,Kayenta Chapter
040019427002180,Rock Point Chapter
040059451003007,Coalmine Mesa Chapter
040059422011039,Coppermine Chapter
040179400101004,Whippoorwill Chapter
040179424001218,Kayenta Chapter
040179400142099,White Cone Chapter
040179400152137,Teesto Chapter
040059450001204,Coalmine Mesa Chapter
040019426001120,Dennehotso Chapter
040179400151033,White Cone Chapter
040019427002009,Red Mesa Chapter
040019426001093,Dennehotso Chapter
040019426002037,Dennehotso Chapter
040019427001043,Teec Nos Pos Chapter
040019450022008,St. Michaels Chapter
040179423001058,Kayenta Chapter
040059450002101,Tuba City Chapter
040179423001057,Shonto Chapter
040179423002001,Shonto Chapter
040059422013069,Tonalea Chapter
040179400152130,Dilcon Chapter
040019450011001,St. Michaels Chapter
040019427004146,Cove Chapter
040019449013032,Ganado Chapter
040059450003152,Bodaway Chapter
040019443021003,Chinle Chapter
040019441003087,Tsaile-Wheatfields Chapter
040019443011071,Many Farms Chapter
040059422013072,Tonalea Chapter
040059450002054,Tuba City Chapter
040019427001107,Sweetwater Chapter
040019449023046,Klagetoh Chapter
040019449012139,Kinlichee Chapter
040019449024098,Ganado Chapter
040019449022055,Cornfields Chapter
040019450021109,Lupton Chapter
040019451002146,Nahatadziil Chapter
040059450001228,Bodaway Chapter
040059451003099,Tolani Lake Chapter
040019443021013,Nazlini Chapter
040019443013035,Many Farms Chapter
040019443013036,Many Farms Chapter
040019427002191,Rock Point Chapter
040019449014161,Klagetoh Chapter
040019449012152,Kinlichee Chapter
040019449013017,Ganado Chapter
040019442012121,Chinle Chapter
040019427002021,Mexican Water Chapter
040019441004052,Tsaile-Wheatfields Chapter
040019449021194,Jeddito Chapter
040019449021187,Steamboat Chapter
040019442022055,Chinle Chapter
040019442022041,Chinle Chapter
040019427002174,Rock Point Chapter
040059422022085,Kaibeto Chapter
040059451001019,Leupp Chapter
040059422021090,Inscription House Chapter
040059422021081,Inscription House Chapter
040179400102015,Low Mountain Chapter
040179400153066,Dilcon Chapter
040179423003085,Shonto Chapter
040179400152034,Teesto Chapter
040059422012212,Kaibeto Chapter
040059422011085,LeChee Chapter
040059422021135,LeChee Chapter
040019449011105,Wide Ruins Chapter
040059451001067,Leupp Chapter
040019449013063,Ganado Chapter
040019441004119,Tsaile-Wheatfields Chapter
040019427002169,Rock Point Chapter
040019427002140,Rock Point Chapter
040019427002178,Rock Point Chapter
040019443013033,Many Farms Chapter
040059450001070,Bodaway Chapter
040059450003052,Bodaway Chapter
040179425003018,Kayenta Chapter
040019449024140,Ganado Chapter
040019449024136,Ganado Chapter
040059450003131,Bodaway Chapter
040059451002004,Bird Springs Chapter
040179400081008,Forest Lake Chapter
040179424001240,Kayenta Chapter
040179400152213,Dilcon Chapter
040019449023141,Wide Ruins Chapter
040059451002031,Leupp Chapter
040059450001132,Bodaway Chapter
040059451004254,Coalmine Mesa Chapter
040059451004274,Cameron Chapter
040059451003071,Tolani Lake Chapter
040059451004165,Coalmine Mesa Chapter
040179400142012,White Cone Chapter
040179400141067,Greasewood Chapter
040179400082055,Hard Rock Chapter
040019440003025,Fort Defiance Chapter
040019449013095,Ganado Chapter
040059422011024,LeChee Chapter
040059422023101,Inscription House Chapter
040059422023117,Shonto Chapter
040019449024137,Cornfields Chapter
040019443021120,Nazlini Chapter
040019449021152,Steamboat Chapter
040019441003006,Tsaile-Wheatfields Chapter
040019449013081,Ganado Chapter
040019449021033,Low Mountain Chapter
040019440003032,Fort Defiance Chapter
040179400082017,Hard Rock Chapter
040179424001268,Shonto Chapter
040179424001092,Shonto Chapter
040179400132028,Jeddito Chapter
040179424001262,Chilchinbeto Chapter
040179400152298,Bird Springs Chapter
040059422013085,Tonalea Chapter
040059422022140,LeChee Chapter
040059450003028,Bodaway Chapter
040179424002040,Dennehotso Chapter
040179400143135,Indian Wells Chapter
040179400143026,Greasewood Chapter
040179400103029,Piñon Chapter
040059422012024,LeChee Chapter
040059422013024,Tonalea Chapter
040179400112087,Piñon Chapter
040059450001199,Bodaway Chapter
040059450001190,Bodaway Chapter
040179400142130,White Cone Chapter
040019427004024,Red Valley Chapter
040019441001015,Lukachukai Chapter
040019427003101,Sweetwater Chapter
040019441002075,Round Rock Chapter
040059422012034,Coppermine Chapter
040179400141078,Greasewood Chapter
040179424002033,Chilchinbeto Chapter
040179425001013,Kayenta Chapter
040059450002080,Tuba City Chapter
040019426001022,Dennehotso Chapter
040179400082007,Forest Lake Chapter
040179400113066,Piñon Chapter
040019443011040,Many Farms Chapter
040019440001201,Red Lake Chapter
040019449014004,Kinlichee Chapter
040019450012012,St. Michaels Chapter
040059451004277,Cameron Chapter
040179423003075,Kayenta Chapter
040059422012049,Coppermine Chapter
040059450002053,Tuba City Chapter
040059449001017,Tuba City Chapter
040179400152149,Dilcon Chapter
040179424001244,Kayenta Chapter
040019449011099,Wide Ruins Chapter
040019442012023,Chinle Chapter
040059422013005,Tonalea Chapter
040019449021085,Jeddito Chapter
040019449014091,Kinlichee Chapter
040019449012076,Kinlichee Chapter
040059450001264,Cameron Chapter
040019426002016,Dennehotso Chapter
040019443021027,Chinle Chapter
040059451002148,Bird Springs Chapter
040019443022146,Tselani Chapter
040019449014142,Klagetoh Chapter
040019443013061,Many Farms Chapter
040019442012073,Chinle Chapter
040019427002209,Rock Point Chapter
040019450022046,St. Michaels Chapter
040019449011086,Wide Ruins Chapter
040019441004111,Tsaile-Wheatfields Chapter
040019426002013,Dennehotso Chapter
040019442021032,Chinle Chapter
040019426001126,Dennehotso Chapter
040019427002077,Mexican Water Chapter
040059450001281,Cameron Chapter
040059452003007,Tuba City Chapter
040019450022056,St. Michaels Chapter
040179400143061,Greasewood Chapter
040059450003097,Bodaway Chapter
040059451003022,Tolani Lake Chapter
040059422012210,Coppermine Chapter
040019449011043,Wide Ruins Chapter
040179423003100,Shonto Chapter
040059451002053,Leupp Chapter
040059451002120,Bird Springs Chapter
040059422023041,Tonalea Chapter
040019427002165,Rock Point Chapter
040019450021069,Oak Springs Chapter
040179400141006,Steamboat Chapter
040019442011024,Chinle Chapter
040179400152070,Tolani Lake Chapter
040019441004084,Tsaile-Wheatfields Chapter
040059422012061,Coppermine Chapter
040019440003044,Fort Defiance Chapter
040019443011056,Many Farms Chapter
040019442012129,Chinle Chapter
040019426001158,Chilchinbeto Chapter
040059422011064,LeChee Chapter
040019449024114,Ganado Chapter
040019449011066,Wide Ruins Chapter
040019441002147,Round Rock Chapter
040059422013084,Tonalea Chapter
040059450001057,Bodaway Chapter
040059451003005,Coalmine Mesa Chapter
040059422012265,Tuba City Chapter
040059451001082,Leupp Chapter
040179400143108,Greasewood Chapter
040179423001008,Kayenta Chapter
040179400081067,Black Mesa Chapter
040019440001225,Kinlichee Chapter
040019449014114,Kinlichee Chapter
040019450014002,St. Michaels Chapter
040059422012134,Coppermine Chapter
040019427004122,Red Valley Chapter
040179400081106,Forest Lake Chapter
040019443021094,Nazlini Chapter
040019427003015,Sweetwater Chapter
040019449011038,Klagetoh Chapter
040019449023155,Wide Ruins Chapter
040059450002104,Tuba City Chapter
040059450003155,Bodaway Chapter
040059450001223,Cameron Chapter
040059451004162,Coalmine Mesa Chapter
040059451004299,Coalmine Mesa Chapter
040019443011048,Many Farms Chapter
040019427003032,Sweetwater Chapter
040019443021139,Nazlini Chapter
040059422023112,Tonalea Chapter
040179400141100,Greasewood Chapter
040019449021009,Low Mountain Chapter
040019449011076,Wide Ruins Chapter
040059422022024,LeChee Chapter
040059449003012,Tuba City Chapter
040019449013051,Ganado Chapter
040019441002160,Round Rock Chapter
040019442012005,Chinle Chapter
040179400113094,Piñon Chapter
040179400132009,Jeddito Chapter
040179400153022,Dilcon Chapter
040179400152299,Bird Springs Chapter
040179423003103,Shonto Chapter
040179423002033,Inscription House Chapter
040179400082097,Hard Rock Chapter
040019427002248,Rough Rock Chapter
040179400153004,Dilcon Chapter
040059450001155,Bodaway Chapter
040059450001192,Bodaway Chapter
040179400132051,Jeddito Chapter
040179423001048,Shonto Chapter
040179423001030,Shonto Chapter
040179424001237,Kayenta Chapter
040179400113019,Piñon Chapter
040179400143092,Indian Wells Chapter
040179400113001,Piñon Chapter
040179400112090,Piñon Chapter
040059422021005,Navajo Mountain Chapter
040050022013015,Cameron Chapter
040059450003114,Bodaway Chapter
040179400101026,Whippoorwill Chapter
040019442012085,Chinle Chapter
040019442012032,Chinle Chapter
040019427002257,Rock Point Chapter
040019442011006,Chinle Chapter
040019441003069,Tsaile-Wheatfields Chapter
040179423003104,Shonto Chapter
040179400152208,Bird Springs Chapter
040179425001002,Kayenta Chapter
040179400152322,Dilcon Chapter
040179400152156,Dilcon Chapter
040179400142114,White Cone Chapter
040019450023080,Houck Chapter
040059452001001,Tuba City Chapter
040019449024001,Ganado Chapter
040019443012011,Rough Rock Chapter
040019451002147,Nahatadziil Chapter
040019426001052,Dennehotso Chapter
040019426001118,Dennehotso Chapter
040179423002040,Shonto Chapter
040179400101042,Whippoorwill Chapter
040179425002003,Kayenta Chapter
040019449011032,Wide Ruins Chapter
040019450023030,Houck Chapter
040019426001101,Dennehotso Chapter
040019449024107,Ganado Chapter
040019449024110,Ganado Chapter
040019449024063,Ganado Chapter
040019449021181,Steamboat Chapter
040019451001087,Nahatadziil Chapter
040059450003015,Bodaway Chapter
040059450002019,Tuba City Chapter
040059450001378,Coalmine Mesa Chapter
040059422023043,Tonalea Chapter
040019443012146,Tachee Chapter
040019427004005,Red Valley Chapter
040019443021071,Nazlini Chapter
040019443021064,Nazlini Chapter
040019449012138,Kinlichee Chapter
040019427003075,Sweetwater Chapter
040019451002139,Nahatadziil Chapter
040019450014009,St. Michaels Chapter
040019427003100,Sweetwater Chapter
040059450001367,Cameron Chapter
040019443011086,Many Farms Chapter
040019442023025,Chinle Chapter
040019441005075,Lukachukai Chapter
040019427004026,Red Valley Chapter
040019443022025,Tselani Chapter
040019443022193,Tachee Chapter
040019449012030,Kinlichee Chapter
040019449021039,Low Mountain Chapter
040019443011033,Many Farms Chapter
040019427002123,Rock Point Chapter
040019449011081,Wide Ruins Chapter
040019441004083,Tsaile-Wheatfields Chapter
040019441003084,Chinle Chapter
040019449021151,Steamboat Chapter
040019440003002,Fort Defiance Chapter
040019442023003,Chinle Chapter
040019427002082,Mexican Water Chapter
040059451002022,Bird Springs Chapter
040059422021091,Inscription House Chapter
040059422012194,Coppermine Chapter
040019449014019,Kinlichee Chapter
040059451004176,Coalmine Mesa Chapter
040179423003049,Shonto Chapter
040179400113002,Piñon Chapter
040179424001093,Kayenta Chapter
040179400152109,Teesto Chapter
040179400102039,Low Mountain Chapter
040179423002004,Shonto Chapter
040059422022069,LeChee Chapter
040059422012180,Coppermine Chapter
040059422021125,LeChee Chapter
040019449023118,Wide Ruins Chapter
040019450021138,Lupton Chapter
040179424001183,Kayenta Chapter
040179424002096,Chilchinbeto Chapter
040059450001360,Cameron Chapter
040059422011040,LeChee Chapter
040059450002074,Coalmine Mesa Chapter
040019443012165,Rough Rock Chapter
040019427002244,Rock Point Chapter
040179424001086,Kayenta Chapter
040179400082031,Hard Rock Chapter
040019427003083,Teec Nos Pos Chapter
040019426001012,Dennehotso Chapter
040059422011053,LeChee Chapter
040019443012156,Rough Rock Chapter
040019449024041,Steamboat Chapter
040019449023054,Klagetoh Chapter
040059450002033,Tuba City Chapter
040059422013126,Tonalea Chapter
040059450001231,Bodaway Chapter
040059422012235,Kaibeto Chapter
040179400141018,Greasewood Chapter
040019450014014,St. Michaels Chapter
040019450014025,St. Michaels Chapter
040019440003042,St. Michaels Chapter
040019449014126,Klagetoh Chapter
040179400112059,Black Mesa Chapter
040019449023105,Wide Ruins Chapter
040019442023076,Chinle Chapter
040019442023034,Chinle Chapter
040019449021058,Steamboat Chapter
040019440001151,Nazlini Chapter
040019441002127,Round Rock Chapter
040019440001031,Crystal Chapter
040019442012100,Chinle Chapter
040179400103039,Piñon Chapter
040179400113070,Piñon Chapter
040019450022080,St. Michaels Chapter
040179400141089,Greasewood Chapter
040019440001194,Sawmill Chapter
040019443012066,Black Mesa Chapter
040059422023115,Shonto Chapter
040059422023120,Tonalea Chapter
040059450001297,Cameron Chapter
040059422022050,Kaibeto Chapter
040019449014198,Klagetoh Chapter
040019449014200,Klagetoh Chapter
040019442023057,Chinle Chapter
040019441002164,Round Rock Chapter
040019440001148,Sawmill Chapter
040019449021074,Steamboat Chapter
040019449014097,Kinlichee Chapter
040019440003022,Fort Defiance Chapter
040019443022072,Tselani Chapter
040019449022139,Greasewood Chapter
040179400102044,Jeddito Chapter
040179424002103,Chilchinbeto Chapter
040179400153023,Dilcon Chapter
040179425001014,Kayenta Chapter
040019441002152,Round Rock Chapter
040019441004027,Tsaile-Wheatfields Chapter
040179424002110,Chilchinbeto Chapter
040059422013093,Tonalea Chapter
040179400152019,Teesto Chapter
040059451004097,Coalmine Mesa Chapter
040059451004179,Coalmine Mesa Chapter
040179400102016,Low Mountain Chapter
040179423001052,Shonto Chapter
040179400142017,White Cone Chapter
040179423001045,Shonto Chapter
040179400141000,Steamboat Chapter
040059451002086,Leupp Chapter
040059451002054,Leupp Chapter
040019450021140,Lupton Chapter
040019427002267,Sweetwater Chapter
040179400141046,Greasewood Chapter
040179400152141,Teesto Chapter
040179400102013,Whippoorwill Chapter
040059422012095,Coppermine Chapter
040019449023014,Cornfields Chapter
040019449024067,Ganado Chapter
040019427002226,Rock Point Chapter
040019442023054,Chinle Chapter
040019441002158,Round Rock Chapter
040019441005017,Lukachukai Chapter
040179400152051,Teesto Chapter
040179400152136,Teesto Chapter
040179424001027,Oljato Chapter
040179423001017,Shonto Chapter
040179400142122,White Cone Chapter
040179400141069,Greasewood Chapter
040179425003007,Kayenta Chapter
040179423003081,Kayenta Chapter
040059450003135,Bodaway Chapter
040059422012317,Coppermine Chapter
040179400152087,Teesto Chapter
040179400141102,Greasewood Chapter
040019450023054,Wide Ruins Chapter
040019450021030,Oak Springs Chapter
040019449011112,Klagetoh Chapter
040059422021141,Inscription House Chapter
040059450001194,Bodaway Chapter
040019442021031,Chinle Chapter
040059422012310,Tuba City Chapter
040019443021123,Nazlini Chapter
040019443021107,Nazlini Chapter
040019443021154,Nazlini Chapter
040019449013073,Ganado Chapter
040059450001373,Cameron Chapter
040059450001269,Cameron Chapter
040059422023132,Inscription House Chapter
040019441003110,Tsaile-Wheatfields Chapter
040019426001216,Dennehotso Chapter
040019449012009,Kinlichee Chapter
040019443012175,Many Farms Chapter
040019441001027,Lukachukai Chapter
040019443021084,Nazlini Chapter
040019440001229,Sawmill Chapter
040019427002268,Sweetwater Chapter
040019427002121,Rock Point Chapter
040019449023087,Klagetoh Chapter
040019449011022,Wide Ruins Chapter
040019440002014,Fort Defiance Chapter
040019443013062,Many Farms Chapter
040019449021169,Steamboat Chapter
040059422021130,LeChee Chapter
040059422011070,LeChee Chapter
040059450001287,Cameron Chapter
040059450001279,Cameron Chapter
040059422012166,Coppermine Chapter
040179423003090,Shonto Chapter
040179400152146,Dilcon Chapter
040179400081039,Forest Lake Chapter
040059451002131,Bird Springs Chapter
040059422012221,Kaibeto Chapter
040019441002153,Round Rock Chapter
040019441003071,Tsaile-Wheatfields Chapter
040019441005039,Lukachukai Chapter
040019441005036,Lukachukai Chapter
040019441003079,Chinle Chapter
040059422021116,LeChee Chapter
040059422023079,Tonalea Chapter
040019426002005,Dennehotso Chapter
040019443021005,Nazlini Chapter
040019427001062,Teec Nos Pos Chapter
040019427003096,Sweetwater Chapter
040019450022078,St. Michaels Chapter
040019440002064,Fort Defiance Chapter
040019443021043,Nazlini Chapter
040179400152117,Bird Springs Chapter
040179400151046,Indian Wells Chapter
040019441002142,Round Rock Chapter
040019441001026,Lukachukai Chapter
040059422012085,Coppermine Chapter
040059450001237,Bodaway Chapter
040059450001242,Bodaway Chapter
040059422022135,Kaibeto Chapter
040179424002118,Chilchinbeto Chapter
040179423001006,Kayenta Chapter
040019440001265,Kinlichee Chapter
040019440001272,Fort Defiance Chapter
040019449014124,Klagetoh Chapter
040059422021028,Navajo Mountain Chapter
040059451002190,Leupp Chapter
040059450003143,Bodaway Chapter
040059451004380,Coalmine Mesa Chapter
040059422012289,Coppermine Chapter
040019440001193,Sawmill Chapter
040019440001161,Nazlini Chapter
040019449014168,Klagetoh Chapter
040019442012058,Chinle Chapter
040019450013031,St. Michaels Chapter
040059422023090,Inscription House Chapter
040179400081027,Forest Lake Chapter
040019441005021,Lukachukai Chapter
040059422023057,Kaibeto Chapter
040019441005011,Lukachukai Chapter
040019449022081,Klagetoh Chapter
040059422012101,Coppermine Chapter
040059422012109,Coppermine Chapter
040019427002160,Rock Point Chapter
040019426001149,Chilchinbeto Chapter
040019427004173,Red Valley Chapter
040019449021067,Steamboat Chapter
040019449013090,Ganado Chapter
040019427004181,Lukachukai Chapter
040179400143141,Indian Wells Chapter
040179400112076,Piñon Chapter
040019427003006,Sweetwater Chapter
040179424001118,Kayenta Chapter
040179400132032,Jeddito Chapter
040179400081088,Forest Lake Chapter
040179423002047,Shonto Chapter
040179400112036,Piñon Chapter
040059422021007,Navajo Mountain Chapter
040059451004295,Coalmine Mesa Chapter
040059450001185,Bodaway Chapter
040179400152050,Teesto Chapter
040179400142121,White Cone Chapter
040059452001012,Tuba City Chapter
040059452001014,Tuba City Chapter
040059450001329,Cameron Chapter
040019427001093,Teec Nos Pos Chapter
040179400113012,Piñon Chapter
040179400142096,White Cone Chapter
040019449023144,Wide Ruins Chapter
040019441004046,Tsaile-Wheatfields Chapter
040019427002060,Mexican Water Chapter
040019426001204,Dennehotso Chapter
040179400101009,Tachee Chapter
040179424001186,Kayenta Chapter
040059450001226,Cameron Chapter
040059450002023,Tuba City Chapter
040179400151093,Indian Wells Chapter
040179400143046,Indian Wells Chapter
040179400142003,Greasewood Chapter
040059422022125,Kaibeto Chapter
040179400101010,Tachee Chapter
040019426001000,Dennehotso Chapter
040019426001053,Dennehotso Chapter
040019450022106,Oak Springs Chapter
040059450003133,Bodaway Chapter
040019442021020,Chinle Chapter
040019443011058,Many Farms Chapter
040019443011067,Many Farms Chapter
040059450002010,Tuba City Chapter
040019449012039,Kinlichee Chapter
040019441002076,Round Rock Chapter
040019449023028,Klagetoh Chapter
040019443011099,Many Farms Chapter
040019427004218,Red Valley Chapter
040059422012047,Coppermine Chapter
040019449023113,Wide Ruins Chapter
040019450023041,Houck Chapter
040019443022035,Tselani Chapter
040019443011085,Many Farms Chapter
040019442012020,Chinle Chapter
040019449011072,Wide Ruins Chapter
040019427003112,Rock Point Chapter
040019440002048,Fort Defiance Chapter
040019442012017,Chinle Chapter
040019443013001,Round Rock Chapter
040019441003089,Tsaile-Wheatfields Chapter
040019440002052,Fort Defiance Chapter
040019450021118,Lupton Chapter
040059452002015,Tuba City Chapter
040179423001029,Shonto Chapter
040179400082006,Hard Rock Chapter
040179400152032,Teesto Chapter
040059422011071,LeChee Chapter
040019450021119,Lupton Chapter
040179424002004,Dennehotso Chapter
040059422013073,Tonalea Chapter
040019440001283,Kinlichee Chapter
040019427001112,Teec Nos Pos Chapter
040019427002145,Rock Point Chapter
040179400082001,Forest Lake Chapter
040179400142031,White Cone Chapter
040019426001085,Dennehotso Chapter
040019449014137,Klagetoh Chapter
040019443012155,Tachee Chapter
040059422012216,Kaibeto Chapter
040059422012071,Coppermine Chapter
040059451003000,Coalmine Mesa Chapter
040019443012162,Rough Rock Chapter
040059422011047,LeChee Chapter
040059450003149,Bodaway Chapter
040059422011100,LeChee Chapter
040059450001135,Bodaway Chapter
040059422022134,Kaibeto Chapter
040019450013008,St. Michaels Chapter
040019426001156,Chilchinbeto Chapter
040019450013023,St. Michaels Chapter
040019443022165,Nazlini Chapter
040019449011030,Klagetoh Chapter
040059451002189,Leupp Chapter
040019440001224,Kinlichee Chapter
040179400142071,White Cone Chapter
040019427004019,Red Valley Chapter
040019451002143,Nahatadziil Chapter
040019443022091,Tselani Chapter
040019427002101,Rock Point Chapter
040059422011041,LeChee Chapter
040019449023003,Klagetoh Chapter
040019449024045,Cornfields Chapter
040019449022151,Greasewood Chapter
040019449023049,Klagetoh Chapter
040059450003039,Bodaway Chapter
040019449024092,Cornfields Chapter
040019441004020,Tsaile-Wheatfields Chapter
040019449012132,Kinlichee Chapter
040019443013082,Tsaile-Wheatfields Chapter
040019443022180,Tselani Chapter
040179400112077,Piñon Chapter
040059422023034,Tonalea Chapter
040019443012031,Rough Rock Chapter
040179400152059,Teesto Chapter
040179400102038,Low Mountain Chapter
040179400113049,Hard Rock Chapter
040059450003179,Bodaway Chapter
040179423001036,Shonto Chapter
040179400153032,Indian Wells Chapter
040179400153052,Dilcon Chapter
040059450002067,Tuba City Chapter
040179400153081,Dilcon Chapter
040179400102006,Low Mountain Chapter
040019450021050,Oak Springs Chapter
040019449021088,Jeddito Chapter
040019427002241,Rock Point Chapter
040019427003047,Sweetwater Chapter
040019442023022,Chinle Chapter
040059422021085,Inscription House Chapter
040179424001214,Kayenta Chapter
040179400152153,Dilcon Chapter
040059422012091,Coppermine Chapter
040019449012019,Kinlichee Chapter
040019442023015,Chinle Chapter
040019441002107,Round Rock Chapter
040179400152054,Teesto Chapter
040019427004106,Red Valley Chapter
040059451001069,Leupp Chapter
040019451001043,Nahatadziil Chapter
040179400152278,Bird Springs Chapter
040179400082063,Hard Rock Chapter
040059450002048,Tuba City Chapter
040179423003060,Shonto Chapter
040019449022118,Greasewood Chapter
040019449021180,Steamboat Chapter
040019426001211,Chilchinbeto Chapter
040019440001052,Sawmill Chapter
040019442012002,Chinle Chapter
040019442022056,Chinle Chapter
040059449001003,Tuba City Chapter
040019443022172,Tselani Chapter
040019442023059,Chinle Chapter
040059450001299,Cameron Chapter
040019427002224,Rock Point Chapter
040019427004158,Red Valley Chapter
040019443011087,Rough Rock Chapter
040019450022092,Oak Springs Chapter
040019449021051,Jeddito Chapter
040019449011091,Wide Ruins Chapter
040019427002033,Mexican Water Chapter
040019449014057,Kinlichee Chapter
040019450013000,Fort Defiance Chapter
040019441002068,Round Rock Chapter
040019443012152,Tselani Chapter
040019440001084,Nazlini Chapter
040019451001057,Nahatadziil Chapter
040059451001012,Leupp Chapter
040059451001025,Leupp Chapter
040059422021098,Inscription House Chapter
040059449001000,Tuba City Chapter
040059450003111,Bodaway Chapter
040019450023067,Houck Chapter
040179400101039,Whippoorwill Chapter
040179400082044,Hard Rock Chapter
040059422022030,Kaibeto Chapter
040059422023092,Inscription House Chapter
040059422023080,Tonalea Chapter
040019427002284,Rock Point Chapter
040019427002161,Rock Point Chapter
040019426001140,Dennehotso Chapter
040019449024003,Ganado Chapter
040019440001067,Sawmill Chapter
040019427003079,Sweetwater Chapter
040019449012115,Kinlichee Chapter
040019450022083,St. Michaels Chapter
040019449022047,Cornfields Chapter
040179400152067,Tolani Lake Chapter
040179400151051,Indian Wells Chapter
040019427004054,Red Valley Chapter
040019450012032,St. Michaels Chapter
040019426002004,Dennehotso Chapter
040059422012062,Coppermine Chapter
040059422012070,Coppermine Chapter
040059422023032,Tonalea Chapter
040059422021132,LeChee Chapter
040059451004061,Tuba City Chapter
040019449014216,Wide Ruins Chapter
040019450013028,St. Michaels Chapter
040019442023036,Chinle Chapter
040179423003015,Kayenta Chapter
040179400142128,White Cone Chapter
040179400141057,Greasewood Chapter
040019441005063,Lukachukai Chapter
040019441002097,Round Rock Chapter
040059422021016,Navajo Mountain Chapter
040059451002013,Bird Springs Chapter
040019450014016,St. Michaels Chapter
040059450001071,Bodaway Chapter
040059451004276,Cameron Chapter
040059451002093,Leupp Chapter
040059422012199,Coppermine Chapter
040019442012111,Chinle Chapter
040019449012013,Kinlichee Chapter
040019427002008,Red Mesa Chapter
040019449014172,Klagetoh Chapter
040019440001025,Crystal Chapter
040019443021082,Nazlini Chapter
040019443021078,Nazlini Chapter
040179424001076,Kayenta Chapter
040019440001169,Nazlini Chapter
040019426001165,Chilchinbeto Chapter
040019450023104,Lupton Chapter
040019449022125,Greasewood Chapter
040059450003045,Bodaway Chapter
040019440003028,Fort Defiance Chapter
040019441002007,Red Valley Chapter
040019443022068,Tselani Chapter
040179424001097,Kayenta Chapter
040179400143129,Indian Wells Chapter
040179400082058,Hard Rock Chapter
040179424001211,Kayenta Chapter
040179400152164,Dilcon Chapter
040179423003055,Inscription House Chapter
040179400152292,Bird Springs Chapter
040059451002125,Bird Springs Chapter
040059451003093,Tolani Lake Chapter
040179423001031,Shonto Chapter
040179400153048,Dilcon Chapter
040179400143095,Indian Wells Chapter
040179424001257,Oljato Chapter
040059451003003,Tolani Lake Chapter
040059422013027,Tonalea Chapter
040059422013076,Tonalea Chapter
040179400143136,Indian Wells Chapter
040179400143077,Indian Wells Chapter
040179424001077,Kayenta Chapter
040179400081053,Forest Lake Chapter
040019427002115,Rock Point Chapter
040019426001108,Chilchinbeto Chapter
040059450003035,Bodaway Chapter
040179400143011,Greasewood Chapter
040179400102008,Whippoorwill Chapter
040179400152030,Teesto Chapter
040179400141108,White Cone Chapter
040059450001110,Bodaway Chapter
040019441005064,Lukachukai Chapter
040019442012054,Chinle Chapter
040019443013003,Round Rock Chapter
040019443013050,Many Farms Chapter
040019441004016,Tsaile-Wheatfields Chapter
040019449023042,Klagetoh Chapter
040179400111032,Tachee Chapter
040179424001199,Kayenta Chapter
040019426001191,Chilchinbeto Chapter
040019426001164,Chilchinbeto Chapter
040019449012122,Kinlichee Chapter
040059422012115,Coppermine Chapter
040059450002013,Tuba City Chapter
040059450001133,Bodaway Chapter
040179400151065,Indian Wells Chapter
040179425001016,Kayenta Chapter
040179424001107,Shonto Chapter
040019451001005,Lupton Chapter
040019449013024,Ganado Chapter
040059450001119,Bodaway Chapter
040019441005079,Lukachukai Chapter
040019443011053,Many Farms Chapter
040059422013117,Tonalea Chapter
040059422023058,Tonalea Chapter
040059451004191,Coalmine Mesa Chapter
040019450021111,Lupton Chapter
040019427004093,Cove Chapter
040059450001036,Bodaway Chapter
040059451003031,Tolani Lake Chapter
040059422022001,Kaibeto Chapter
040019442023032,Chinle Chapter
040019450023046,Houck Chapter
040019442012072,Chinle Chapter
040019441002044,Round Rock Chapter
040019427002210,Rock Point Chapter
040019449014131,Klagetoh Chapter
040019449012042,Kinlichee Chapter
040019441003132,Chinle Chapter
040019442021007,Chinle Chapter
040019443013017,Many Farms Chapter
040019450021059,Oak Springs Chapter
040019449021177,Steamboat Chapter
040019426001027,Dennehotso Chapter
040019442012066,Chinle Chapter
040019427002085,Mexican Water Chapter
040059450001369,Cameron Chapter
040059450001282,Cameron Chapter
040059422011012,LeChee Chapter
040059422013036,Tonalea Chapter
040059422011119,Coppermine Chapter
040059451004153,Coalmine Mesa Chapter
040179400151063,Indian Wells Chapter
040059450003090,Bodaway Chapter
040059422023055,Tonalea Chapter
040059451001094,Leupp Chapter
040059451001075,Leupp Chapter
040019442011005,Chinle Chapter
040019449023035,Klagetoh Chapter
040019441005102,Lukachukai Chapter
040179400152250,Bird Springs Chapter
040179424001232,Kayenta Chapter
040179424002002,Kayenta Chapter
040019427002049,Mexican Water Chapter
040019443021036,Nazlini Chapter
040019427002124,Rock Point Chapter
040019426001029,Dennehotso Chapter
040019450022059,St. Michaels Chapter
040019450022084,St. Michaels Chapter
040019449023015,Klagetoh Chapter
040019450012017,St. Michaels Chapter
040019443021052,Nazlini Chapter
040059422011089,LeChee Chapter
040019449023131,Wide Ruins Chapter
040019449024116,Ganado Chapter
040019450012011,St. Michaels Chapter
040059450001164,Bodaway Chapter
040059422022081,Kaibeto Chapter
040059450001181,Bodaway Chapter
040019427003000,Teec Nos Pos Chapter
040019449021136,Steamboat Chapter
040019426001069,Dennehotso Chapter
040059422021025,Navajo Mountain Chapter
040059422021031,Navajo Mountain Chapter
040019440002055,Fort Defiance Chapter
040179400151038,Indian Wells Chapter
040019449023164,Wide Ruins Chapter
040059450001120,Bodaway Chapter
040059451002030,Leupp Chapter
040019443022019,Tselani Chapter
040019443012144,Tachee Chapter
040019443021081,Nazlini Chapter
040019443012128,Tachee Chapter
040019443012104,Chinle Chapter
040179423003000,Oljato Chapter
040179400141086,Greasewood Chapter
040019443022107,Tselani Chapter
040019449024017,Ganado Chapter
040019441002056,Rock Point Chapter
040019449021006,Low Mountain Chapter
040019440001044,Sawmill Chapter
040179423003039,Shonto Chapter
040019450013039,St. Michaels Chapter
040019449024076,Cornfields Chapter
040019449022099,Klagetoh Chapter
040019449013049,Ganado Chapter
040019441005041,Lukachukai Chapter
040019427004182,Lukachukai Chapter
040059451003019,Tolani Lake Chapter
040019443022181,Tselani Chapter
040019450022022,Kinlichee Chapter
040019449014075,Ganado Chapter
040019441003026,Tsaile-Wheatfields Chapter
040179400143004,Greasewood Chapter
040179400151054,Indian Wells Chapter
040179400142052,White Cone Chapter
040179400153025,Dilcon Chapter
040179400152178,Dilcon Chapter
040179400082092,Hard Rock Chapter
040179400082102,Hard Rock Chapter
040179400153030,Dilcon Chapter
040179424002083,Chilchinbeto Chapter
040179423003016,Kayenta Chapter
040179400111020,Tachee Chapter
040179400101020,Whippoorwill Chapter
040179423001027,Shonto Chapter
040179424002015,Dennehotso Chapter
040179400132048,Jeddito Chapter
040179400102037,Low Mountain Chapter
040179400141005,Steamboat Chapter
040179400112038,Piñon Chapter
040059422023005,Inscription House Chapter
040179424001129,Kayenta Chapter
040019449011012,Wide Ruins Chapter
040019427002233,Rough Rock Chapter
040179400143149,Indian Wells Chapter
040179400153026,Dilcon Chapter
040019427002065,Mexican Water Chapter
040019443012029,Rough Rock Chapter
040179400101007,Tachee Chapter
040179424001181,Kayenta Chapter
040019426001155,Chilchinbeto Chapter
040019427002042,Red Mesa Chapter
040019426002026,Dennehotso Chapter
040019426001112,Dennehotso Chapter
040059422021002,Navajo Mountain Chapter
040059450002015,Tuba City Chapter
040179400152012,Teesto Chapter
040179400152055,Teesto Chapter
040179400152093,Teesto Chapter
040179424001098,Oljato Chapter
040019441002132,Lukachukai Chapter
040019441005076,Lukachukai Chapter
040019440001068,Sawmill Chapter
040019441003092,Tsaile-Wheatfields Chapter
040019449012011,Kinlichee Chapter
040019449024091,Cornfields Chapter
040019441005030,Lukachukai Chapter
040019449022044,Greasewood Chapter
040019427004073,Sweetwater Chapter
040059422022114,Kaibeto Chapter
040019443012103,Chinle Chapter
040019449014039,Kinlichee Chapter
040019449022063,Cornfields Chapter
040019441004093,Many Farms Chapter
040019427002117,Rock Point Chapter
040019441004024,Tsaile-Wheatfields Chapter
040019440002033,Fort Defiance Chapter
040019442012018,Chinle Chapter
040019442022020,Chinle Chapter
040019449021190,Steamboat Chapter
040019443022052,Tselani Chapter
040019442023042,Chinle Chapter
040059422011016,LeChee Chapter
040059451001004,Coalmine Mesa Chapter
040019450022071,St. Michaels Chapter
040059451001103,Leupp Chapter
040059422023020,Inscription House Chapter
040179400152326,Teesto Chapter
040179400143021,Greasewood Chapter
040059450003083,Bodaway Chapter
040059451002081,Leupp Chapter
040059422021114,LeChee Chapter
040019443011073,Many Farms Chapter
040019450021161,Oak Springs Chapter
040179400113004,Piñon Chapter
040059451002046,Leupp Chapter
040059451004303,Coalmine Mesa Chapter
040059422013016,Tonalea Chapter
040059422013108,Tonalea Chapter
040059451002113,Leupp Chapter
040059422023039,Tonalea Chapter
040019443021102,Nazlini Chapter
040019449023012,Klagetoh Chapter
040059422011125,Coppermine Chapter
040019442012087,Chinle Chapter
040019449013040,Ganado Chapter
040019443021090,Nazlini Chapter
040059422011048,LeChee Chapter
040059422012187,Coppermine Chapter
040019449023090,Klagetoh Chapter
040019427003090,Sweetwater Chapter
040059450001145,Bodaway Chapter
040179400112097,Black Mesa Chapter
040179400141031,Greasewood Chapter
040019449022158,Klagetoh Chapter
040019449024023,Ganado Chapter
040019440003038,Fort Defiance Chapter
040019450014021,St. Michaels Chapter
040019440001189,Sawmill Chapter
040179400082076,Hard Rock Chapter
040019449023085,Wide Ruins Chapter
040019449011037,Klagetoh Chapter
040019449023060,Klagetoh Chapter
040059422021029,Navajo Mountain Chapter
040059450003168,Bodaway Chapter
040059451002092,Leupp Chapter
040059451003040,Tolani Lake Chapter
040059451004164,Coalmine Mesa Chapter
040019427003066,Sweetwater Chapter
040019440001211,Sawmill Chapter
040019440001142,Sawmill Chapter
040179400103050,Piñon Chapter
040019443021067,Nazlini Chapter
040179400103069,Piñon Chapter
040059422023088,Inscription House Chapter
040179400081015,Forest Lake Chapter
040019442023069,Chinle Chapter
040059451003059,Tolani Lake Chapter
040059422022124,Kaibeto Chapter
040179400142105,White Cone Chapter
040179400132021,Jeddito Chapter
040019449022109,Klagetoh Chapter
040059450003042,Bodaway Chapter
040019427004226,Round Rock Chapter
040019440001164,Nazlini Chapter
040019450022009,St. Michaels Chapter
040019449014034,Kinlichee Chapter
040019441001020,Lukachukai Chapter
040019443022029,Tselani Chapter
040179400082093,Hard Rock Chapter
040019441003021,Tsaile-Wheatfields Chapter
040179400143048,Indian Wells Chapter
040059450001156,Bodaway Chapter
040059451003049,Tolani Lake Chapter
040019441002080,Round Rock Chapter
040019450021156,Lupton Chapter
040059422012108,Coppermine Chapter
040179423002006,Shonto Chapter
040059451003006,Coalmine Mesa Chapter
040179400082020,Hard Rock Chapter
040059422012149,Coppermine Chapter
040179400143075,Indian Wells Chapter
040179400142131,White Cone Chapter
040019427002212,Rock Point Chapter
040019427001052,Beclabito Chapter
040059450003023,Bodaway Chapter
040179424001121,Kayenta Chapter
040179400113075,Piñon Chapter
040179400112081,Piñon Chapter
040179400152207,Bird Springs Chapter
040179400141016,Greasewood Chapter
040019426001098,Dennehotso Chapter
040019451002016,Nahatadziil Chapter
040019441005062,Lukachukai Chapter
040019440003001,Fort Defiance Chapter
040059422012084,Coppermine Chapter
040059450001211,Bodaway Chapter
040019443012141,Tachee Chapter
040019443022027,Tselani Chapter
040019449021167,Steamboat Chapter
040019449023077,Klagetoh Chapter
040019426002007,Dennehotso Chapter
040019450012004,St. Michaels Chapter
040179400102012,Whippoorwill Chapter
040179423003076,Kayenta Chapter
040059422022100,Kaibeto Chapter
040019427004033,Red Valley Chapter
040019450023036,Houck Chapter
040019426001044,Dennehotso Chapter
040019449023150,Wide Ruins Chapter
040019450021002,Oak Springs Chapter
040019449013028,Ganado Chapter
040059451003115,Bird Springs Chapter
040059422013124,Tonalea Chapter
040059450002039,Tuba City Chapter
040019443021144,Chinle Chapter
040019427003098,Sweetwater Chapter
040019442012092,Chinle Chapter
040019442023014,Chinle Chapter
040059452002009,Tuba City Chapter
040059422013030,Tonalea Chapter
040059450001176,Bodaway Chapter
040019442022062,Chinle Chapter
040019427002218,Rock Point Chapter
040019426001082,Dennehotso Chapter
040019449013031,Ganado Chapter
040019440002041,Fort Defiance Chapter
040019427004090,Cove Chapter
040019450014034,St. Michaels Chapter
040019449021035,Low Mountain Chapter
040019451001094,Nahatadziil Chapter
040019449024112,Ganado Chapter
040019441005100,Lukachukai Chapter
040019443013048,Many Farms Chapter
040019442012077,Chinle Chapter
040019443021142,Nazlini Chapter
040019449022048,Cornfields Chapter
040019440003021,Fort Defiance Chapter
040019449024025,Ganado Chapter
040019441004041,Tsaile-Wheatfields Chapter
040019427002236,Rock Point Chapter
040019426001026,Dennehotso Chapter
040019449022096,Cornfields Chapter
040019449012045,Kinlichee Chapter
040019427003061,Sweetwater Chapter
040019443012157,Rough Rock Chapter
040059451001029,Leupp Chapter
040179400143159,Greasewood Chapter
040179400081016,Forest Lake Chapter
040059450003079,Bodaway Chapter
040059451003018,Tolani Lake Chapter
040059451003011,Tolani Lake Chapter
040059451003078,Tolani Lake Chapter
040059422021113,LeChee Chapter
040019450023008,Oak Springs Chapter
040019440001060,Sawmill Chapter
040179400112079,Piñon Chapter
040179424001212,Kayenta Chapter
040059450001381,Bodaway Chapter
040019443013045,Many Farms Chapter
040179400152249,Bird Springs Chapter
040019427004116,Red Valley Chapter
040019427001083,Teec Nos Pos Chapter
040019443013019,Many Farms Chapter
040059422021063,Inscription House Chapter
040019440003026,Fort Defiance Chapter
040059450002056,Tonalea Chapter
040059422013070,Tonalea Chapter
040059422012181,Coppermine Chapter
040059451003035,Tolani Lake Chapter
040059451001006,Coalmine Mesa Chapter
040059450003172,Bodaway Chapter
040059422022028,Kaibeto Chapter
040019449024009,Steamboat Chapter
040019443011101,Chinle Chapter
040059422021032,Navajo Mountain Chapter
040179400112060,Black Mesa Chapter
040019449023083,Wide Ruins Chapter
040019449014204,Klagetoh Chapter
040019427003040,Sweetwater Chapter
040059450001063,Bodaway Chapter
040059451003069,Tolani Lake Chapter
040059451003105,Tolani Lake Chapter
040019449024019,Ganado Chapter
040019449014143,Klagetoh Chapter
040019427001110,Teec Nos Pos Chapter
040059422013123,Tonalea Chapter
040179424001203,Kayenta Chapter
040179400112056,Tachee Chapter
040019443021041,Nazlini Chapter
040019449021142,Steamboat Chapter
040019426001161,Chilchinbeto Chapter
040059422013111,Tonalea Chapter
040179400081004,Black Mesa Chapter
040019427004217,Red Valley Chapter
040059450003048,Bodaway Chapter
040059451004183,Coalmine Mesa Chapter
040179400143008,Greasewood Chapter
040179400152190,Dilcon Chapter
040179400112070,Tachee Chapter
040179424002128,Chilchinbeto Chapter
040179424002084,Chilchinbeto Chapter
040179400101015,Whippoorwill Chapter
040059450001330,Cameron Chapter
040059451002157,Leupp Chapter
040179400152297,Bird Springs Chapter
040059451004098,Coalmine Mesa Chapter
040179400132017,Jeddito Chapter
040179424002146,Chilchinbeto Chapter
040179400141022,Greasewood Chapter
040059449001025,Tuba City Chapter
040059450001189,Bodaway Chapter
040179424001221,Chilchinbeto Chapter
040019442011019,Chinle Chapter
040019443013076,Many Farms Chapter
040059451003056,Tolani Lake Chapter
040179425003014,Kayenta Chapter
040179400153084,Dilcon Chapter
040179400102020,Low Mountain Chapter
040179400141010,Steamboat Chapter
040019449021137,Steamboat Chapter
040059449001035,Tuba City Chapter
040059422012126,Coppermine Chapter
040019427002079,Mexican Water Chapter
040019440001279,Fort Defiance Chapter
040019443011059,Many Farms Chapter
040019443012108,Chinle Chapter
040179400111018,Tachee Chapter
040179423003056,Shonto Chapter
040059450001134,Bodaway Chapter
040059450001143,Bodaway Chapter
040179400143053,Indian Wells Chapter
040179424001109,Kayenta Chapter
040179423003059,Shonto Chapter
040179423003069,Shonto Chapter
040019427004237,Cove Chapter
040059422012257,Tuba City Chapter
040019442022021,Chinle Chapter
040059450001196,Bodaway Chapter
040019442012052,Chinle Chapter
040019449023026,Klagetoh Chapter
040019427004074,Sweetwater Chapter
040019427003067,Sweetwater Chapter
040019440001203,Fort Defiance Chapter
040019443022066,Tselani Chapter
040019426001111,Dennehotso Chapter
040019449012052,Kinlichee Chapter
040019442012045,Chinle Chapter
040019449014213,Klagetoh Chapter
040019449023162,Wide Ruins Chapter
040059422022138,Kaibeto Chapter
040019441003131,Chinle Chapter
040019440003018,Fort Defiance Chapter
040019440002017,Fort Defiance Chapter
040019449021176,Steamboat Chapter
040019442022046,Chinle Chapter
040019451001047,Nahatadziil Chapter
040019442011011,Chinle Chapter
040019427002072,Mexican Water Chapter
040059450002068,Tuba City Chapter
040059451001049,Leupp Chapter
040059422021083,Inscription House Chapter
040019450023099,Houck Chapter
040019451001099,Nahatadziil Chapter
040019449011026,Wide Ruins Chapter
040179400081005,Black Mesa Chapter
040059422021093,Inscription House Chapter
040059422021134,LeChee Chapter
040179424001064,Kayenta Chapter
040179400082045,Hard Rock Chapter
040019449022087,Cornfields Chapter
040179424001106,Kayenta Chapter
040179400132024,Jeddito Chapter
040179400151069,Indian Wells Chapter
040019427001104,Teec Nos Pos Chapter
040019426001220,Dennehotso Chapter
040059422012138,Coppermine Chapter
040059422022020,Kaibeto Chapter
040059451004095,Coalmine Mesa Chapter
040059451004060,Tuba City Chapter
040059422012178,Coppermine Chapter
040059422012096,Coppermine Chapter
040059422021109,LeChee Chapter
040019427004228,Cove Chapter
040019449023092,Wide Ruins Chapter
040019443013011,Many Farms Chapter
040019427004127,Cove Chapter
040059422022123,Kaibeto Chapter
040059422022129,Kaibeto Chapter
040179400153076,Dilcon Chapter
040179400082016,Hard Rock Chapter
040179400141041,Greasewood Chapter
040179400081064,Black Mesa Chapter
040019449024032,Steamboat Chapter
040059450001003,Bodaway Chapter
040059451002034,Leupp Chapter
040059451004180,Coalmine Mesa Chapter
040019426002041,Oljato Chapter
040019443012001,Many Farms Chapter
040019427004201,Sanostee Chapter
040019443011079,Many Farms Chapter
040059422013083,Tonalea Chapter
040059451002126,Bird Springs Chapter
040019449014181,Klagetoh Chapter
040019449021072,Steamboat Chapter
040019443021101,Nazlini Chapter
040019450022017,Kinlichee Chapter
040019427001046,Teec Nos Pos Chapter
040059422012207,Coppermine Chapter
040059451002083,Leupp Chapter
040059422011068,Coppermine Chapter
040179425003027,Kayenta Chapter
040019449023172,Cornfields Chapter
040019441001022,Lukachukai Chapter
040059450003060,Bodaway Chapter
040059422011002,LeChee Chapter
040019450012031,St. Michaels Chapter
040019449012081,Kinlichee Chapter
040019450013034,Kinlichee Chapter
040019449014079,Ganado Chapter
040179400152179,Dilcon Chapter
040019450011009,St. Michaels Chapter
040179424002094,Chilchinbeto Chapter
040179400152290,Bird Springs Chapter
040059450003004,Coppermine Chapter
040059450002043,Tuba City Chapter
040179400102010,Whippoorwill Chapter
040179400152194,Dilcon Chapter
040059422011114,LeChee Chapter
040179400102019,Low Mountain Chapter
040179424002013,Dennehotso Chapter
040179400151004,White Cone Chapter
040179400132015,Jeddito Chapter
040179400132029,Jeddito Chapter
040179424001021,Kayenta Chapter
040179423001042,Shonto Chapter
040179400152162,Dilcon Chapter
040179400152045,Teesto Chapter
040059422012002,LeChee Chapter
040059422012179,Coppermine Chapter
040059450003008,Bodaway Chapter
040179400103046,Piñon Chapter
040059422012113,Coppermine Chapter
040059422021064,Inscription House Chapter
040179400141123,Indian Wells Chapter
040019451002160,Nahatadziil Chapter
040019449011089,Wide Ruins Chapter
040019441002088,Round Rock Chapter
040019427002069,Mexican Water Chapter
040019442021010,Chinle Chapter
040019441002159,Round Rock Chapter
040019443012085,Black Mesa Chapter
040179423001003,Kayenta Chapter
040019426001189,Chilchinbeto Chapter
040019426001219,Dennehotso Chapter
040019426001167,Chilchinbeto Chapter
040019440001259,Fort Defiance Chapter
040019449014059,Kinlichee Chapter
040019427001067,Teec Nos Pos Chapter
040179400101041,Whippoorwill Chapter
040179424001032,Oljato Chapter
040019449013018,Ganado Chapter
040019442022014,Chinle Chapter
040059422013008,Tonalea Chapter
040059422013090,Tonalea Chapter
040059451004192,Coalmine Mesa Chapter
040019450012027,St. Michaels Chapter
040019449024097,Ganado Chapter
040019450023011,Houck Chapter
040059451002049,Leupp Chapter
040059451002041,Leupp Chapter
040019449021120,Steamboat Chapter
040019449012062,Kinlichee Chapter
040019443012101,Tachee Chapter
040019443012105,Chinle Chapter
040019449012147,Kinlichee Chapter
040019449022082,Klagetoh Chapter
040019443012077,Rough Rock Chapter
040019427002213,Rock Point Chapter
040019450021034,Oak Springs Chapter
040019443022002,Tselani Chapter
040019449011040,Wide Ruins Chapter
040019449011090,Wide Ruins Chapter
040019427003027,Sweetwater Chapter
040019449021113,Steamboat Chapter
040019442021011,Chinle Chapter
040019442023043,Chinle Chapter
040019442011008,Chinle Chapter
040019450021064,Oak Springs Chapter
040059451004094,Coalmine Mesa Chapter
040059451004167,Coalmine Mesa Chapter
040179423003118,Navajo Mountain Chapter
040179400143154,Greasewood Chapter
040179400152098,Teesto Chapter
040059451002172,Leupp Chapter
040059422021115,LeChee Chapter
040059422012120,Coppermine Chapter
040019442022054,Chinle Chapter
040019427001091,Sweetwater Chapter
040019427003054,Sweetwater Chapter
040179400142134,White Cone Chapter
040019443011060,Many Farms Chapter
040019443021087,Nazlini Chapter
040019427003106,Sweetwater Chapter
040059450002044,Tuba City Chapter
040019451002006,Nahatadziil Chapter
040019442012127,Chinle Chapter
040059450003034,Bodaway Chapter
040059422022128,Kaibeto Chapter
040019449024030,Ganado Chapter
040019440001275,Fort Defiance Chapter
040179424002042,Chilchinbeto Chapter
040059451004301,Coalmine Mesa Chapter
040059451004285,Cameron Chapter
040059451002035,Leupp Chapter
040059422012160,Coppermine Chapter
040019440001013,Crystal Chapter
040019450014033,St. Michaels Chapter
040019450014030,St. Michaels Chapter
040019443012167,Many Farms Chapter
040019450023115,Nahatadziil Chapter
040019451001036,Nahatadziil Chapter
040019443022106,Tselani Chapter
040019449021116,Steamboat Chapter
040019427004187,Sanostee Chapter
040059422012170,Coppermine Chapter
040059450003175,Bodaway Chapter
040019440001165,Nazlini Chapter
040019449021030,Low Mountain Chapter
040019427003068,Sweetwater Chapter
040179400142036,White Cone Chapter
040019441004033,Tsaile-Wheatfields Chapter
040179400152186,Dilcon Chapter
040059450001138,Bodaway Chapter
040179424002026,Chilchinbeto Chapter
040179400082068,Hard Rock Chapter
040179400112013,Piñon Chapter
040179400143084,Indian Wells Chapter
040179400152182,Dilcon Chapter
040179400152218,Dilcon Chapter
040179400152205,Dilcon Chapter
040179400112089,Piñon Chapter
040179400082012,Hard Rock Chapter
040019450021024,Oak Springs Chapter
040059451001001,Coalmine Mesa Chapter
040059451003051,Tolani Lake Chapter
040179423003106,Shonto Chapter
040179400152062,Teesto Chapter
040179400143090,Indian Wells Chapter
040019443021116,Nazlini Chapter
040059422012079,Coppermine Chapter
040059450001084,Cameron Chapter
040059450001265,Cameron Chapter
040019443011080,Many Farms Chapter
040019427001018,Teec Nos Pos Chapter
040179400101018,Tachee Chapter
040179400141053,Greasewood Chapter
040059422013056,Tonalea Chapter
040179423003043,Shonto Chapter
040179423003065,Shonto Chapter
040019426001005,Dennehotso Chapter
040019427004088,Cove Chapter
040019450022098,St. Michaels Chapter
040019449013098,Ganado Chapter
040019443012052,Rough Rock Chapter
040019443021011,Chinle Chapter
040019442011012,Chinle Chapter
040019442012090,Chinle Chapter
040059422023084,Tonalea Chapter
040059422023046,Tonalea Chapter
040019441003118,Tsaile-Wheatfields Chapter
040019449012141,Kinlichee Chapter
040019443012078,Rough Rock Chapter
040019442022006,Chinle Chapter
040019450021101,Lupton Chapter
040019441004063,Tsaile-Wheatfields Chapter
040019441005110,Cove Chapter
040019441003018,Tsaile-Wheatfields Chapter
040019441003037,Tsaile-Wheatfields Chapter
040019449011104,Wide Ruins Chapter
040019442023005,Chinle Chapter
040019427001071,Teec Nos Pos Chapter
040019426001190,Chilchinbeto Chapter
040019449023115,Wide Ruins Chapter
040019449022037,Greasewood Chapter
040019449012041,Kinlichee Chapter
040019443021018,Chinle Chapter
040019427002219,Rock Point Chapter
040019449011017,Wide Ruins Chapter
040019426001125,Dennehotso Chapter
040059422021119,LeChee Chapter
040059422011059,LeChee Chapter
040059451001024,Leupp Chapter
040019449011060,Wide Ruins Chapter
040059450001358,Cameron Chapter
040179423003092,Shonto Chapter
040179400102011,Whippoorwill Chapter
040179400152264,Bird Springs Chapter
040019426001116,Chilchinbeto Chapter
040019441002162,Rock Point Chapter
040019443012094,Tachee Chapter
040019443021137,Nazlini Chapter
040179400101030,Whippoorwill Chapter
040179400153039,Indian Wells Chapter
040019441004080,Tsaile-Wheatfields Chapter
040059422011010,LeChee Chapter
040059422021014,Navajo Mountain Chapter
040059422011103,LeChee Chapter
040059422012190,Coppermine Chapter
040059422012169,Coppermine Chapter
040019450023019,Houck Chapter
040059422011050,LeChee Chapter
040059450002034,Tuba City Chapter
040059450003163,Bodaway Chapter
040059450001090,Cameron Chapter
040179400082079,Hard Rock Chapter
040019449011010,Wide Ruins Chapter
040179400153029,Dilcon Chapter
040179400152286,Bird Springs Chapter
040179400102046,Jeddito Chapter
040059451002180,Leupp Chapter
040059422012142,Coppermine Chapter
040059422021139,Navajo Mountain Chapter
040179400082054,Hard Rock Chapter
040019443022115,Tselani Chapter
040019441002126,Round Rock Chapter
040179425003013,Kayenta Chapter
040019443011093,Many Farms Chapter
040059451001081,Leupp Chapter
040059422013097,Tonalea Chapter
040179423003124,Shonto Chapter
040019427004050,Red Valley Chapter
040019450021068,Oak Springs Chapter
040019449012144,Kinlichee Chapter
040059422023108,Shonto Chapter
040059422022091,Kaibeto Chapter
040019449023008,Klagetoh Chapter
040019449023010,Klagetoh Chapter
040019443013065,Many Farms Chapter
040019449013082,Ganado Chapter
040019440002035,Fort Defiance Chapter
040019449014083,Kinlichee Chapter
040019443022040,Tselani Chapter
040179400152114,Tolani Lake Chapter
040179400152119,Tolani Lake Chapter
040179424002023,Chilchinbeto Chapter
040019427004150,Cove Chapter
040179424002080,Chilchinbeto Chapter
040179400142126,White Cone Chapter
040179400101000,Tachee Chapter
040059422022078,Kaibeto Chapter
040179424002056,Kayenta Chapter
040179400143148,Indian Wells Chapter
040179400081050,Forest Lake Chapter
040059422011113,LeChee Chapter
040059450001113,Bodaway Chapter
040019427002252,Rock Point Chapter
040019450021113,Lupton Chapter
040179400152052,Teesto Chapter
040179400103003,Piñon Chapter
040059450003054,Bodaway Chapter
040059422012090,Coppermine Chapter
040059422012076,Coppermine Chapter
040059451001003,Coalmine Mesa Chapter
040019426001045,Dennehotso Chapter
040019441002145,Round Rock Chapter
040019450012038,St. Michaels Chapter
040019450022032,St. Michaels Chapter
040179425002009,Kayenta Chapter
040059451004073,Coalmine Mesa Chapter
040179423003042,Shonto Chapter
040019449011100,Wide Ruins Chapter
040019427004134,Sanostee Chapter
040019441004065,Tsaile-Wheatfields Chapter
040059451004189,Coalmine Mesa Chapter
040059450002004,Tuba City Chapter
040019442012016,Chinle Chapter
040019443012110,Tachee Chapter
040059422013087,Tonalea Chapter
040019449023018,Klagetoh Chapter
040019443012073,Rough Rock Chapter
040059450001322,Cameron Chapter
040019442022057,Chinle Chapter
040019449022114,Klagetoh Chapter
040019427002103,Rock Point Chapter
040019427002043,Mexican Water Chapter
040019449024037,Ganado Chapter
040059422012048,Coppermine Chapter
040019449021110,Steamboat Chapter
040019449021011,Low Mountain Chapter
040019450023040,Houck Chapter
040019427002170,Rock Point Chapter
040019440001204,Fort Defiance Chapter
040019427002177,Rock Point Chapter
040019442012039,Chinle Chapter
040019449023100,Wide Ruins Chapter
040019441002143,Round Rock Chapter
040019442021009,Chinle Chapter
040019443021056,Nazlini Chapter
040019427004046,Red Valley Chapter
040019449022084,Cornfields Chapter
040019451001051,Nahatadziil Chapter
040019441005012,Lukachukai Chapter
040019427002054,Mexican Water Chapter
040059451004271,Coalmine Mesa Chapter
040059452003011,Tuba City Chapter
040059422023019,Tonalea Chapter
040019426001009,Dennehotso Chapter
040019450023052,Houck Chapter
040019451002107,Nahatadziil Chapter
040019451002122,Nahatadziil Chapter
040019427002125,Rock Point Chapter
040059450002059,Tuba City Chapter
040059422022098,LeChee Chapter
040059422011081,LeChee Chapter
040019449021025,Steamboat Chapter
040019450021130,Lupton Chapter
040019450021004,St. Michaels Chapter
040179400152256,Bird Springs Chapter
040179424001151,Kayenta Chapter
040019427004066,Red Valley Chapter
040059451004069,Coalmine Mesa Chapter
040019449022154,Wide Ruins Chapter
040019449023122,Wide Ruins Chapter
040019449014173,Klagetoh Chapter
040059450001125,Bodaway Chapter
040059422012189,Coppermine Chapter
040059450003058,Bodaway Chapter
040179424001250,Kayenta Chapter
040179425003017,Kayenta Chapter
040179400081069,Black Mesa Chapter
040019443022004,Tselani Chapter
040019449021129,Steamboat Chapter
040019427002071,Mexican Water Chapter
040019449013004,Kinlichee Chapter
040019440002046,Fort Defiance Chapter
040179424002092,Chilchinbeto Chapter
040019443022069,Tselani Chapter
040019427002024,Mexican Water Chapter
040059450001074,Bodaway Chapter
040059451004243,Coalmine Mesa Chapter
040059451004244,Coalmine Mesa Chapter
040059451004289,Cameron Chapter
040059451002038,Leupp Chapter
040059451003068,Tolani Lake Chapter
040179400103078,Whippoorwill Chapter
040179400142033,White Cone Chapter
040179400082047,Hard Rock Chapter
040019427002239,Many Farms Chapter
040019450014029,St. Michaels Chapter
040059422013101,Tonalea Chapter
040059422013017,Tonalea Chapter
040179400151084,Indian Wells Chapter
040179400143157,Greasewood Chapter
040179400143035,Greasewood Chapter
040179400143059,Greasewood Chapter
040179424002134,Chilchinbeto Chapter
040019449014150,Klagetoh Chapter
040059422022087,Kaibeto Chapter
040059450001068,Bodaway Chapter
040059422012259,Tuba City Chapter
040059451002063,Leupp Chapter
040059422012245,Coppermine Chapter
040019449021140,Steamboat Chapter
040019449022108,Klagetoh Chapter
040059452001003,Tuba City Chapter
040019443013072,Tsaile-Wheatfields Chapter
040019441004095,Tsaile-Wheatfields Chapter
040019443022049,Tselani Chapter
040179400112040,Piñon Chapter
040179400153020,Dilcon Chapter
040019441002135,Round Rock Chapter
040019451002103,Nahatadziil Chapter
040019443012099,Tachee Chapter
040019426001179,Chilchinbeto Chapter
040179423003023,Navajo Mountain Chapter
040179400103054,Piñon Chapter
040179424001003,Oljato Chapter
040179400111026,Tachee Chapter
040179400152007,Teesto Chapter
040059451002061,Leupp Chapter
040179400132011,Jeddito Chapter
040179400082032,Hard Rock Chapter
040179400103007,Piñon Chapter
040059450001171,Bodaway Chapter
040179400103074,Piñon Chapter
040019451001063,Nahatadziil Chapter
040019449022107,Greasewood Chapter
040019449024130,Ganado Chapter
040019449014197,Klagetoh Chapter
040019441003055,Tsaile-Wheatfields Chapter
040179400143143,Indian Wells Chapter
040179425001021,Kayenta Chapter
040179425002038,Kayenta Chapter
040179425003008,Kayenta Chapter
040179400103092,Piñon Chapter
040179400113080,Piñon Chapter
040179400082022,Hard Rock Chapter
040179424001037,Oljato Chapter
040059452002011,Tuba City Chapter
040059451004270,Coalmine Mesa Chapter
040019443012115,Tachee Chapter
040019441002161,Round Rock Chapter
040179400111017,Tachee Chapter
040179400081083,Forest Lake Chapter
040179400151078,Indian Wells Chapter
040179400113050,Hard Rock Chapter
040179400113053,Hard Rock Chapter
040179423003005,Kayenta Chapter
040179423003073,Kayenta Chapter
040059451004096,Coalmine Mesa Chapter
040019449021108,Steamboat Chapter
040019450014017,St. Michaels Chapter
040019449013011,Ganado Chapter
040019443021124,Nazlini Chapter
040019443012038,Rough Rock Chapter
040059422011033,Coppermine Chapter
040059422012309,Coppermine Chapter
040019442021014,Chinle Chapter
040019427004119,Red Valley Chapter
040059451003127,Leupp Chapter
040019441003125,Tsaile-Wheatfields Chapter
040019443012137,Tachee Chapter
040019450013029,St. Michaels Chapter
040019449022054,Cornfields Chapter
040059450001323,Cameron Chapter
040019443011039,Many Farms Chapter
040019442012021,Chinle Chapter
040019441003109,Tsaile-Wheatfields Chapter
040019442022051,Chinle Chapter
040019441003031,Tsaile-Wheatfields Chapter
040019427004079,Cove Chapter
040019449013025,Ganado Chapter
040019449011009,Wide Ruins Chapter
040019427001023,Teec Nos Pos Chapter
040019440002027,Fort Defiance Chapter
040019449014151,Klagetoh Chapter
040019449014021,Kinlichee Chapter
040019449024104,Cornfields Chapter
040019443011070,Many Farms Chapter
040019449014058,Kinlichee Chapter
040019449014060,Kinlichee Chapter
040019442012015,Chinle Chapter
040019442023006,Chinle Chapter
040019443021143,Nazlini Chapter
040019451001100,Nahatadziil Chapter
040059450001352,Cameron Chapter
040059449001001,Tuba City Chapter
040059422012297,Coppermine Chapter
040059422013032,Tonalea Chapter
040059450003121,Bodaway Chapter
040019442021008,Chinle Chapter
040059449001018,Tuba City Chapter
040059422012019,Coppermine Chapter
040059451003061,Tolani Lake Chapter
040059422022025,LeChee Chapter
040019426002048,Dennehotso Chapter
040019440001055,Sawmill Chapter
040059422011038,LeChee Chapter
040059422023131,Tonalea Chapter
040050013023113,Leupp Chapter
040019440001080,Sawmill Chapter
040059451003054,Tolani Lake Chapter
040179400142087,White Cone Chapter
040019441002102,Round Rock Chapter
040019443021031,Nazlini Chapter
040179424001235,Kayenta Chapter
040019440002077,Fort Defiance Chapter
040019450011007,St. Michaels Chapter
040059450001159,Bodaway Chapter
040059450001230,Bodaway Chapter
040019442011017,Chinle Chapter
040059451002068,Leupp Chapter
040059451004186,Coalmine Mesa Chapter
040019449022144,Klagetoh Chapter
040059450001056,Bodaway Chapter
040059422022051,Kaibeto Chapter
040179400081096,Forest Lake Chapter
040019441005097,Lukachukai Chapter
040019449024042,Ganado Chapter
040019440001227,Sawmill Chapter
040019440001264,Kinlichee Chapter
040019440001239,Fort Defiance Chapter
040019440001170,Sawmill Chapter
040019449023110,Wide Ruins Chapter
040059451002048,Leupp Chapter
040059450003132,Bodaway Chapter
040059422023015,Inscription House Chapter
040179400082052,Hard Rock Chapter
040019443022194,Tselani Chapter
040019440001120,Crystal Chapter
040019442012099,Chinle Chapter
040019443012142,Tachee Chapter
040019443022175,Tachee Chapter
040059422023091,Inscription House Chapter
040059422023110,Inscription House Chapter
040179400143017,Greasewood Chapter
040019449022155,Wide Ruins Chapter
040019449023103,Wide Ruins Chapter
040019449014018,Kinlichee Chapter
040179400143144,Indian Wells Chapter
040059422022120,Kaibeto Chapter
040179424002089,Chilchinbeto Chapter
040019449022023,Steamboat Chapter
040059450003181,Bodaway Chapter
040019443013068,Many Farms Chapter
040019441004013,Tsaile-Wheatfields Chapter
040019441004014,Tsaile-Wheatfields Chapter
040019440001166,Nazlini Chapter
040019449012102,Kinlichee Chapter
040019449012105,Kinlichee Chapter
040019443022048,Tselani Chapter
040179423003036,Shonto Chapter
040179400132044,Jeddito Chapter
040179400143045,Greasewood Chapter
040179423003022,Navajo Mountain Chapter
040179424001117,Kayenta Chapter
040059450001162,Bodaway Chapter
040179400112073,Piñon Chapter
040179423001022,Shonto Chapter
040179400143063,Indian Wells Chapter
040179423001044,Shonto Chapter
040179400141021,Greasewood Chapter
040179400141037,Greasewood Chapter
040179424001011,Oljato Chapter
040059422023103,Tonalea Chapter
040059422012147,Coppermine Chapter
040179400143099,Greasewood Chapter
040179424001163,Chilchinbeto Chapter
040059450003176,Bodaway Chapter
040059450001244,Bodaway Chapter
040059450002024,Tuba City Chapter
040059450003020,Bodaway Chapter
040179400132053,Jeddito Chapter
040179424001224,Kayenta Chapter
040019449024058,Ganado Chapter
040019427001106,Teec Nos Pos Chapter
040019427001064,Teec Nos Pos Chapter
040059422012063,Coppermine Chapter
040179424002061,Chilchinbeto Chapter
040179400081029,Forest Lake Chapter
040179400141034,Greasewood Chapter
040179400151095,Dilcon Chapter
040179400081077,Forest Lake Chapter
040019426001018,Dennehotso Chapter
040019440001278,Fort Defiance Chapter
040019427004179,Sanostee Chapter
040179400111016,Tachee Chapter
040179424001202,Kayenta Chapter
040019426002011,Dennehotso Chapter
040019426001119,Dennehotso Chapter
040019450012006,St. Michaels Chapter
040019450012035,St. Michaels Chapter
040019449021013,Low Mountain Chapter
040179424002005,Dennehotso Chapter
040059422012302,Coppermine Chapter
040059450001126,Bodaway Chapter
040059450001163,Bodaway Chapter
040059450003033,Bodaway Chapter
040019451001056,Nahatadziil Chapter
040179423003079,Shonto Chapter
040059452003015,Tuba City Chapter
040179400143158,Greasewood Chapter
040019450021022,Oak Springs Chapter
040019451001095,Nahatadziil Chapter
040019450021003,St. Michaels Chapter
040019443012050,Rough Rock Chapter
040019441005065,Lukachukai Chapter
040019443011078,Many Farms Chapter
040019450022021,Kinlichee Chapter
040019449024093,Cornfields Chapter
040019449013075,Ganado Chapter
040019450021073,Oak Springs Chapter
040019441002042,Rock Point Chapter
040059450001245,Bodaway Chapter
040059451003100,Tolani Lake Chapter
040019449021038,Low Mountain Chapter
040019443011029,Many Farms Chapter
040019427004039,Red Valley Chapter
040019449014180,Klagetoh Chapter
040059451004259,Coalmine Mesa Chapter
040019449021166,Steamboat Chapter
040019443022179,Tselani Chapter
040019442012130,Chinle Chapter
040019450023070,Houck Chapter
040019426001042,Dennehotso Chapter
040019426001058,Dennehotso Chapter
040059452003017,Tuba City Chapter
040179423002036,Inscription House Chapter
040059450003099,Bodaway Chapter
040059451003025,Tolani Lake Chapter
040019440001018,Crystal Chapter
040179424001178,Kayenta Chapter
040179425003011,Kayenta Chapter
040059422022142,Kaibeto Chapter
040059451002183,Leupp Chapter
040059451002112,Leupp Chapter
040019450023048,Houck Chapter
040179400152245,Bird Springs Chapter
040019427004041,Red Valley Chapter
040059451004256,Coalmine Mesa Chapter
040059422013063,Tonalea Chapter
040019451001110,Nahatadziil Chapter
040019427002051,Red Mesa Chapter
040059450001207,Coalmine Mesa Chapter
040059422012215,Kaibeto Chapter
040059422012214,Coppermine Chapter
040059422013044,Tonalea Chapter
040059422013066,Tonalea Chapter
040059422012251,Kaibeto Chapter
040059422012263,Tuba City Chapter
040059422022133,Kaibeto Chapter
040179424002113,Chilchinbeto Chapter
040179400082024,Hard Rock Chapter
040179400141058,Greasewood Chapter
040019449014163,Klagetoh Chapter
040019450013022,St. Michaels Chapter
040019443022156,Tselani Chapter
040019449024012,Ganado Chapter
040179425003010,Kayenta Chapter
040179424002057,Kayenta Chapter
040019443022062,Tselani Chapter
040059451001093,Leupp Chapter
040019441005019,Lukachukai Chapter
040019440001228,Sawmill Chapter
040019443022144,Tselani Chapter
040019440001287,Sawmill Chapter
040019440001144,Sawmill Chapter
040179400103086,Piñon Chapter
040059451002160,Leupp Chapter
040179400143156,Greasewood Chapter
040019440001184,Sawmill Chapter
040019426002022,Oljato Chapter
040019450011006,St. Michaels Chapter
040059422012242,Coppermine Chapter
040059449001021,Tuba City Chapter
040179400143094,Indian Wells Chapter
040179425002005,Kayenta Chapter
040019449022060,Cornfields Chapter
040179424001220,Kayenta Chapter
040019441002095,Round Rock Chapter
040019443012033,Rough Rock Chapter
040179423003010,Shonto Chapter
040179424002019,Kayenta Chapter
040179423002045,Shonto Chapter
040179400082030,Hard Rock Chapter
040179423003084,Shonto Chapter
040179400111013,Tachee Chapter
040059451002090,Leupp Chapter
040179400103041,Piñon Chapter
040179400152216,Dilcon Chapter
040179400103019,Piñon Chapter
040059450002085,Tuba City Chapter
040179400082041,Hard Rock Chapter
040179400152230,Dilcon Chapter
040019427001013,Teec Nos Pos Chapter
040019441002034,Round Rock Chapter
040019427001078,Teec Nos Pos Chapter
040179400112065,Piñon Chapter
040179400142044,White Cone Chapter
040019451002061,Houck Chapter
040179424001196,Kayenta Chapter
040019449013094,Ganado Chapter
040019450012039,St. Michaels Chapter
040059422012307,Coppermine Chapter
040179400141087,Greasewood Chapter
040179400141090,Greasewood Chapter
040179400142058,Greasewood Chapter
040179400152085,Teesto Chapter
040179400152127,Dilcon Chapter
040019426001025,Dennehotso Chapter
040019450023103,Lupton Chapter
040019442012024,Chinle Chapter
040019449024062,Ganado Chapter
040019449013043,Ganado Chapter
040019443021114,Nazlini Chapter
040019441003011,Tsaile-Wheatfields Chapter
040059422012227,Kaibeto Chapter
040059451003107,Tolani Lake Chapter
040059422012285,Coppermine Chapter
040019443022009,Tselani Chapter
040019443022088,Tselani Chapter
040019449021096,Jeddito Chapter
040059450001313,Cameron Chapter
040019450021010,Oak Springs Chapter
040019427004092,Cove Chapter
040019450021089,Oak Springs Chapter
040059450003080,Bodaway Chapter
040059422012050,Coppermine Chapter
040019440001008,Crystal Chapter
040019440002026,Fort Defiance Chapter
040019427003110,Sweetwater Chapter
040019449012023,Kinlichee Chapter
040019449014015,Kinlichee Chapter
040019442023061,Chinle Chapter
040019451001120,Nahatadziil Chapter
040019443022090,Tselani Chapter
040019449021118,Steamboat Chapter
040019441003033,Tsaile-Wheatfields Chapter
040059422011063,LeChee Chapter
040059422021080,Inscription House Chapter
040059451003013,Tolani Lake Chapter
040059451002074,Leupp Chapter
040059451001053,Leupp Chapter
040059451001085,Leupp Chapter
040059451003083,Tolani Lake Chapter
040059422022073,Kaibeto Chapter
040019449024126,Ganado Chapter
040019440002043,Fort Defiance Chapter
040179423003044,Shonto Chapter
040059451002056,Leupp Chapter
040019427004043,Red Valley Chapter
040019427001094,Teec Nos Pos Chapter
040019427002144,Rock Point Chapter
040019441002058,Rock Point Chapter
040019449022090,Cornfields Chapter
040019449022104,Greasewood Chapter
040019442023063,Nazlini Chapter
040019442023068,Chinle Chapter
040179400152074,Tolani Lake Chapter
040179400151031,Indian Wells Chapter
040019427004229,Beclabito Chapter
040019442012031,Chinle Chapter
040059422012032,Coppermine Chapter
040019443013028,Many Farms Chapter
040019440001066,Sawmill Chapter
040059422011130,LeChee Chapter
040019450021135,Lupton Chapter
040019451002069,Houck Chapter
040019450014042,St. Michaels Chapter
040059450003095,Bodaway Chapter
040059450003102,Bodaway Chapter
040059450003074,Bodaway Chapter
040059450001121,Bodaway Chapter
040059422012252,Kaibeto Chapter
040179400082078,Hard Rock Chapter
040179400141056,Greasewood Chapter
040019443021100,Nazlini Chapter
040019442012135,Chinle Chapter
040019440002058,Fort Defiance Chapter
040059422021010,Navajo Mountain Chapter
040179424001061,Kayenta Chapter
040019449023163,Wide Ruins Chapter
040019449023123,Wide Ruins Chapter
040019451002020,Nahatadziil Chapter
040059451002059,Leupp Chapter
040059451001076,Leupp Chapter
040059451002072,Leupp Chapter
040059451003101,Tolani Lake Chapter
040059451004281,Cameron Chapter
040059451004298,Coalmine Mesa Chapter
040179400141039,Greasewood Chapter
040019441002092,Round Rock Chapter
040019449014086,Kinlichee Chapter
040019449014077,Kinlichee Chapter
040019443011046,Many Farms Chapter
040019443022050,Tselani Chapter
040019443022042,Tselani Chapter
040019449023044,Klagetoh Chapter
040019443012097,Black Mesa Chapter
040059422013109,Tonalea Chapter
040019440001158,Sawmill Chapter
040019449024004,Ganado Chapter
040019441005057,Lukachukai Chapter
040019449012044,Kinlichee Chapter
040059422023119,Shonto Chapter
040059422023052,Kaibeto Chapter
040059422023056,Kaibeto Chapter
040059452002002,Tuba City Chapter
040019449022004,Cornfields Chapter
040019449022025,Steamboat Chapter
040019449023068,Klagetoh Chapter
040019450012036,St. Michaels Chapter
040019449021107,Steamboat Chapter
040019449012104,Kinlichee Chapter
040019449014074,Ganado Chapter
040019441005004,Round Rock Chapter
040019443022078,Tselani Chapter
040179400103083,Piñon Chapter
040179400143119,Indian Wells Chapter
040179400112045,Piñon Chapter
040179400112011,Black Mesa Chapter
040179424002095,Chilchinbeto Chapter
040179400113083,Piñon Chapter
040059449001011,Tuba City Chapter
040179400082025,Hard Rock Chapter
040059422022108,Kaibeto Chapter
040179400142106,White Cone Chapter
040179400152048,Dilcon Chapter
040059451002062,Leupp Chapter
040059422021003,Navajo Mountain Chapter
040179400142024,White Cone Chapter
040179400152173,Dilcon Chapter
040059450003138,Bodaway Chapter
040179400142038,White Cone Chapter
040019449011021,Wide Ruins Chapter
040019451001018,Nahatadziil Chapter
040019442012074,Chinle Chapter
040059422012020,Coppermine Chapter
040179400142055,Steamboat Chapter
040179424001156,Kayenta Chapter
040179400152248,Bird Springs Chapter
040179425003035,Kayenta Chapter
040179400152057,Teesto Chapter
040059450002079,Tuba City Chapter
040059452002012,Tuba City Chapter
040019451002110,Nahatadziil Chapter
040019443012010,Rough Rock Chapter
040019427004170,Sanostee Chapter
040019427001003,Teec Nos Pos Chapter
040179400152285,Bird Springs Chapter
040179423001035,Shonto Chapter
040179400152111,Teesto Chapter
040179423003088,Shonto Chapter
040019449022105,Greasewood Chapter
040019441002140,Round Rock Chapter
040059422022141,Kaibeto Chapter
040059450003067,Bodaway Chapter
040059422012228,Kaibeto Chapter
040019443013074,Many Farms Chapter
040059422023113,Tonalea Chapter
040059449001007,Tuba City Chapter
040059450002077,San Juan Southern Paiute Southern Area
040059452002014,Tuba City Chapter
040059422013031,Tonalea Chapter
040059450002100,Tuba City Chapter
040019441003028,Tsaile-Wheatfields Chapter
040019449012003,Kinlichee Chapter
040019450022020,St. Michaels Chapter
040019451002041,Nahatadziil Chapter
040019441004062,Tsaile-Wheatfields Chapter
040019427004078,Cove Chapter
040019450012037,St. Michaels Chapter
040019441003093,Tsaile-Wheatfields Chapter
040019441002027,Round Rock Chapter
040019443022108,Tselani Chapter
040019449024118,Cornfields Chapter
040019426001212,Chilchinbeto Chapter
040019440001252,Fort Defiance Chapter
040019426001113,Chilchinbeto Chapter
040019449021050,Jeddito Chapter
040019426001200,Dennehotso Chapter
040019442021003,Chinle Chapter
040019449014049,Kinlichee Chapter
040019440003037,Fort Defiance Chapter
040019443021058,Nazlini Chapter
040019450023086,Houck Chapter
040019442023028,Chinle Chapter
040019427001010,Teec Nos Pos Chapter
040059451001040,Leupp Chapter
040179423001005,Kayenta Chapter
040019426002030,Dennehotso Chapter
040059451004157,Coalmine Mesa Chapter
040179424002116,Chilchinbeto Chapter
040019440001053,Sawmill Chapter
040179400152265,Bird Springs Chapter
040179400152271,Bird Springs Chapter
040179400152270,Bird Springs Chapter
040059451002001,Bird Springs Chapter
040019427003093,Sweetwater Chapter
040179400132008,Jeddito Chapter
040179400142093,White Cone Chapter
040179400152110,Teesto Chapter
040179400113025,Piñon Chapter
040179400151096,Indian Wells Chapter
040019427004130,Cove Chapter
040019443011050,Many Farms Chapter
040059422011117,Coppermine Chapter
040059422011051,LeChee Chapter
040059451003037,Tolani Lake Chapter
040019449011077,Wide Ruins Chapter
040059451003077,Tolani Lake Chapter
040059422012211,Coppermine Chapter
040059450003130,Bodaway Chapter
040179423001041,Kayenta Chapter
040179400153035,Dilcon Chapter
040019442012081,Chinle Chapter
040019442012119,Chinle Chapter
040059450001051,Bodaway Chapter
040059451004163,Coalmine Mesa Chapter
040019449024020,Ganado Chapter
040019443022137,Tselani Chapter
040019450022025,St. Michaels Chapter
040019427004190,Tsaile-Wheatfields Chapter
040019441002119,Round Rock Chapter
040059422013018,Tonalea Chapter
040019451001035,Nahatadziil Chapter
040019443021092,Nazlini Chapter
040019442021000,Many Farms Chapter
040019426001218,Dennehotso Chapter
040019426001148,Dennehotso Chapter
040019441002078,Round Rock Chapter
040019426002008,Dennehotso Chapter
040059422011060,LeChee Chapter
040179400152273,Bird Springs Chapter
040059422012094,Coppermine Chapter
040019450012040,St. Michaels Chapter
040019440001050,Sawmill Chapter
040019443013067,Many Farms Chapter
040019441005094,Lukachukai Chapter
040019427004145,Cove Chapter
040019443012138,Tachee Chapter
040019443022045,Tselani Chapter
040179400081104,Forest Lake Chapter
040179400103070,Piñon Chapter
040179424002008,Kayenta Chapter
040179400142041,White Cone Chapter
040179424002104,Chilchinbeto Chapter
040179400152306,Dilcon Chapter
040179424001228,Kayenta Chapter
040179400143039,Indian Wells Chapter
040179400081084,Forest Lake Chapter
040019426001182,Chilchinbeto Chapter
040179424001241,Kayenta Chapter
040179400152236,Bird Springs Chapter
040179400152293,Bird Springs Chapter
040179400152210,Dilcon Chapter
040059450001168,Bodaway Chapter
040179400151001,White Cone Chapter
040179400111008,Tachee Chapter
040179400141026,Greasewood Chapter
040179423003123,Oljato Chapter
040179400152120,Bird Springs Chapter
040059422023126,Tonalea Chapter
040059422013020,Tonalea Chapter
040059450001182,Bodaway Chapter
040019450023012,Houck Chapter
040019427004196,Red Valley Chapter
040019450023071,Houck Chapter
040019427002228,Rock Point Chapter
040059422011124,Coppermine Chapter
040179400101003,Whippoorwill Chapter
040179400113087,Piñon Chapter
040019449011095,Wide Ruins Chapter
040019427002020,Mexican Water Chapter
040019441005018,Round Rock Chapter
040019427001060,Teec Nos Pos Chapter
040179400142057,Greasewood Chapter
040059452001002,Tuba City Chapter
040179400082069,Hard Rock Chapter
040019450014020,St. Michaels Chapter
040019449011042,Wide Ruins Chapter
040019449024064,Ganado Chapter
040019449024083,Ganado Chapter
040019449021170,Steamboat Chapter
040059450002031,Tuba City Chapter
040059450002000,Tuba City Chapter
040059450001157,San Juan Southern Paiute Southern Area
040019441003100,Tsaile-Wheatfields Chapter
040019449024105,Cornfields Chapter
040019427004087,Cove Chapter
040059450001319,Cameron Chapter
040019441003060,Tsaile-Wheatfields Chapter
040019451001122,Nahatadziil Chapter
040019427004205,Cove Chapter
040019443012178,Tselani Chapter
040019443011023,Many Farms Chapter
040019440001154,Nazlini Chapter
040019427003097,Sweetwater Chapter
040019449012018,Kinlichee Chapter
040019443021115,Nazlini Chapter
040019449014011,Kinlichee Chapter
040019449013097,Ganado Chapter
040019449011069,Wide Ruins Chapter
040019427002198,Rock Point Chapter
040019442012007,Chinle Chapter
040019443021015,Nazlini Chapter
040019427003038,Sweetwater Chapter
040019427004227,Red Valley Chapter
040019449022031,Cornfields Chapter
040019442022031,Chinle Chapter
040019450023017,Houck Chapter
040019442012122,Chinle Chapter
040059450001283,Cameron Chapter
040059450001289,Cameron Chapter
040059422022099,Kaibeto Chapter
040059450002093,Coalmine Mesa Chapter
040059422023044,Tonalea Chapter
040059422012270,Coppermine Chapter
040019450023026,Houck Chapter
040059450001345,Cameron Chapter
040059422012193,Coppermine Chapter
040019450022103,St. Michaels Chapter
040179400113076,Piñon Chapter
040179424001182,Kayenta Chapter
040019450022093,St. Michaels Chapter
040179400142061,White Cone Chapter
040019449014157,Klagetoh Chapter
040179424002065,Chilchinbeto Chapter
040179400152088,Tolani Lake Chapter
040179400113036,Piñon Chapter
040019449014164,Wide Ruins Chapter
040059422012042,Coppermine Chapter
040019426001019,Dennehotso Chapter
040059422011056,LeChee Chapter
040059422021117,LeChee Chapter
040059422021004,Navajo Mountain Chapter
040059450001091,Cameron Chapter
040019450021114,Lupton Chapter
040019443022166,Nazlini Chapter
040019443012161,Chinle Chapter
040059422022057,Kaibeto Chapter
040059450001107,Bodaway Chapter
040059450001140,Bodaway Chapter
040059422012241,Coppermine Chapter
040059450003120,Bodaway Chapter
040059450003174,Bodaway Chapter
040059422022132,Kaibeto Chapter
040179400112005,Black Mesa Chapter
040179400081086,Black Mesa Chapter
040179400081070,Black Mesa Chapter
040019449022116,Klagetoh Chapter
040059451002010,Bird Springs Chapter
040179423003117,Inscription House Chapter
040179400132002,Jeddito Chapter
040019443022003,Tselani Chapter
040019449014002,Kinlichee Chapter
040019449023076,Klagetoh Chapter
040059450001079,Cameron Chapter
040059422023099,Inscription House Chapter
040059451003097,Tolani Lake Chapter
040059451004172,Coalmine Mesa Chapter
040179400081102,Forest Lake Chapter
040179400082056,Hard Rock Chapter
040019427004234,Lukachukai Chapter
040019443022145,Tselani Chapter
040019449014171,Klagetoh Chapter
040019449014082,Kinlichee Chapter
040019449014071,Kinlichee Chapter
040019427004191,Tsaile-Wheatfields Chapter
040019443012111,Tachee Chapter
040019442012102,Chinle Chapter
040019442023073,Chinle Chapter
040019450014026,St. Michaels Chapter
040019450021005,Oak Springs Chapter
040019443012126,Tachee Chapter
040059451001058,Leupp Chapter
040059451001059,Leupp Chapter
040019442023074,Nazlini Chapter
040019440001006,Crystal Chapter
040019450021152,Lupton Chapter
040019451002026,Nahatadziil Chapter
040019450014011,St. Michaels Chapter
040059422011123,Coppermine Chapter
040059422022011,Kaibeto Chapter
040059449003007,Tuba City Chapter
040179400143115,Indian Wells Chapter
040019426002015,Dennehotso Chapter
040059450001076,Bodaway Chapter
040059450003119,Bodaway Chapter
040019443022187,Tselani Chapter
040179400143117,Indian Wells Chapter
040179400141025,Steamboat Chapter
040179400152235,Bird Springs Chapter
040179400152125,Dilcon Chapter
040059450001152,Bodaway Chapter
040179400141116,White Cone Chapter
040179425003009,Kayenta Chapter
040179400132036,Jeddito Chapter
040179400082103,Hard Rock Chapter
040059422011011,LeChee Chapter
040059422012035,Coppermine Chapter
040059422012204,Coppermine Chapter
040179400152227,Dilcon Chapter
040179424002107,Chilchinbeto Chapter
040019450023100,Houck Chapter
040019442012131,Chinle Chapter
040019441002053,Rock Point Chapter
040019443012093,Tachee Chapter
040179400142127,White Cone Chapter
040019450021099,Lupton Chapter
040019427002095,Sweetwater Chapter
040019440001086,Nazlini Chapter
040019442023048,Chinle Chapter
040179400103022,Piñon Chapter
040019443012041,Rough Rock Chapter
040019440001241,Fort Defiance Chapter
040019427001009,Teec Nos Pos Chapter
040019427001037,Teec Nos Pos Chapter
040019450012016,St. Michaels Chapter
040019440001126,Red Lake Chapter
040179400142100,White Cone Chapter
040179400141097,Greasewood Chapter
040179400151067,Indian Wells Chapter
040179425002039,Kayenta Chapter
040059450002063,Tuba City Chapter
040019442012133,Chinle Chapter
040019449024070,Ganado Chapter
040019441004056,Tsaile-Wheatfields Chapter
040019441004009,Tsaile-Wheatfields Chapter
040019442012086,Chinle Chapter
040019702021093,Nahatadziil Chapter
040059449001002,Tuba City Chapter
040019441003025,Tsaile-Wheatfields Chapter
040019427003028,Sweetwater Chapter
040059450001268,Cameron Chapter
040059450001303,Cameron Chapter
040019443012048,Rough Rock Chapter
040019427002188,Rock Point Chapter
040019427004083,Cove Chapter
040019427001088,Teec Nos Pos Chapter
040059450002029,Tuba City Chapter
040059450001255,Bodaway Chapter
040059422023022,Tonalea Chapter
040019441003098,Tsaile-Wheatfields Chapter
040019427004121,Red Valley Chapter
040019443012023,Rough Rock Chapter
040019449014146,Klagetoh Chapter
040019443013009,Many Farms Chapter
040019427002189,Rock Point Chapter
040059422011111,LeChee Chapter
040019441004098,Tsaile-Wheatfields Chapter
040019449014042,Kinlichee Chapter
040019443021077,Nazlini Chapter
040019449024054,Ganado Chapter
040019442022053,Chinle Chapter
040019450021066,Oak Springs Chapter
040019443011031,Many Farms Chapter
040019427002048,Mexican Water Chapter
040019427002106,Rock Point Chapter
040019426001041,Dennehotso Chapter
040019426001034,Dennehotso Chapter
040059422011007,LeChee Chapter
040019450022051,St. Michaels Chapter
040059450001249,Bodaway Chapter
040059422012155,Coppermine Chapter
040019426002024,Dennehotso Chapter
040059450003150,Bodaway Chapter
040179400112024,Forest Lake Chapter
040179400143019,Greasewood Chapter
040179400081037,Forest Lake Chapter
040059450002057,Tuba City Chapter
040059451003080,Tolani Lake Chapter
040059422011022,LeChee Chapter
040019441003104,Tsaile-Wheatfields Chapter
040019440002063,Fort Defiance Chapter
040179400142116,White Cone Chapter
040019426001076,Dennehotso Chapter
040019426001017,Dennehotso Chapter
040019441004078,Tsaile-Wheatfields Chapter
040019443011092,Many Farms Chapter
040059422012031,Coppermine Chapter
040059449002036,Coalmine Mesa Chapter
040019449021117,Steamboat Chapter
040059451001028,Leupp Chapter
040059450001059,Bodaway Chapter
040059450003147,Bodaway Chapter
040059450001236,Bodaway Chapter
040179423001039,Kayenta Chapter
040019442012008,Chinle Chapter
040019449024133,Ganado Chapter
040019449021017,Tselani Chapter
040019443022127,Tselani Chapter
040019443022148,Steamboat Chapter
040019440003015,Fort Defiance Chapter
040179424001051,Oljato Chapter
040179400102045,Jeddito Chapter
040019427003071,Sweetwater Chapter
040019449023041,Klagetoh Chapter
040019449023073,Klagetoh Chapter
040059422021034,Navajo Mountain Chapter
040059451002094,Leupp Chapter
040059422012159,Coppermine Chapter
040059451004194,Coalmine Mesa Chapter
040179400082038,Hard Rock Chapter
040019443012083,Tachee Chapter
040019449014078,Kinlichee Chapter
040019442012057,Chinle Chapter
040019450014040,St. Michaels Chapter
040059451003117,Bird Springs Chapter
040019427004057,Red Valley Chapter
040019427004155,Sanostee Chapter
040059422013128,Tonalea Chapter
040059422012026,LeChee Chapter
040059451004171,Coalmine Mesa Chapter
040059449001028,Tuba City Chapter
040179400141083,Greasewood Chapter
040019449023019,Klagetoh Chapter
040019449024046,Cornfields Chapter
040019440003023,Fort Defiance Chapter
040019449021023,Steamboat Chapter
040019443012112,Tachee Chapter
040179400143013,Greasewood Chapter
040179400141080,Greasewood Chapter
040179424001207,Kayenta Chapter
040179400113065,Hard Rock Chapter
040179400082077,Hard Rock Chapter
040019441005081,Tsaile-Wheatfields Chapter
040019426001209,Chilchinbeto Chapter
040179425002017,Kayenta Chapter
040179424001139,Kayenta Chapter
040179400081080,Forest Lake Chapter
040179400153012,Indian Wells Chapter
040179400151023,White Cone Chapter
040179400142113,White Cone Chapter
040179424001239,Kayenta Chapter
040179400082090,Hard Rock Chapter
040059422023012,Inscription House Chapter
040059450003103,Bodaway Chapter
040059422013001,Tonalea Chapter
040059451003074,Tolani Lake Chapter
040059450002035,Tuba City Chapter
040179400142004,White Cone Chapter
040179400103067,Piñon Chapter
040019442012028,Chinle Chapter
040019427001101,Red Valley Chapter
040059451003048,Tolani Lake Chapter
040179400142048,White Cone Chapter
040179400152145,Teesto Chapter
040019426001014,Dennehotso Chapter
040019441002133,Lukachukai Chapter
040019441005003,Cove Chapter
040179424002131,Chilchinbeto Chapter
040059449001013,Tuba City Chapter
040059450001202,Bodaway Chapter
040019427002059,Mexican Water Chapter
040019449024131,Ganado Chapter
040019427002076,Mexican Water Chapter
040019443012028,Rough Rock Chapter
040019443012007,Many Farms Chapter
040019442023009,Chinle Chapter
040019443013002,Round Rock Chapter
040019443012084,Black Mesa Chapter
040019426001011,Dennehotso Chapter
040019449012146,Kinlichee Chapter
040179400151091,Indian Wells Chapter
040059450002094,Tuba City Chapter
040179400143052,Indian Wells Chapter
040019427002098,Rock Point Chapter
040019449013099,Ganado Chapter
040019441004047,Tsaile-Wheatfields Chapter
040019441001008,Lukachukai Chapter
040059450003066,Bodaway Chapter
040059450002002,Tuba City Chapter
040019441004011,Tsaile-Wheatfields Chapter
040019442021015,Chinle Chapter
040019442012096,Chinle Chapter
040019443012143,Tachee Chapter
040019441003048,Tsaile-Wheatfields Chapter
040019449014176,Klagetoh Chapter
040019443022159,Tselani Chapter
040019441002048,Round Rock Chapter
040019427002168,Rock Point Chapter
040059422012056,Coppermine Chapter
040059451002167,Leupp Chapter
040019427004067,Red Valley Chapter
040019450012001,St. Michaels Chapter
040019449013003,Kinlichee Chapter
040019449021004,Low Mountain Chapter
040019449014013,Kinlichee Chapter
040019443021098,Nazlini Chapter
040019427002107,Sweetwater Chapter
040019449012047,Kinlichee Chapter
040019442012041,Chinle Chapter
040019442022038,Chinle Chapter
040019427002261,Mexican Water Chapter
040019449022074,Cornfields Chapter
040019449021174,Steamboat Chapter
040019449012031,Kinlichee Chapter
040019441002105,Round Rock Chapter
040019451001053,Nahatadziil Chapter
040019442023039,Chinle Chapter
040059422011065,LeChee Chapter
040059451001032,Leupp Chapter
040059422023031,Tonalea Chapter
040059422012232,Kaibeto Chapter
040179400112028,Forest Lake Chapter
040059451003016,Tolani Lake Chapter
040059422021133,LeChee Chapter
040059450001060,Bodaway Chapter
040019443013084,Many Farms Chapter
040019427001045,Teec Nos Pos Chapter
040059451002182,Leupp Chapter
040019427004141,Red Valley Chapter
040179400103079,Whippoorwill Chapter
040019443012168,Rough Rock Chapter
040059450003019,Bodaway Chapter
040059422011088,LeChee Chapter
040059422023010,Inscription House Chapter
040019449022100,Cornfields Chapter
040019449024077,Cornfields Chapter
040059450001065,Bodaway Chapter
040059450001061,Bodaway Chapter
040059422013115,Tonalea Chapter
040059450001108,Bodaway Chapter
040019449012101,Kinlichee Chapter
040019440001263,Fort Defiance Chapter
040179400141017,Greasewood Chapter
040059451002029,Leupp Chapter
040019440001290,Sawmill Chapter
040019441002122,Round Rock Chapter
040019449014076,Ganado Chapter
040019427004221,Tsaile-Wheatfields Chapter
040019443012117,Tachee Chapter
040019442012103,Chinle Chapter
040019450011020,St. Michaels Chapter
040019443021140,Nazlini Chapter
040019443021147,Nazlini Chapter
040019427004195,Sanostee Chapter
040019443012170,Many Farms Chapter
040059451001062,Leupp Chapter
040059451003120,Bird Springs Chapter
040179400151020,Teesto Chapter
040019450021131,Lupton Chapter
040019426001176,Chilchinbeto Chapter
040059422012110,Coppermine Chapter
040059422012105,Coppermine Chapter
040059452001005,Tuba City Chapter
040019449012127,Kinlichee Chapter
040019449022085,Cornfields Chapter
040019449024047,Cornfields Chapter
040019450012025,St. Michaels Chapter
040019450013019,St. Michaels Chapter
040019450022102,St. Michaels Chapter
040019440003003,Fort Defiance Chapter
040019443012015,Rough Rock Chapter
040179400153010,Dilcon Chapter
040179400152301,Bird Springs Chapter
040019449014009,Kinlichee Chapter
040019449014127,Klagetoh Chapter
040019441002131,Round Rock Chapter
040019426001180,Chilchinbeto Chapter
040019443012061,Rough Rock Chapter
040179400113067,Piñon Chapter
040179425003026,Kayenta Chapter
040059450003036,Bodaway Chapter
040179400152320,Dilcon Chapter
040179424002024,Chilchinbeto Chapter
040179424002027,Dennehotso Chapter
040179400142123,White Cone Chapter
040179400111006,Tachee Chapter
040179400112055,Tachee Chapter
040059422011032,Coppermine Chapter
040059422011035,LeChee Chapter
040059422011135,LeChee Chapter
040059422012016,Coppermine Chapter
040059450003026,Bodaway Chapter
040019450023101,Lupton Chapter
040019450021148,Lupton Chapter
040019443012159,Many Farms Chapter
040019441002008,Rock Point Chapter
040059422012037,Coppermine Chapter
040179400112068,Tachee Chapter
040179400081090,Forest Lake Chapter
040179400102009,Whippoorwill Chapter
040059450001208,Coalmine Mesa Chapter
040019426001050,Dennehotso Chapter
040019441005008,Lukachukai Chapter
040179400111033,Whippoorwill Chapter
040179400113064,Piñon Chapter
040019427004049,Red Valley Chapter
040019426001159,Chilchinbeto Chapter
040019426001162,Chilchinbeto Chapter
040019427001082,Teec Nos Pos Chapter
040019449012126,Kinlichee Chapter
040019440001247,Red Lake Chapter
040019449011058,Wide Ruins Chapter
040179424001073,Kayenta Chapter
040019441004053,Tsaile-Wheatfields Chapter
040179400153024,Dilcon Chapter
040059422012013,Coppermine Chapter
040059422023023,Inscription House Chapter
040179424001119,Kayenta Chapter
040179400112098,Black Mesa Chapter
040019449014106,Kinlichee Chapter
040019449012118,Kinlichee Chapter
040019449021079,Steamboat Chapter
040019449024038,Ganado Chapter
040019427002093,Rock Point Chapter
040019443022023,Tselani Chapter
040019427001061,Teec Nos Pos Chapter
040019440001136,Sawmill Chapter
040019441003053,Tsaile-Wheatfields Chapter
040019449013016,Ganado Chapter
040019427003026,Sweetwater Chapter
040179400151000,White Cone Chapter
040019443022031,Tselani Chapter
040019451002035,Nahatadziil Chapter
040179400113079,Piñon Chapter
040019440001003,Crystal Chapter
040019441002085,Rock Point Chapter
040019441003066,Chinle Chapter
040179424001083,Kayenta Chapter
040179400152237,Bird Springs Chapter
040179400113042,Piñon Chapter
040179424001017,Oljato Chapter
040019451001073,Nahatadziil Chapter
040019443022099,Nazlini Chapter
040179400143081,Indian Wells Chapter
040019443022051,Tselani Chapter
040019449022120,Greasewood Chapter
040019427004143,Cove Chapter
040019426001061,Dennehotso Chapter
040179424002135,Chilchinbeto Chapter
040179400142034,White Cone Chapter
040179400112041,Piñon Chapter
040179400152296,Bird Springs Chapter
040179400153049,Dilcon Chapter
040179425002030,Kayenta Chapter
040019441003078,Tsaile-Wheatfields Chapter
040019449021109,Steamboat Chapter
040019440001041,Sawmill Chapter
040019449014008,Kinlichee Chapter
040019449021070,Steamboat Chapter
040019449014063,Kinlichee Chapter
040019443022126,Tselani Chapter
040019449023027,Klagetoh Chapter
040019441005038,Lukachukai Chapter
040019426001117,Dennehotso Chapter
040019427004216,Cove Chapter
040019449021020,Steamboat Chapter
040019427004185,Sanostee Chapter
040019450021139,Lupton Chapter
040019449022032,Cornfields Chapter
040019440001012,Crystal Chapter
040019443022080,Tselani Chapter
040019451002104,Nahatadziil Chapter
040019450021121,Lupton Chapter
040019450022030,St. Michaels Chapter
040019451001074,Nahatadziil Chapter
040019449022095,Cornfields Chapter
040019427004154,Red Valley Chapter
040019441005055,Lukachukai Chapter
040019427004014,Red Valley Chapter
040179400103060,Piñon Chapter
040019443012069,Rough Rock Chapter
040179400112017,Black Mesa Chapter
040019427003022,Sweetwater Chapter
040019451002078,Nahatadziil Chapter
040019450023066,Houck Chapter
040019427002028,Mexican Water Chapter
040179424001108,Kayenta Chapter
040019449021185,Steamboat Chapter
040019426001143,Dennehotso Chapter
040019443013078,Many Farms Chapter
040179424002050,Chilchinbeto Chapter
040019443022058,Tselani Chapter
040019450021055,Oak Springs Chapter
040019450021065,Oak Springs Chapter
040019427003036,Sweetwater Chapter
040019440001024,Crystal Chapter
040019440002030,Fort Defiance Chapter
040019449012035,Kinlichee Chapter
040179400152071,Tolani Lake Chapter
040019443012082,Black Mesa Chapter
040179400112044,Piñon Chapter
040019449024109,Ganado Chapter
040179423003058,Shonto Chapter
040019427002025,Mexican Water Chapter
040019427003064,Sweetwater Chapter
040179400143128,Indian Wells Chapter
040019450022091,Oak Springs Chapter
040059450001093,Cameron Chapter
040059450001296,Cameron Chapter
040059450001309,Cameron Chapter
040019449023055,Klagetoh Chapter
040179424001128,Kayenta Chapter
040179400141029,Greasewood Chapter
040179423002000,Shonto Chapter
040019451002138,Nahatadziil Chapter
040059450001103,Bodaway Chapter
040019427001038,Teec Nos Pos Chapter
040019442012042,Chinle Chapter
040019441003075,Tsaile-Wheatfields Chapter
040019449022141,Wide Ruins Chapter
040019449014212,Klagetoh Chapter
040019450021123,Lupton Chapter
040019441005006,Lukachukai Chapter
040019441005099,Lukachukai Chapter
040179423001028,Shonto Chapter
040019440001021,Crystal Chapter
040019441002055,Rock Point Chapter
040019449014064,Kinlichee Chapter
040179400143058,Indian Wells Chapter
040179400152174,Dilcon Chapter
040019427003085,Sweetwater Chapter
040019449022110,Klagetoh Chapter
040179400081049,Forest Lake Chapter
040179425002021,Kayenta Chapter
040179400102023,Low Mountain Chapter
040019440001143,Sawmill Chapter
040019451001019,Nahatadziil Chapter
040019449023007,Klagetoh Chapter
040019449021080,Jeddito Chapter
040179400141014,Greasewood Chapter
040019443021010,Nazlini Chapter
040019451002036,Nahatadziil Chapter
040019450021015,Oak Springs Chapter
040019427003031,Sweetwater Chapter
040019443022008,Tselani Chapter
040179400142047,White Cone Chapter
040179424001105,Kayenta Chapter
040179400141043,Greasewood Chapter
040179400152152,Dilcon Chapter
040179400141033,Greasewood Chapter
040179423001055,Shonto Chapter
040179400152283,Bird Springs Chapter
040179423003032,Shonto Chapter
040019427002139,Rock Point Chapter
040019442023001,Chinle Chapter
040019449022049,Cornfields Chapter
040019426001091,Dennehotso Chapter
040019451001106,Nahatadziil Chapter
040019426001010,Dennehotso Chapter
040019440002007,Fort Defiance Chapter
040019426002006,Dennehotso Chapter
040019449014128,Klagetoh Chapter
040019427004213,Sanostee Chapter
040019443022095,Nazlini Chapter
040019442012126,Chinle Chapter
040019441005005,Lukachukai Chapter
040019450023029,Houck Chapter
040019443011047,Many Farms Chapter
040019427002061,Mexican Water Chapter
040019426001001,Dennehotso Chapter
040019427003053,Sweetwater Chapter
040019451001121,Nahatadziil Chapter
040019449021069,Steamboat Chapter
040019427004101,Red Valley Chapter
040179400132041,Jeddito Chapter
040019427003034,Mexican Water Chapter
040019449013064,Ganado Chapter
040019449022121,Greasewood Chapter
040019449021156,Steamboat Chapter
040179424002053,Chilchinbeto Chapter
040019443021072,Nazlini Chapter
040019449014001,Kinlichee Chapter
040019443021022,Chinle Chapter
040179400151037,Indian Wells Chapter
040179400112007,Black Mesa Chapter
040179423003025,Navajo Mountain Chapter
040019442022002,Many Farms Chapter
040019426001102,Dennehotso Chapter
040019427002003,Sweetwater Chapter
040179400153043,Indian Wells Chapter
040019443021053,Chinle Chapter
040019441002114,Round Rock Chapter
040059451004294,Coalmine Mesa Chapter
040019443013055,Many Farms Chapter
040059450001341,Cameron Chapter
040019449014069,Kinlichee Chapter
040179400132005,Jeddito Chapter
040019427001031,Teec Nos Pos Chapter
040179400151077,Indian Wells Chapter
040179424001229,Kayenta Chapter
040179400152191,Dilcon Chapter
040179423002025,Shonto Chapter
040059451001031,Leupp Chapter
040059450001082,Cameron Chapter
040059450001087,Cameron Chapter
040059450001124,Bodaway Chapter
040059450001214,Cameron Chapter
040059422021104,LeChee Chapter
040059422022000,Kaibeto Chapter
040179424001067,Kayenta Chapter
040019450021096,Oak Springs Chapter
040019449022022,Cornfields Chapter
040019441001012,Lukachukai Chapter
040179400141112,White Cone Chapter
040179400111028,Tachee Chapter
040019449021184,Steamboat Chapter
040019450013016,St. Michaels Chapter
040019451001017,Nahatadziil Chapter
040059451001017,Coalmine Mesa Chapter
040019450021018,St. Michaels Chapter
040019442023011,Chinle Chapter
040019451002113,Nahatadziil Chapter
040019443022043,Tselani Chapter
040179424001056,Kayenta Chapter
040019443021037,Nazlini Chapter
040019449021172,Steamboat Chapter
040019443021014,Nazlini Chapter
040019427002034,Mexican Water Chapter
040019427003041,Sweetwater Chapter
040019449023052,Klagetoh Chapter
040019450021040,Oak Springs Chapter
040179423002018,Shonto Chapter
040019426001115,Chilchinbeto Chapter
040019449022077,Cornfields Chapter
040019450021088,Oak Springs Chapter
040019441004071,Tsaile-Wheatfields Chapter
040179424002021,Kayenta Chapter
040179400141094,Greasewood Chapter
040019449021093,Steamboat Chapter
040179400081056,Forest Lake Chapter
040019442022015,Chinle Chapter
040179400143037,Greasewood Chapter
040179400142060,White Cone Chapter
040019449012057,Kinlichee Chapter
040019442012037,Chinle Chapter
040019449014167,Klagetoh Chapter
040179400082019,Hard Rock Chapter
040179424001033,Oljato Chapter
040179424002117,Chilchinbeto Chapter
040179424001170,Kayenta Chapter
040179400082074,Hard Rock Chapter
040019442012040,Chinle Chapter
040019449011049,Wide Ruins Chapter
040019443013006,Many Farms Chapter
040019427004097,Cove Chapter
040019451001058,Nahatadziil Chapter
040019443021099,Nazlini Chapter
040019441001004,Lukachukai Chapter
040019441001017,Lukachukai Chapter
040019427004180,Lukachukai Chapter
040019441001016,Lukachukai Chapter
040019443021012,Nazlini Chapter
040019427002073,Mexican Water Chapter
040019449024101,Cornfields Chapter
040019441003044,Tsaile-Wheatfields Chapter
040019449021104,Steamboat Chapter
040019427002096,Sweetwater Chapter
040019426001065,Dennehotso Chapter
040019441001000,Lukachukai Chapter
040019427002041,Red Mesa Chapter
040019427001059,Teec Nos Pos Chapter
040019443011028,Many Farms Chapter
040179423003093,Shonto Chapter
040019451002017,Nahatadziil Chapter
040019450021006,Oak Springs Chapter
040179423001014,Shonto Chapter
040179423003031,Shonto Chapter
040019443022112,Tselani Chapter
040019440001266,Kinlichee Chapter
040019427002147,Rock Point Chapter
040019443012067,Black Mesa Chapter
040019449022137,Greasewood Chapter
040179400152158,Dilcon Chapter
040179400151050,Indian Wells Chapter
040059422022065,LeChee Chapter
040179425002026,Kayenta Chapter
040019450023010,Houck Chapter
040059450001324,Cameron Chapter
040059450001099,Bodaway Chapter
040059450001097,Cameron Chapter
040059450001278,Cameron Chapter
040179425002028,Kayenta Chapter
040179424002111,Chilchinbeto Chapter
040179423002043,Shonto Chapter
040019441003017,Tsaile-Wheatfields Chapter
040019441003052,Tsaile-Wheatfields Chapter
040019449023050,Klagetoh Chapter
040019450022029,St. Michaels Chapter
040179423001049,Shonto Chapter
040179424002048,Chilchinbeto Chapter
040019426001043,Dennehotso Chapter
040019426001175,Chilchinbeto Chapter
040019443012034,Rough Rock Chapter
040019427004077,Cove Chapter
040179424001135,Kayenta Chapter
040019443022135,Tselani Chapter
040019451002091,Nahatadziil Chapter
040019443012174,Many Farms Chapter
040019440001017,Crystal Chapter
040019442011020,Chinle Chapter
040179424001115,Kayenta Chapter
040019450013018,St. Michaels Chapter
040179423002038,Shonto Chapter
040179400111001,Tachee Chapter
040179423001038,Kayenta Chapter
040019442012110,Chinle Chapter
040019449014135,Klagetoh Chapter
040179400152103,Tolani Lake Chapter
040179400152081,Tolani Lake Chapter
040179400143093,Indian Wells Chapter
040019449013010,Ganado Chapter
040019449022027,Cornfields Chapter
040019451001086,Nahatadziil Chapter
040019443021111,Nazlini Chapter
040019440001138,Sawmill Chapter
040019427003048,Sweetwater Chapter
040019451002018,Nahatadziil Chapter
040019427001001,Teec Nos Pos Chapter
040019450021092,Oak Springs Chapter
040019427004059,Red Valley Chapter
040019427004200,Cove Chapter
040019427004139,Red Valley Chapter
040019449022065,Cornfields Chapter
040019449021027,Steamboat Chapter
040019449012110,Kinlichee Chapter
040019427002032,Mexican Water Chapter
040019427002265,Sweetwater Chapter
040019449011035,Klagetoh Chapter
040019449022156,Wide Ruins Chapter
040019450022038,Klagetoh Chapter
040019441004113,Chinle Chapter
040019449022124,Greasewood Chapter
040019450021061,Oak Springs Chapter
040019449014183,Wide Ruins Chapter
040179400081101,Forest Lake Chapter
040179400143111,Greasewood Chapter
040019449011001,Wide Ruins Chapter
040179400143096,Indian Wells Chapter
040059450001215,Coalmine Mesa Chapter
040019441003039,Tsaile-Wheatfields Chapter
040179400142046,White Cone Chapter
040059450001085,Cameron Chapter
040019443022056,Tselani Chapter
040179423003113,Inscription House Chapter
040179400082036,Hard Rock Chapter
040019449021164,Steamboat Chapter
040019440001114,Sawmill Chapter
040019443012088,Tachee Chapter
040019443012075,Rough Rock Chapter
040019442012095,Chinle Chapter
040179400152101,Tolani Lake Chapter
040179400111005,Tachee Chapter
040059450001109,Cameron Chapter
040059450001350,Cameron Chapter
040179424001189,Kayenta Chapter
040179424001120,Kayenta Chapter
040179400113014,Piñon Chapter
040179400102017,Whippoorwill Chapter
040019441003102,Tsaile-Wheatfields Chapter
040019451002019,Nahatadziil Chapter
040179400103005,Piñon Chapter
040179400141109,Indian Wells Chapter
040059450001216,Cameron Chapter
040019451001089,Nahatadziil Chapter
040019427002002,Sweetwater Chapter
040019443012020,Rough Rock Chapter
040019451001069,Nahatadziil Chapter
040019449011007,Wide Ruins Chapter
040019427002201,Rock Point Chapter
040019427004086,Cove Chapter
040179424001052,Oljato Chapter
040019449012079,Kinlichee Chapter
040019451001066,Nahatadziil Chapter
040019441005072,Lukachukai Chapter
040019449021071,Steamboat Chapter
040019427004147,Lukachukai Chapter
040019450021146,Oak Springs Chapter
040179400113035,Hard Rock Chapter
040179400103081,Piñon Chapter
040019449021198,Steamboat Chapter
040019449011068,Wide Ruins Chapter
040019427001057,Teec Nos Pos Chapter
040019441002006,Sweetwater Chapter
040179400151006,White Cone Chapter
040179400103049,Piñon Chapter
040179400082003,Hard Rock Chapter
040179400141110,White Cone Chapter
040019441002111,Round Rock Chapter
040019440001039,Sawmill Chapter
040179424002010,Dennehotso Chapter
040179400141062,Greasewood Chapter
040019449023158,Wide Ruins Chapter
040019443013086,Many Farms Chapter
040019450021028,Oak Springs Chapter
040019449013096,Ganado Chapter
040019427003049,Sweetwater Chapter
040019449014209,Klagetoh Chapter
040019443013043,Many Farms Chapter
040019440001079,Sawmill Chapter
040019441004045,Tsaile-Wheatfields Chapter
040019450021070,Lupton Chapter
040019440001005,Crystal Chapter
040019441004117,Tsaile-Wheatfields Chapter
040019449012068,Kinlichee Chapter
040019451002099,Nahatadziil Chapter
040019451001078,Nahatadziil Chapter
040019426001066,Dennehotso Chapter
040019449014105,Kinlichee Chapter
040019441004086,Tsaile-Wheatfields Chapter
040019443022102,Tselani Chapter
040019441005087,Lukachukai Chapter
040019443011009,Many Farms Chapter
040019449012092,Kinlichee Chapter
040019443022169,Tselani Chapter
040019442022032,Chinle Chapter
040019443022139,Tselani Chapter
040019449021097,Jeddito Chapter
040019427004207,Red Valley Chapter
040019449014169,Klagetoh Chapter
040179400151089,Indian Wells Chapter
040179424001252,Kayenta Chapter
040179400103000,Piñon Chapter
040019450021094,Oak Springs Chapter
040019440001062,Sawmill Chapter
040019449013047,Ganado Chapter
040019427002086,Mexican Water Chapter
040179400152288,Bird Springs Chapter
040019427004235,Cove Chapter
040019442023002,Chinle Chapter
040019449022150,Klagetoh Chapter
040019440001083,Sawmill Chapter
040019443013071,Many Farms Chapter
040179400103010,Piñon Chapter
040019449014093,Kinlichee Chapter
040059451002040,Leupp Chapter
040019449021005,Low Mountain Chapter
040019440001093,Sawmill Chapter
040019427004222,Red Valley Chapter
040019450012020,St. Michaels Chapter
040179400152135,Teesto Chapter
040179400081001,Black Mesa Chapter
040179424001088,Kayenta Chapter
040059422022049,Kaibeto Chapter
040059450003000,Bodaway Chapter
040059450001377,Bodaway Chapter
040059450001033,Bodaway Chapter
040059422023097,Inscription House Chapter
040059422023006,Inscription House Chapter
040179400102043,Low Mountain Chapter
040179400151030,Indian Wells Chapter
040019449012025,Kinlichee Chapter
040019440001122,Red Lake Chapter
040019441005085,Tsaile-Wheatfields Chapter
040019427004166,Sanostee Chapter
040019427002214,Rock Point Chapter
040019449014121,Klagetoh Chapter
040019449012046,Kinlichee Chapter
040019449021083,Jeddito Chapter
040019427002070,Mexican Water Chapter
040019442022005,Many Farms Chapter
040179424001062,Kayenta Chapter
040019440001281,Kinlichee Chapter
040019449014036,Kinlichee Chapter
040019440001127,Red Lake Chapter
040019441005035,Lukachukai Chapter
040019441002084,Round Rock Chapter
040019450022073,St. Michaels Chapter
040019441004008,Tsaile-Wheatfields Chapter
040179400151074,Indian Wells Chapter
040019427004023,Sweetwater Chapter
040019451002100,Nahatadziil Chapter
040019450022053,St. Michaels Chapter
040019442022022,Chinle Chapter
040019443013012,Many Farms Chapter
040019450023001,Houck Chapter
040019450022052,St. Michaels Chapter
040179400153073,Dilcon Chapter
040179400082088,Hard Rock Chapter
040019451001097,Nahatadziil Chapter
040019426001008,Dennehotso Chapter
040019450022015,St. Michaels Chapter
040019426002020,Dennehotso Chapter
040179400152163,Dilcon Chapter
040179400151083,Dilcon Chapter
040179400101027,Whippoorwill Chapter
040019450022040,St. Michaels Chapter
040179400152243,Bird Springs Chapter
040019450021084,Houck Chapter
040019427002016,Mexican Water Chapter
040019441003047,Tsaile-Wheatfields Chapter
040019449021087,Jeddito Chapter
040019440001209,Sawmill Chapter
040179400082071,Hard Rock Chapter
040179400081041,Forest Lake Chapter
040179400141099,Greasewood Chapter
040179400143104,Greasewood Chapter
040019426001109,Chilchinbeto Chapter
040019449014072,Ganado Chapter
040019449021100,Steamboat Chapter
040019427002142,Rock Point Chapter
040019443013060,Many Farms Chapter
040019440001075,Sawmill Chapter
040019443013024,Many Farms Chapter
040019450021155,Oak Springs Chapter
040019451001085,Nahatadziil Chapter
040019449022040,Greasewood Chapter
040019443022117,Tselani Chapter
040019440001072,Sawmill Chapter
040019451001062,Nahatadziil Chapter
040019443022060,Tselani Chapter
040019426002028,Dennehotso Chapter
040179400153050,Dilcon Chapter
040019426002000,Mexican Water Chapter
040179400113020,Piñon Chapter
040179400081023,Forest Lake Chapter
040179400152075,Tolani Lake Chapter
040019441003124,Tsaile-Wheatfields Chapter
040019449021153,Steamboat Chapter
040019443013052,Many Farms Chapter
040019441005101,Lukachukai Chapter
040179400142077,White Cone Chapter
040179424001210,Kayenta Chapter
040179424001263,Oljato Chapter
040019427001069,Teec Nos Pos Chapter
040179424001026,Oljato Chapter
040019426001154,Chilchinbeto Chapter
040019449013029,Ganado Chapter
040179424001215,Kayenta Chapter
040019449024005,Ganado Chapter
040019443022016,Tselani Chapter
040019449014016,Kinlichee Chapter
040019450021060,Oak Springs Chapter
040179400112029,Piñon Chapter
040019427002058,Mexican Water Chapter
040019449024006,Ganado Chapter
040019449014111,Klagetoh Chapter
040179424001205,Kayenta Chapter
040019449013071,Kinlichee Chapter
040179400132013,Jeddito Chapter
040019440001157,Sawmill Chapter
040179424001078,Kayenta Chapter
040179423003021,Navajo Mountain Chapter
040019441004087,Tsaile-Wheatfields Chapter
040059422022106,Kaibeto Chapter
040019449022029,Cornfields Chapter
040059451001047,Leupp Chapter
040059451002070,Leupp Chapter
040179400152199,Dilcon Chapter
040179400141059,Greasewood Chapter
040179423003082,Shonto Chapter
040179400153074,Dilcon Chapter
040179424001048,Oljato Chapter
040179400142095,White Cone Chapter
040179400153014,Indian Wells Chapter
040179424002126,Chilchinbeto Chapter
040179400113047,Hard Rock Chapter
040179424002081,Chilchinbeto Chapter
040179400113013,Piñon Chapter
040179400153080,Dilcon Chapter
040019442012094,Chinle Chapter
040019451002037,Nahatadziil Chapter
040019427004099,Lukachukai Chapter
040179400152193,Dilcon Chapter
040059450003125,Bodaway Chapter
040019427004164,Sanostee Chapter
040019443011049,Many Farms Chapter
040179424001242,Kayenta Chapter
040019449023065,Klagetoh Chapter
040019441005084,Lukachukai Chapter
040019451001079,Nahatadziil Chapter
040019451002045,Nahatadziil Chapter
040019451002030,Nahatadziil Chapter
040019427003021,Sweetwater Chapter
040179400141066,Greasewood Chapter
040179400152001,Teesto Chapter
040019443022082,Tselani Chapter
040179400081081,Forest Lake Chapter
040179400152043,Teesto Chapter
040019440001125,Red Lake Chapter
040019450021076,Oak Springs Chapter
040019449023135,Nahatadziil Chapter
040019426002012,Dennehotso Chapter
040019427004109,Red Valley Chapter
040179424001030,Oljato Chapter
040179424001035,Oljato Chapter
040179400142104,White Cone Chapter
040179400152314,Dilcon Chapter
040179424002039,Dennehotso Chapter
040179400152242,Bird Springs Chapter
040179400153071,Dilcon Chapter
040179425003034,Kayenta Chapter
040179400152196,Dilcon Chapter
040019449012093,Kinlichee Chapter
040019451001105,Nahatadziil Chapter
040019427004027,Red Valley Chapter
040019440001206,Red Lake Chapter
040019449021123,Steamboat Chapter
040019441004032,Tsaile-Wheatfields Chapter
040019427004209,Sanostee Chapter
040019427002029,Mexican Water Chapter
040019427004124,Red Valley Chapter
040019426001198,Dennehotso Chapter
040019443021089,Nazlini Chapter
040019442023044,Chinle Chapter
040019443022087,Tselani Chapter
040019449021115,Steamboat Chapter
040019427004110,Red Valley Chapter
040019443021029,Nazlini Chapter
040019440001061,Sawmill Chapter
040019449023022,Klagetoh Chapter
040019441004026,Tsaile-Wheatfields Chapter
040019427004192,Sanostee Chapter
040179400143130,Indian Wells Chapter
040179423003105,Shonto Chapter
040179423001021,Shonto Chapter
040019427003033,Mexican Water Chapter
040179400141079,Greasewood Chapter
040179400112086,Piñon Chapter
040019449011078,Wide Ruins Chapter
040019449023070,Klagetoh Chapter
040179400112009,Black Mesa Chapter
040179425001010,Kayenta Chapter
040019451001072,Nahatadziil Chapter
040019441004079,Tsaile-Wheatfields Chapter
040019441004082,Tsaile-Wheatfields Chapter
040019441004010,Tsaile-Wheatfields Chapter
040019443022114,Tselani Chapter
040179423003097,Shonto Chapter
040019449011092,Wide Ruins Chapter
040019441001001,Lukachukai Chapter
040019443012080,Black Mesa Chapter
040179400112019,Piñon Chapter
040019441005089,Lukachukai Chapter
040019441004097,Tsaile-Wheatfields Chapter
040059451002039,Leupp Chapter
040019426001147,Dennehotso Chapter
040179425001006,Kayenta Chapter
040019443012172,Rough Rock Chapter
040019441005022,Lukachukai Chapter
040179400152233,Bird Springs Chapter
040179424001126,Kayenta Chapter
040059450001284,Cameron Chapter
040059450001006,Bodaway Chapter
040059450001353,Cameron Chapter
040179400151064,Indian Wells Chapter
040179423003101,Shonto Chapter
040179400113068,Piñon Chapter
040019449014068,Kinlichee Chapter
040059450001212,Bodaway Chapter
040019426001206,Chilchinbeto Chapter
040019449011004,Wide Ruins Chapter
040179400152140,Teesto Chapter
040019449021084,Jeddito Chapter
040019450022069,St. Michaels Chapter
040019427003059,Sweetwater Chapter
040019449023132,Wide Ruins Chapter
040019451002089,Nahatadziil Chapter
040019427004197,Cove Chapter
040179400111024,Tachee Chapter
040179400102002,Whippoorwill Chapter
040179400143100,Greasewood Chapter
040179423003001,Shonto Chapter
040179400152033,Teesto Chapter
040019441002011,Sweetwater Chapter
040179424002022,Chilchinbeto Chapter
040179400101025,Whippoorwill Chapter
040179424002070,Chilchinbeto Chapter
040019451002134,Nahatadziil Chapter
040019443022083,Tselani Chapter
040019449011067,Wide Ruins Chapter
040019426002003,Dennehotso Chapter
040019427001055,Teec Nos Pos Chapter
040019449021125,Steamboat Chapter
040019427003039,Sweetwater Chapter
040019449014038,Kinlichee Chapter
040019427003052,Sweetwater Chapter
040019449021182,Steamboat Chapter
040019427002111,Rock Point Chapter
040019442023024,Chinle Chapter
040019449011018,Wide Ruins Chapter
040019426001160,Chilchinbeto Chapter
040019449023119,Wide Ruins Chapter
040019441004070,Tsaile-Wheatfields Chapter
040019451002111,Nahatadziil Chapter
040019427004210,Sanostee Chapter
040019449022093,Cornfields Chapter
040019440001183,Sawmill Chapter
040019426002017,Dennehotso Chapter
040019449021197,Steamboat Chapter
040019441005028,Lukachukai Chapter
040019449022140,Klagetoh Chapter
040019449023101,Wide Ruins Chapter
040019451001108,Nahatadziil Chapter
040019441004054,Tsaile-Wheatfields Chapter
040019449024072,Ganado Chapter
040019450021136,Lupton Chapter
040019440001113,Sawmill Chapter
040179424001008,Oljato Chapter
040179400151027,Indian Wells Chapter
040179425001001,Kayenta Chapter
040179400152058,Teesto Chapter
040019449024033,Ganado Chapter
040019450022063,St. Michaels Chapter
040019450021086,Oak Springs Chapter
040059450001077,Bodaway Chapter
040019427004117,Red Valley Chapter
040019449022015,Cornfields Chapter
040019443021039,Nazlini Chapter
040019427001066,Teec Nos Pos Chapter
040179423003087,Shonto Chapter
040179424001028,Oljato Chapter
040179400141113,White Cone Chapter
040179400111002,Tachee Chapter
040019449023053,Klagetoh Chapter
040019442021013,Chinle Chapter
040179400152041,Teesto Chapter
040179424002108,Chilchinbeto Chapter
040019442012128,Chinle Chapter
040179400103080,Whippoorwill Chapter
040019443011066,Many Farms Chapter
040019440003010,Fort Defiance Chapter
040019442012108,Tselani Chapter
040019449014156,Klagetoh Chapter
040059450001116,Bodaway Chapter
040179400143120,Indian Wells Chapter
040019449014022,Kinlichee Chapter
040019442011015,Chinle Chapter
040019443011055,Many Farms Chapter
040179425001012,Kayenta Chapter
040179424001074,Shonto Chapter
040019450022002,St. Michaels Chapter
040179424001038,Oljato Chapter
040059450001020,Bodaway Chapter
040179400102033,Low Mountain Chapter
040179400151021,White Cone Chapter
040179423003072,Shonto Chapter
040059422011137,LeChee Chapter
040059450001038,Bodaway Chapter
040059451002121,Bird Springs Chapter
040059450001293,Cameron Chapter
040179423001001,Kayenta Chapter
040179424002020,Kayenta Chapter
040179400102048,Jeddito Chapter
040179425001000,Kayenta Chapter
040019449021094,Steamboat Chapter
040019451002153,Nahatadziil Chapter
040019443021146,Nazlini Chapter
040019449012059,Kinlichee Chapter
040019449013079,Ganado Chapter
040019440001130,Sawmill Chapter
040179424001060,Kayenta Chapter
040019450021027,Oak Springs Chapter
040179400112016,Piñon Chapter
040179400151068,Indian Wells Chapter
040179424001140,Kayenta Chapter
040179400143070,Greasewood Chapter
040019440001043,Sawmill Chapter
040179400112000,Black Mesa Chapter
040019427004060,Red Valley Chapter
040179424002007,Kayenta Chapter
040179400112051,Tachee Chapter
040019426001152,Chilchinbeto Chapter
040019440001128,Sawmill Chapter
040019441003068,Tsaile-Wheatfields Chapter
040179400151082,Indian Wells Chapter
040179400143074,Greasewood Chapter
040179400081021,Forest Lake Chapter
040019450022049,St. Michaels Chapter
040019440001267,Kinlichee Chapter
040019440001077,Nazlini Chapter
040019451002144,Nahatadziil Chapter
040019451001000,Lupton Chapter
040019441005000,Cove Chapter
040179423003096,Inscription House Chapter
040179400142101,White Cone Chapter
040179423001016,Shonto Chapter
040179400132016,Jeddito Chapter
040179400152192,Dilcon Chapter
040179400102051,Jeddito Chapter
040179400102049,Low Mountain Chapter
040179423002042,Shonto Chapter
040179400112018,Piñon Chapter
040179400152312,Dilcon Chapter
040019451002025,Nahatadziil Chapter
040019441001021,Lukachukai Chapter
040019442012009,Chinle Chapter
040019443022125,Tselani Chapter
040019449023089,Wide Ruins Chapter
040019450021008,Oak Springs Chapter
040019450023075,Houck Chapter
040019426001205,Chilchinbeto Chapter
040019443012053,Rough Rock Chapter
040019450021029,Oak Springs Chapter
040019449023017,Klagetoh Chapter
040019450021081,Houck Chapter
040019441004037,Tsaile-Wheatfields Chapter
040019441004022,Tsaile-Wheatfields Chapter
040019450013001,Kinlichee Chapter
040179400112023,Forest Lake Chapter
040019427004137,Red Valley Chapter
040019440001222,Nazlini Chapter
040019440001110,Sawmill Chapter
040019440001238,Fort Defiance Chapter
040019441003081,Tsaile-Wheatfields Chapter
040019440001205,Fort Defiance Chapter
040019442011004,Chinle Chapter
040019449022073,Cornfields Chapter
040179400132010,Jeddito Chapter
040019427003045,Sweetwater Chapter
040019450021019,St. Michaels Chapter
040179424001155,Kayenta Chapter
040179424001185,Kayenta Chapter
040179400103047,Piñon Chapter
040019449012134,Kinlichee Chapter
040019443012135,Tachee Chapter
040019443022113,Tselani Chapter
040019427002196,Rock Point Chapter
040059449001027,Tuba City Chapter
040019443013057,Many Farms Chapter
040179400152106,Tolani Lake Chapter
040059450001356,Cameron Chapter
040059450001100,Bodaway Chapter
040059422011018,LeChee Chapter
040019450021052,Oak Springs Chapter
040179425002022,Kayenta Chapter
040019427004084,Cove Chapter
040179400142112,White Cone Chapter
040179400143122,Indian Wells Chapter
040179423001025,Shonto Chapter
040019450022024,St. Michaels Chapter
040019450021158,Lupton Chapter
040019450023002,Houck Chapter
040019426001185,Chilchinbeto Chapter
040019441005054,Lukachukai Chapter
040019441005096,Lukachukai Chapter
040019426002050,Dennehotso Chapter
040179423001020,Shonto Chapter
040019426001153,Chilchinbeto Chapter
040179400143103,Indian Wells Chapter
040019443011022,Many Farms Chapter
040019450021054,Oak Springs Chapter
040019427001048,Teec Nos Pos Chapter
040179400143014,Greasewood Chapter
040179400151045,Indian Wells Chapter
040179423003020,Navajo Mountain Chapter
040179400142069,White Cone Chapter
040019442023007,Chinle Chapter
040179400151007,White Cone Chapter
040019449023145,Wide Ruins Chapter
040019451002112,Nahatadziil Chapter
040019427001039,Teec Nos Pos Chapter
040179424001112,Kayenta Chapter
040179400081099,Forest Lake Chapter
040179400143140,Indian Wells Chapter
040019450023038,Houck Chapter
040019441002029,Round Rock Chapter
040019449024061,Ganado Chapter
040179424001125,Kayenta Chapter
040179424001193,Shonto Chapter
040019441004081,Tsaile-Wheatfields Chapter
040019427004034,Red Valley Chapter
040019427001077,Sweetwater Chapter
040019451001119,Nahatadziil Chapter
040019441004072,Tsaile-Wheatfields Chapter
040019443022046,Tselani Chapter
040019451002121,Nahatadziil Chapter
040019440001081,Sawmill Chapter
040019450022100,St. Michaels Chapter
040019441003080,Tsaile-Wheatfields Chapter
040019449023107,Wide Ruins Chapter
040019426001121,Dennehotso Chapter
040019450022005,St. Michaels Chapter
040179400153070,Dilcon Chapter
040179423003053,Inscription House Chapter
040179424001188,Kayenta Chapter
040179605001023,Dilcon Chapter
040179400152175,Dilcon Chapter
040179400142049,White Cone Chapter
040179400103063,Piñon Chapter
040019426002042,Dennehotso Chapter
040019427004100,Red Valley Chapter
040019449012119,Kinlichee Chapter
040019450023055,Houck Chapter
040019449022111,Klagetoh Chapter
040019450021132,Lupton Chapter
040019449011002,Wide Ruins Chapter
040179425001008,Kayenta Chapter
040019443021069,Nazlini Chapter
040019450021062,Oak Springs Chapter
040019441002093,Round Rock Chapter
040019450023107,Houck Chapter
040019441003023,Tsaile-Wheatfields Chapter
040019449011041,Wide Ruins Chapter
040019443012106,Chinle Chapter
040019441003003,Sanostee Chapter
040019449014185,Wide Ruins Chapter
040019449023152,Wide Ruins Chapter
040179424001063,Kayenta Chapter
040019451002106,Nahatadziil Chapter
040019449023160,Wide Ruins Chapter
040019449022038,Greasewood Chapter
040019427001015,Teec Nos Pos Chapter
040019450013003,Kinlichee Chapter
040019426001122,Dennehotso Chapter
040019441001005,Lukachukai Chapter
040179400153079,Dilcon Chapter
040019427003072,Sweetwater Chapter
040019440001260,Fort Defiance Chapter
040019443022167,Tselani Chapter
040019450022033,St. Michaels Chapter
040019449014179,Klagetoh Chapter
040019427004167,Sanostee Chapter
040019451001004,Lupton Chapter
040019450021053,Oak Springs Chapter
040179400081061,Forest Lake Chapter
040179424002091,Chilchinbeto Chapter
040019443022158,Tselani Chapter
040019451002044,Nahatadziil Chapter
040019440001253,Fort Defiance Chapter
040059450001311,Cameron Chapter
040179400152089,Teesto Chapter
040059452002007,Tuba City Chapter
040179400113033,Hard Rock Chapter
040179400152010,Teesto Chapter
040059422023017,Tonalea Chapter
040179400101012,Whippoorwill Chapter
040059451001037,Leupp Chapter
040059450001001,Bodaway Chapter
040059451004388,Cameron Chapter
040059450001078,Cameron Chapter
040179423002028,Shonto Chapter
040179424002144,Kayenta Chapter
040019451001076,Nahatadziil Chapter
040179425003000,Kayenta Chapter
040019440001242,Fort Defiance Chapter
040019427004051,Red Valley Chapter
040019440001129,Crystal Chapter
040019441002074,Round Rock Chapter
040179400142010,White Cone Chapter
040019450021083,Oak Springs Chapter
040019450022028,Kinlichee Chapter
040019441002000,Sweetwater Chapter
040019451002116,Nahatadziil Chapter
040019427004012,Red Valley Chapter
040019441005060,Lukachukai Chapter
040019440001035,Crystal Chapter
040179400151008,Teesto Chapter
040179425003001,Kayenta Chapter
040019449014199,Klagetoh Chapter
040019427004198,Cove Chapter
040019449022094,Cornfields Chapter
040019442022040,Chinle Chapter
040019443013041,Many Farms Chapter
040019449021195,Jeddito Chapter
040019441003002,Tsaile-Wheatfields Chapter
040179400152239,Bird Springs Chapter
040179400081057,Forest Lake Chapter
040179424002054,Kayenta Chapter
040019449022138,Greasewood Chapter
040019426001127,Dennehotso Chapter
040019449024027,Ganado Chapter
040019451002169,Nahatadziil Chapter
040019427004220,Sanostee Chapter
040179400152215,Dilcon Chapter
040179400141092,Greasewood Chapter
040179400143041,Greasewood Chapter
040179400142118,White Cone Chapter
040179400142065,White Cone Chapter
040179400081082,Forest Lake Chapter
040019443012164,Rough Rock Chapter
040019441003103,Tsaile-Wheatfields Chapter
040019441003122,Tsaile-Wheatfields Chapter
040019450013007,St. Michaels Chapter
040019449021178,Steamboat Chapter
040019450023064,Houck Chapter
040019442012043,Chinle Chapter
040019449014109,Klagetoh Chapter
040019451002127,Nahatadziil Chapter
040019449023094,Wide Ruins Chapter
040019441002072,Round Rock Chapter
040019441004042,Tsaile-Wheatfields Chapter
040019451002038,Nahatadziil Chapter
040019427001014,Teec Nos Pos Chapter
040019450022050,St. Michaels Chapter
040019441003129,Tsaile-Wheatfields Chapter
040019442023023,Chinle Chapter
040019449023091,Wide Ruins Chapter
040019441002012,Rock Point Chapter
040019440001132,Sawmill Chapter
040019450023006,Houck Chapter
040019449021098,Jeddito Chapter
040019449021078,Steamboat Chapter
040179400081025,Forest Lake Chapter
040179400081022,Forest Lake Chapter
040019449022013,Cornfields Chapter
040019441004104,Tsaile-Wheatfields Chapter
040019451001088,Nahatadziil Chapter
040019450023063,Houck Chapter
040019427002109,Rock Point Chapter
040019443012042,Rough Rock Chapter
040179400143137,Indian Wells Chapter
040019449024035,Ganado Chapter
040179400151028,Indian Wells Chapter
040059451004246,Coalmine Mesa Chapter
040059450002082,Tuba City Chapter
040059450001235,Bodaway Chapter
040179400152289,Bird Springs Chapter
040059422011099,LeChee Chapter
040179400141107,White Cone Chapter
040179424001094,Kayenta Chapter
040019449014196,Ganado Chapter
040059450003022,Bodaway Chapter
040019441005037,Lukachukai Chapter
040059450001344,Cameron Chapter
040179424001132,Kayenta Chapter
040179424001137,Kayenta Chapter
040179400103037,Piñon Chapter
040179400153067,Dilcon Chapter
040019449014110,Klagetoh Chapter
040019450022067,St. Michaels Chapter
040019449014017,Kinlichee Chapter
040179400101032,Whippoorwill Chapter
040019427001087,Teec Nos Pos Chapter
040019451001080,Nahatadziil Chapter
040019441002118,Round Rock Chapter
040019449022149,Greasewood Chapter
040019427004236,Cove Chapter
040179400082000,Forest Lake Chapter
040179400132031,Jeddito Chapter
040019443022065,Tselani Chapter
040179400152066,Tolani Lake Chapter
040019451001014,Lupton Chapter
040019449023032,Klagetoh Chapter
040019427003105,Sweetwater Chapter
040019442012035,Chinle Chapter
040019442022017,Chinle Chapter
040179400153060,Dilcon Chapter
040179400081052,Forest Lake Chapter
040019441005070,Tsaile-Wheatfields Chapter
040019440001210,Sawmill Chapter
040019443021060,Nazlini Chapter
040019441002060,Round Rock Chapter
040019450023113,Houck Chapter
040019450021051,Oak Springs Chapter
040019427004194,Sanostee Chapter
040019449011082,Wide Ruins Chapter
040019451002162,Nahatadziil Chapter
040179400081089,Forest Lake Chapter
040179423003091,Shonto Chapter
040179423003064,Inscription House Chapter
040179424001209,Kayenta Chapter
040179400152080,Tolani Lake Chapter
040179424001225,Kayenta Chapter
040179400141032,Greasewood Chapter
040179400101006,Tachee Chapter
040019450021038,Oak Springs Chapter
040019449012090,Kinlichee Chapter
040019440002000,Fort Defiance Chapter
040019427004133,Red Valley Chapter
040019450021112,Lupton Chapter
040019427004089,Cove Chapter
040019441005023,Lukachukai Chapter
040019442023049,Chinle Chapter
040019443011008,Many Farms Chapter
040019441002115,Round Rock Chapter
040019450021048,Oak Springs Chapter
040019441002089,Round Rock Chapter
040019450021071,Oak Springs Chapter
040019427002269,Teec Nos Pos Chapter
040019443022096,Nazlini Chapter
040019442012117,Chinle Chapter
040019427004098,Cove Chapter
040019443022105,Tselani Chapter
040019449023175,Nahatadziil Chapter
040019427004096,Cove Chapter
040019449021130,Steamboat Chapter
040019450022075,St. Michaels Chapter
040019449021111,Steamboat Chapter
040179400152197,Dilcon Chapter
040019449011050,Wide Ruins Chapter
040019427001017,Teec Nos Pos Chapter
040179423002030,Inscription House Chapter
040179425002032,Kayenta Chapter
040019427002215,Rock Point Chapter
040019449014047,Kinlichee Chapter
040019440001249,Red Lake Chapter
040019449013074,Ganado Chapter
040019443022059,Tselani Chapter
040179424001138,Kayenta Chapter
040179424002101,Chilchinbeto Chapter
040179400152226,Dilcon Chapter
040179400152122,Bird Springs Chapter
040179400152077,Tolani Lake Chapter
040179424001253,Kayenta Chapter
040019441002061,Round Rock Chapter
040019441003115,Tsaile-Wheatfields Chapter
040179400082095,Hard Rock Chapter
040179400103001,Whippoorwill Chapter
040019449012128,Kinlichee Chapter
040059451003103,Leupp Chapter
040019426001181,Chilchinbeto Chapter
040019449012034,Kinlichee Chapter
040019443022094,Tselani Chapter
040179400103090,Piñon Chapter
040179424001123,Kayenta Chapter
040059422021062,Inscription House Chapter
040059450001102,Cameron Chapter
040059450001098,Cameron Chapter
040019450022081,St. Michaels Chapter
040059450003170,Bodaway Chapter
040179400082089,Hard Rock Chapter
040179400111038,Whippoorwill Chapter
040179423001032,Shonto Chapter
040019449014089,Kinlichee Chapter
040179425002029,Kayenta Chapter
040019443021105,Nazlini Chapter
040019427002158,Dennehotso Chapter
040019449021014,Steamboat Chapter
040179424001102,Kayenta Chapter
040019451002141,Nahatadziil Chapter
040019427003012,Sweetwater Chapter
040019426002014,Dennehotso Chapter
040019449022064,Cornfields Chapter
040019450023088,Houck Chapter
040179400082004,Hard Rock Chapter
040179400141007,Steamboat Chapter
040019427004063,Red Valley Chapter
040019450021125,Lupton Chapter
040179400152223,Dilcon Chapter
040019441004085,Tsaile-Wheatfields Chapter
040179400152168,Dilcon Chapter
040179400103051,Whippoorwill Chapter
040019441004039,Tsaile-Wheatfields Chapter
040019450021049,Oak Springs Chapter
040019441004000,Tsaile-Wheatfields Chapter
040019449012096,Kinlichee Chapter
040179400112010,Black Mesa Chapter
040179424001057,Kayenta Chapter
040179400152183,Dilcon Chapter
040179400152131,Dilcon Chapter
040179424001075,Kayenta Chapter
040019449023146,Wide Ruins Chapter
040019451001084,Nahatadziil Chapter
040019440001109,Crystal Chapter
040019449012109,Kinlichee Chapter
040019440001243,Red Lake Chapter
040019441004077,Tsaile-Wheatfields Chapter
040019449011055,Wide Ruins Chapter
040019426002023,Oljato Chapter
040019450021020,St. Michaels Chapter
040019427004132,Red Valley Chapter
040019440001054,Sawmill Chapter
040019440001181,Sawmill Chapter
040019450013014,Kinlichee Chapter
040019427002259,Mexican Water Chapter
040019441002005,Sweetwater Chapter
040019449011015,Wide Ruins Chapter
040019441003001,Sanostee Chapter
040019449023139,Wide Ruins Chapter
040019449023023,Klagetoh Chapter
040019449021102,Steamboat Chapter
040019449023062,Klagetoh Chapter
040019449021037,Low Mountain Chapter
040019427002044,Mexican Water Chapter
040019440001042,Sawmill Chapter
040019443022122,Tselani Chapter
040179423003108,Shonto Chapter
040179423001026,Shonto Chapter
040019451002040,Nahatadziil Chapter
040179400151081,Indian Wells Chapter
040179423003067,Shonto Chapter
040019427004085,Cove Chapter
040019450023091,Houck Chapter
040019443022033,Tselani Chapter
040179400113027,Piñon Chapter
040179424001145,Kayenta Chapter
040019427001012,Teec Nos Pos Chapter
040019451002072,Nahatadziil Chapter
040019440001118,Crystal Chapter
040019427002053,Mexican Water Chapter
040019442012113,Chinle Chapter
040019442023019,Chinle Chapter
040019440001007,Crystal Chapter
040019440001223,Nazlini Chapter
040019449021154,Steamboat Chapter
040179400112067,Tachee Chapter
040019449013038,Ganado Chapter
040019449014191,Wide Ruins Chapter
040019441003135,Tsaile-Wheatfields Chapter
040179400152222,Dilcon Chapter
040019449023045,Klagetoh Chapter
040019440001033,Crystal Chapter
040179424001007,Oljato Chapter
040059422013057,Tonalea Chapter
040179424002047,Dennehotso Chapter
040179424001110,Kayenta Chapter
040179424001248,Kayenta Chapter
040059451001092,Leupp Chapter
040059450003005,Coppermine Chapter
040059450001328,Cameron Chapter
040019427004160,Sanostee Chapter
040019427004165,Sanostee Chapter
040019443012100,Tachee Chapter
040179400143036,Greasewood Chapter
040179400143085,Indian Wells Chapter
040019451002032,Nahatadziil Chapter
040179424001133,Kayenta Chapter
040179423003026,Navajo Mountain Chapter
040179400081040,Forest Lake Chapter
040019443022024,Tselani Chapter
040019449011080,Wide Ruins Chapter
040019451001044,Nahatadziil Chapter
040179424001015,Oljato Chapter
040019449014158,Klagetoh Chapter
040019443022007,Tselani Chapter
040019427004188,Sanostee Chapter
040179424001234,Kayenta Chapter
040019427004061,Red Valley Chapter
040019441003000,Sanostee Chapter
040019450021082,Oak Springs Chapter
040179400153053,Dilcon Chapter
040019449014175,Klagetoh Chapter
040179424001130,Kayenta Chapter
040019427003081,Sweetwater Chapter
040019450023024,Houck Chapter
040179400101016,Whippoorwill Chapter
040179400132042,Jeddito Chapter
040019449021173,Steamboat Chapter
040019449023000,Cornfields Chapter
040019440001200,Fort Defiance Chapter
040019449014182,Wide Ruins Chapter
040179400111009,Tachee Chapter
040019449013100,Ganado Chapter
040019449023168,Wide Ruins Chapter
040019451001081,Nahatadziil Chapter
040019449022026,Steamboat Chapter
040019441005082,Lukachukai Chapter
040019441002109,Round Rock Chapter
040019427002047,Mexican Water Chapter
040179400152082,Teesto Chapter
040179424001034,Oljato Chapter
040179400102040,Low Mountain Chapter
040179400152095,Teesto Chapter
040179400152108,Tolani Lake Chapter
040019427002146,Rock Point Chapter
040019441004096,Tsaile-Wheatfields Chapter
040019451001011,Nahatadziil Chapter
040019451001070,Nahatadziil Chapter
040019440001167,Nazlini Chapter
040019449021119,Steamboat Chapter
040019442011021,Chinle Chapter
040019451002151,Nahatadziil Chapter
040019449014145,Klagetoh Chapter
040019441003058,Tsaile-Wheatfields Chapter
040019427004113,Red Valley Chapter
040019427004042,Red Valley Chapter
040019427003073,Sweetwater Chapter
040019449023079,Klagetoh Chapter
040019449023124,Wide Ruins Chapter
040019450023022,Houck Chapter
040019441003088,Tsaile-Wheatfields Chapter
040019451002102,Nahatadziil Chapter
040019449023151,Wide Ruins Chapter
040019443022006,Tselani Chapter
040179400101013,Whippoorwill Chapter
040179400141027,Greasewood Chapter
040019451002145,Nahatadziil Chapter
040019449011054,Wide Ruins Chapter
040019450022061,St. Michaels Chapter
040019449014113,Klagetoh Chapter
040019427004169,Sanostee Chapter
040019427004219,Sanostee Chapter
040019427001044,Teec Nos Pos Chapter
040019427001109,Teec Nos Pos Chapter
040019440001051,Sawmill Chapter
040019451002034,Wide Ruins Chapter
040179423003018,Shonto Chapter
040179424001187,Kayenta Chapter
040019443022186,Tselani Chapter
040019427004168,Sanostee Chapter
040179424001227,Kayenta Chapter
040019451002047,Nahatadziil Chapter
040019427004151,Cove Chapter
040179424001104,Kayenta Chapter
040179424002115,Chilchinbeto Chapter
040019440001159,Sawmill Chapter
040059450001379,Cameron Chapter
040179425003040,Kayenta Chapter
040019450023108,Houck Chapter
040019449014107,Kinlichee Chapter
040059450001021,Bodaway Chapter
040179424001134,Kayenta Chapter
040179424001256,Kayenta Chapter
040059450001361,Cameron Chapter
040059450001338,Cameron Chapter
040059450003171,Bodaway Chapter
040059450001022,Bodaway Chapter
040059450001312,Cameron Chapter
040059450001365,Cameron Chapter
040059450001213,Bodaway Chapter
040179400152090,Teesto Chapter
040179424001249,Kayenta Chapter
040179423001023,Shonto Chapter
040179423001012,Shonto Chapter
040019427002133,Rock Point Chapter
040179424001054,Oljato Chapter
040019427004177,Lukachukai Chapter
040179424002100,Chilchinbeto Chapter
040179400153045,Dilcon Chapter
040019451001109,Nahatadziil Chapter
040019427003063,Sweetwater Chapter
040019441003090,Tsaile-Wheatfields Chapter
040019449023024,Klagetoh Chapter
040019443011019,Many Farms Chapter
040179423002015,Shonto Chapter
040019440001197,Red Lake Chapter
040019449024103,Cornfields Chapter
040179423003098,Shonto Chapter
040179400081091,Forest Lake Chapter
040019427002031,Mexican Water Chapter
040179400152167,Dilcon Chapter
040179400152172,Dilcon Chapter
040019440001123,Crystal Chapter
040179424001236,Kayenta Chapter
040019451001075,Nahatadziil Chapter
040019441004055,Tsaile-Wheatfields Chapter
040019443022136,Tselani Chapter
040179400153003,Dilcon Chapter
040019441005056,Lukachukai Chapter
040179423002021,Shonto Chapter
040179400082026,Hard Rock Chapter
040019449023057,Klagetoh Chapter
040019449021036,Low Mountain Chapter
040179423003102,Shonto Chapter
040179400152064,Tolani Lake Chapter
040179423003066,Shonto Chapter
040179400111019,Tachee Chapter
040179400103075,Piñon Chapter
040179423001033,Shonto Chapter
040179424001065,Kayenta Chapter
040019449014117,Ganado Chapter
040019427002126,Rock Point Chapter
040019441002090,Round Rock Chapter
040019443011094,Many Farms Chapter
040019440001056,Sawmill Chapter
040179423003012,Kayenta Chapter
040019449024007,Steamboat Chapter
040019427003037,Sweetwater Chapter
040019427002249,Rough Rock Chapter
040019427002275,Teec Nos Pos Chapter
040019427004149,Lukachukai Chapter
040019449011013,Wide Ruins Chapter
040019427004140,Red Valley Chapter
040019442022019,Chinle Chapter
040019451001059,Nahatadziil Chapter
040019427001041,Teec Nos Pos Chapter
040019449021155,Steamboat Chapter
040019443022134,Tselani Chapter
040019450023050,Houck Chapter
040019449014202,Klagetoh Chapter
040019450021154,Oak Springs Chapter
040019441002082,Round Rock Chapter
040019440001040,Sawmill Chapter
040019427002030,Mexican Water Chapter
040019443022164,Nazlini Chapter
040179400113000,Piñon Chapter
040019443022131,Nazlini Chapter
040179425003003,Kayenta Chapter
040179400111011,Tachee Chapter
040179423003111,Shonto Chapter
040019450012007,St. Michaels Chapter
040179423003051,Inscription House Chapter
040179425002019,Kayenta Chapter
040019443011017,Many Farms Chapter
040019449011014,Wide Ruins Chapter
040019440002004,Fort Defiance Chapter
040019427003055,Sweetwater Chapter
040019449011085,Wide Ruins Chapter
040019449013059,Ganado Chapter
040019449011016,Wide Ruins Chapter
040019450022039,St. Michaels Chapter
040019449023159,Wide Ruins Chapter
040019441004089,Many Farms Chapter
040179400113063,Hard Rock Chapter
040059450001067,Bodaway Chapter
040019442022064,Chinle Chapter
040019427004233,Sweetwater Chapter
040059422023102,Inscription House Chapter
040179400142059,Greasewood Chapter
040019451002128,Nahatadziil Chapter
040059450001047,Bodaway Chapter
040019442012034,Chinle Chapter
040179400143022,Greasewood Chapter
040019451002054,Nahatadziil Chapter
040179423001015,Shonto Chapter
040019450021085,Oak Springs Chapter
040019427004214,Cove Chapter
040019443022089,Tselani Chapter
040019440001248,Red Lake Chapter
040019442022008,Chinle Chapter
040019449022091,Cornfields Chapter
040019451001098,Nahatadziil Chapter
040019451001092,Nahatadziil Chapter
040019449023058,Klagetoh Chapter
040019450021074,Oak Springs Chapter
040019451002101,Nahatadziil Chapter
040179423002026,Shonto Chapter
040059451001016,Leupp Chapter
040019450013015,St. Michaels Chapter
040019450021001,Oak Springs Chapter
040019451001002,Lupton Chapter
040019443013027,Many Farms Chapter
040179400103038,Piñon Chapter
040179423003099,Shonto Chapter
040019427004105,Red Valley Chapter
040019449023082,Wide Ruins Chapter
040179423001011,Shonto Chapter
040019451001104,Nahatadziil Chapter
040019441003008,Tsaile-Wheatfields Chapter
040179400081109,Forest Lake Chapter
040179400152217,Dilcon Chapter
040179400082101,Hard Rock Chapter
040019442011000,Chinle Chapter
040179400081060,Forest Lake Chapter
040179424002098,Chilchinbeto Chapter
040019449022122,Greasewood Chapter
040179424001216,Kayenta Chapter
040019443022014,Tselani Chapter
040019440001134,Sawmill Chapter
040019441004035,Tsaile-Wheatfields Chapter
040019450021144,Lupton Chapter
040019440001162,Nazlini Chapter
040019449023148,Wide Ruins Chapter
040179423002029,Shonto Chapter
040179400132014,Jeddito Chapter
040179400153005,Dilcon Chapter
040179400102035,Low Mountain Chapter
040179400151094,Indian Wells Chapter
040179424002124,Chilchinbeto Chapter
040019449023064,Klagetoh Chapter
040019451002098,Nahatadziil Chapter
040019427001004,Teec Nos Pos Chapter
040019427004115,Red Valley Chapter
040019449021045,Jeddito Chapter
040019441002010,Red Valley Chapter
040019441003121,Tsaile-Wheatfields Chapter
040019440001058,Sawmill Chapter
040019427004114,Red Valley Chapter
040179425003002,Kayenta Chapter
040019441004051,Tsaile-Wheatfields Chapter
040179424001000,Oljato Chapter
040019442021023,Chinle Chapter
040019450021078,Oak Springs Chapter
040019426001172,Chilchinbeto Chapter
040019443011024,Many Farms Chapter
040019427004163,Sanostee Chapter
040019443012074,Rough Rock Chapter
040019443022030,Tselani Chapter
040019449022135,Greasewood Chapter
040019449011024,Wide Ruins Chapter
040019449014067,Kinlichee Chapter
040179400141118,Greasewood Chapter
040179423002039,Shonto Chapter
040179423003029,Shonto Chapter
040179425001020,Kayenta Chapter
040019449012026,Kinlichee Chapter
040059450001104,Cameron Chapter
040179400152204,Dilcon Chapter
040019451001045,Nahatadziil Chapter
040019450021147,Oak Springs Chapter
040019442012104,Chinle Chapter
040019441004048,Tsaile-Wheatfields Chapter
040019442022003,Chinle Chapter
040179423003046,Inscription House Chapter
040019440001029,Crystal Chapter
040059450001105,Bodaway Chapter
040059422023125,Tonalea Chapter
040059450001348,Cameron Chapter
040059450001306,Cameron Chapter
040059451001065,Leupp Chapter
040019427001054,Teec Nos Pos Chapter
040179400152311,Dilcon Chapter
040019441003036,Tsaile-Wheatfields Chapter
040019426001157,Chilchinbeto Chapter
040059451003036,Tolani Lake Chapter
040019449024125,Ganado Chapter
040019450022019,St. Michaels Chapter
350459429002126,Sanostee Chapter
350459432013196,Huerfano Chapter
350459432012348,Lake Valley Chapter
350459430003108,Burnham Chapter
350459428011032,Hogback Chapter
350069458002257,Ramah Chapter
350459429006035,Sheep Springs Chapter
350459430003155,Burnham Chapter
350459429004067,Newcomb Chapter
350459432013458,Huerfano Chapter
350459430003100,Burnham Chapter
350459429005115,Newcomb Chapter
350069458001376,Ramah Chapter
350069458001381,Ramah Chapter
350069458001182,Ramah Chapter
350459428021006,Shiprock Chapter
350459428012165,Shiprock Chapter
350459429003020,Sanostee Chapter
350459428013239,Hogback Chapter
350459432013039,Huerfano Chapter
350459428012081,Gadii'ahi Chapter
350459432013450,Huerfano Chapter
350459432013029,Huerfano Chapter
350459432012563,Nageezi Chapter
350459432013131,Huerfano Chapter
350459428013054,Beclabito Chapter
350459428013218,Hogback Chapter
350459429002034,Sanostee Chapter
350459429002049,Sanostee Chapter
350459430003004,Fruitland Chapter
350459430001018,Fruitland Chapter
350459430001022,Fruitland Chapter
350459428013114,Shiprock Chapter
350069458001064,Ramah Chapter
350459428013087,Beclabito Chapter
350459432012351,Lake Valley Chapter
350459430003158,Burnham Chapter
350459430002002,Nenahnezad/San Juan Chapter
350459430002072,Nenahnezad/San Juan Chapter
350459428013285,Shiprock Chapter
350459428013046,Beclabito Chapter
350459428011008,Hogback Chapter
350459432014230,Nageezi Chapter
350319435001359,Crownpoint Chapter
350319456011064,Church Rock Chapter
350319436011090,Church Rock Chapter
350459432013554,Huerfano Chapter
350459429002090,Sanostee Chapter
350459432012277,White Rock Chapter
350459432013346,Huerfano Chapter
350459432014270,Nageezi Chapter
350459429005093,Newcomb Chapter
350019406021003,Cañoncito Chapter
350319439071145,Rock Springs Chapter
350319436011053,Church Rock Chapter
350319457011134,Chi Chil Tah Chapter
350319437022100,Coyote Canyon Chapter
350319457011103,Chi Chil Tah Chapter
350319440002292,Ojo Encino Chapter
350319436013026,Pinedale Chapter
350319460021015,Baca Chapter
350319460031012,Casamero Lake Chapter
350319437011009,Tohatchi Chapter
350319439041032,Red Rock Chapter
350319440002077,Pueblo Pintado Chapter
350319435001204,Becenti Chapter
350319436021078,Thoreau Chapter
350319460032130,Smith Lake Chapter
350319437022104,Coyote Canyon Chapter
350459429001024,Red Valley Chapter
350319438022117,Mexican Springs Chapter
350319460032175,Thoreau Chapter
350319731001053,Ramah Chapter
350319460031189,Baca Chapter
350439409001329,Counselor Chapter
350319435001426,Crownpoint Chapter
350319440001553,Littlewater Chapter
350459432013044,Huerfano Chapter
350459432014093,Nageezi Chapter
350319460032011,Littlewater Chapter
350319439061044,Rock Springs Chapter
350019406021067,Cañoncito Chapter
350319437022089,Coyote Canyon Chapter
350319437012030,Twin Lakes Chapter
350319437022117,Coyote Canyon Chapter
350319437012032,Twin Lakes Chapter
350319437012024,Coyote Canyon Chapter
350319460032094,Casamero Lake Chapter
350319439061217,Rock Springs Chapter
350319439051218,Manuelito Chapter
350319440001172,White Horse Lake Chapter
350319457021243,Chi Chil Tah Chapter
350319438022103,Mexican Springs Chapter
350319460032149,Thoreau Chapter
350319439051062,Red Rock Chapter
350319439071458,Tsayatoh Chapter
350319437022045,Coyote Canyon Chapter
350319460031301,Baca Chapter
350319439071359,Tsayatoh Chapter
350319436012155,Iyanbito Chapter
350319436012089,Church Rock Chapter
350319457021113,Chi Chil Tah Chapter
350319438032013,Fort Defiance Chapter
350319440002054,Pueblo Pintado Chapter
350319457021295,Chi Chil Tah Chapter
350319435001117,Becenti Chapter
350319460011043,Thoreau Chapter
350319460012002,Thoreau Chapter
350319438021039,Tohatchi Chapter
350439409001218,Counselor Chapter
350459428012004,Hogback Chapter
350459429004038,Newcomb Chapter
350459429003059,Sanostee Chapter
350459432013139,Huerfano Chapter
350459429001085,Sanostee Chapter
350069458001272,Ramah Chapter
350069458001355,Ramah Chapter
350459431001012,White Rock Chapter
350459428011033,Hogback Chapter
350459429004029,Newcomb Chapter
350459432013412,Huerfano Chapter
350459432012293,White Rock Chapter
350069458001382,Ramah Chapter
350069458001249,Ramah Chapter
350459430003191,Burnham Chapter
350459429006005,Sheep Springs Chapter
350069747015044,Baca Chapter
350069747015039,Baca Chapter
350459432014326,Nageezi Chapter
350069458001260,Ramah Chapter
350069747015122,Baca Chapter
350459429002104,Newcomb Chapter
350459428021009,Shiprock Chapter
350459428012156,Hogback Chapter
350459431002089,Crystal Chapter
350459429003066,Tsaile-Wheatfields Chapter
350459432012088,Nageezi Chapter
350459428012178,Hogback Chapter
350459429001022,Red Valley Chapter
350069458002194,Ramah Chapter
350459428023007,Shiprock Chapter
350459432012317,White Rock Chapter
350459432013417,Huerfano Chapter
350459428013185,Shiprock Chapter
350459428013257,Shiprock Chapter
350459429004048,Newcomb Chapter
350069458002232,Ramah Chapter
350069458002244,Ramah Chapter
350459430002113,Nenahnezad/San Juan Chapter
350319439042048,Red Rock Chapter
350319435001241,Becenti Chapter
350319436021054,Mariano Lake Chapter
350319437022115,Twin Lakes Chapter
350459430002124,Hogback Chapter
350459432013526,Huerfano Chapter
350459428023001,Hogback Chapter
350459432014305,Nageezi Chapter
350459428013228,Hogback Chapter
350459431002114,Crystal Chapter
350319440001434,Littlewater Chapter
350319439051021,Red Rock Chapter
350319440002172,Pueblo Pintado Chapter
350319437011065,Tohatchi Chapter
350319435001368,Littlewater Chapter
350319436011023,Pinedale Chapter
350319436012024,Pinedale Chapter
350319460021034,Baca Chapter
350319440002037,Pueblo Pintado Chapter
350319460031013,Casamero Lake Chapter
350319440002101,Pueblo Pintado Chapter
350319440001105,White Horse Lake Chapter
350319460032169,Littlewater Chapter
350319437012004,Twin Lakes Chapter
350319460021136,Baca Chapter
350319436022069,Iyanbito Chapter
350319460031007,Casamero Lake Chapter
350459430001031,Fruitland Chapter
350319457011026,Bread Springs Chapter
350319457021180,Chi Chil Tah Chapter
350319439031123,Bread Springs Chapter
350319439061186,Rock Springs Chapter
350319457011023,Bread Springs Chapter
350319457011131,Chi Chil Tah Chapter
350319436022046,Iyanbito Chapter
350319460032154,Thoreau Chapter
350319460011007,Thoreau Chapter
350319437021051,Standing Rock Chapter
350319436023077,Pinedale Chapter
350459432013449,Huerfano Chapter
350319437022063,Coyote Canyon Chapter
350319439071266,Tsayatoh Chapter
350319435001299,Becenti Chapter
350319440001082,White Horse Lake Chapter
350319437011058,Mexican Springs Chapter
350319439041004,Red Rock Chapter
350319436021022,Mariano Lake Chapter
350319436022033,Iyanbito Chapter
350319436023067,Pinedale Chapter
350319439051018,Tsayatoh Chapter
350319435001365,Littlewater Chapter
350319439071212,Tsayatoh Chapter
350319437021027,Standing Rock Chapter
350319436011149,Church Rock Chapter
350319460011101,Thoreau Chapter
350319439042063,Red Rock Chapter
350319437021054,Nahodishgish Chapter
350319438022118,Mexican Springs Chapter
350319436013038,Pinedale Chapter
350319457011147,Chi Chil Tah Chapter
350319435002069,Crownpoint Chapter
350019406021061,Cañoncito Chapter
350459428012141,Hogback Chapter
350459428033018,Shiprock Chapter
350459432012503,White Rock Chapter
350459431002066,Sheep Springs Chapter
350459428013020,Teec Nos Pos Chapter
350459430003185,Burnham Chapter
350459430003140,Burnham Chapter
350459432012648,Lake Valley Chapter
350459431001118,White Rock Chapter
350069458001308,Ramah Chapter
350459431002025,Naschitti Chapter
350069458002121,Ramah Chapter
350459430003084,Burnham Chapter
350459429003033,Sanostee Chapter
350069747015132,Baca Chapter
350459432013395,Huerfano Chapter
350459432012271,White Rock Chapter
350459428012041,Gadii'ahi Chapter
350459428013031,Beclabito Chapter
350459429005019,Two Grey Hills Chapter
350459429006010,Sheep Springs Chapter
350459430003206,Burnham Chapter
350459431001000,White Rock Chapter
350069458001180,Ramah Chapter
350069458001321,Ramah Chapter
350069747015131,Baca Chapter
350459428023003,Hogback Chapter
350459428023011,Hogback Chapter
350459428013023,Beclabito Chapter
350459429002014,Sanostee Chapter
350459431002093,Crystal Chapter
350069458001186,Ramah Chapter
350459432012310,White Rock Chapter
350459432014050,Huerfano Chapter
350459430002090,Nenahnezad/San Juan Chapter
350459432015085,Huerfano Chapter
350459432013310,Huerfano Chapter
350459432015064,Huerfano Chapter
350459428013289,Red Valley Chapter
350459428012067,Gadii'ahi Chapter
350459428013096,Shiprock Chapter
350459428012126,Gadii'ahi Chapter
350459429001109,Sanostee Chapter
350459432012155,Huerfano Chapter
350459428013278,Hogback Chapter
350319439051343,Chi Chil Tah Chapter
350319457021231,Chi Chil Tah Chapter
350319435002072,Crownpoint Chapter
350459432013094,Huerfano Chapter
350459432012048,Nageezi Chapter
350069458002084,Ramah Chapter
350319437021077,Standing Rock Chapter
350319439051108,Manuelito Chapter
350319436023159,Mariano Lake Chapter
350319440001606,Mariano Lake Chapter
350459431002011,Naschitti Chapter
350459429002164,Sanostee Chapter
350459432012144,Nageezi Chapter
350459428024024,Shiprock Chapter
350459432013555,Huerfano Chapter
350459431002140,Crystal Chapter
350459431002117,Crystal Chapter
350319439071316,Manuelito Chapter
350319438021057,Tohatchi Chapter
350319437012038,Twin Lakes Chapter
350019406021006,Cañoncito Chapter
350319437022088,Coyote Canyon Chapter
350319439031112,Bread Springs Chapter
350319435003000,Crownpoint Chapter
350539400001098,Alamo Chapter
350319457021031,Chi Chil Tah Chapter
350319437021109,Nahodishgish Chapter
350319439051048,Red Rock Chapter
350319440002207,Pueblo Pintado Chapter
350319460032033,Casamero Lake Chapter
350319437011041,Tohatchi Chapter
350319435001436,Crownpoint Chapter
350319440001504,Littlewater Chapter
350319435002009,Crownpoint Chapter
350459430001066,Fruitland Chapter
350459432013061,Huerfano Chapter
350319440002034,Pueblo Pintado Chapter
350319436011104,Church Rock Chapter
350319436013077,Pinedale Chapter
350319460031197,Baca Chapter
350319435001509,Becenti Chapter
350319435002076,Crownpoint Chapter
350319437021053,Standing Rock Chapter
350319435001062,Lake Valley Chapter
350319460032003,Littlewater Chapter
350319460032137,Smith Lake Chapter
350319440002220,Pueblo Pintado Chapter
350319438011021,Red Lake Chapter
350319439042026,Red Rock Chapter
350319435001058,Lake Valley Chapter
350319439051090,Tsayatoh Chapter
350319436022041,Iyanbito Chapter
350319457011144,Chi Chil Tah Chapter
350439409002128,Torreon Chapter
350319440001064,White Horse Lake Chapter
350319436023117,Mariano Lake Chapter
350319435002037,Crownpoint Chapter
350319439071501,Manuelito Chapter
350319439071033,Tsayatoh Chapter
350319437021146,Standing Rock Chapter
350319435001375,Littlewater Chapter
350319435001226,Becenti Chapter
350319438022010,Mexican Springs Chapter
350319440001527,Littlewater Chapter
350319436021075,Mariano Lake Chapter
350319436011145,Church Rock Chapter
350319439031093,Bread Springs Chapter
350319438021044,Tohatchi Chapter
350319438032033,St. Michaels Chapter
350319437021135,Standing Rock Chapter
350319436011148,Church Rock Chapter
350319436013037,Pinedale Chapter
350319457021008,Chi Chil Tah Chapter
350319460011016,Thoreau Chapter
350319435002034,Crownpoint Chapter
350319439071347,Tsayatoh Chapter
350319438022187,Red Lake Chapter
350319440002110,Pueblo Pintado Chapter
350319435002023,Crownpoint Chapter
350319439032071,Church Rock Chapter
350439409001250,Counselor Chapter
350019406021071,Cañoncito Chapter
350439409001159,Counselor Chapter
350459428012010,Gadii'ahi Chapter
350459429004105,Two Grey Hills Chapter
350459429004031,Newcomb Chapter
350459431002165,Naschitti Chapter
350459430003105,Burnham Chapter
350459428013153,Shiprock Chapter
350459430003150,Burnham Chapter
350459432012369,Nageezi Chapter
350459432013087,Huerfano Chapter
350459432013057,Huerfano Chapter
350459429005109,Sheep Springs Chapter
350459428012144,Hogback Chapter
350069458001099,Ramah Chapter
350069458001052,Ramah Chapter
350459431002147,Crystal Chapter
350459428021011,Shiprock Chapter
350459431001001,Burnham Chapter
350459428012130,Gadii'ahi Chapter
350459428024029,Shiprock Chapter
350459428013027,Beclabito Chapter
350459428013299,Teec Nos Pos Chapter
350459431002032,Naschitti Chapter
350459432013428,Huerfano Chapter
350459432015035,Huerfano Chapter
350459428011044,Hogback Chapter
350459430003154,Burnham Chapter
350459428013144,Shiprock Chapter
350459428013090,Beclabito Chapter
350069458001108,Ramah Chapter
350459428021015,Shiprock Chapter
350459432012151,Huerfano Chapter
350459431002091,Crystal Chapter
350459428013148,Shiprock Chapter
350459430002080,Nenahnezad/San Juan Chapter
350459430002120,Nenahnezad/San Juan Chapter
350319439051204,Bread Springs Chapter
350319435001480,Becenti Chapter
350459432013232,Huerfano Chapter
350319435003001,Crownpoint Chapter
350319436011079,Church Rock Chapter
350319435001506,White Horse Lake Chapter
350319460031128,Baca Chapter
350319437022090,Coyote Canyon Chapter
350319440002174,Pueblo Pintado Chapter
350319457021072,Manuelito Chapter
350319439051196,Bread Springs Chapter
350319436011073,Church Rock Chapter
350459428011042,Hogback Chapter
350459431002052,Sheep Springs Chapter
350459428013268,Hogback Chapter
350459430002069,Nenahnezad/San Juan Chapter
350319440001432,Littlewater Chapter
350459428033010,Shiprock Chapter
350459430001048,Fruitland Chapter
350319439061255,Rock Springs Chapter
350319436023163,Mariano Lake Chapter
350319436023171,Mariano Lake Chapter
350319457021198,Chi Chil Tah Chapter
350319437022119,Coyote Canyon Chapter
350319457021086,Chi Chil Tah Chapter
350319436021052,Mariano Lake Chapter
350319437011013,Tohatchi Chapter
350319440002161,Pueblo Pintado Chapter
350319439031048,Red Rock Chapter
350319439051129,Manuelito Chapter
350319436021089,Smith Lake Chapter
350459429003061,Sanostee Chapter
350319436011102,Church Rock Chapter
350459428012022,Gadii'ahi Chapter
350319438022091,Mexican Springs Chapter
350319436021067,Mariano Lake Chapter
350439409001142,Counselor Chapter
350319439031005,Bread Springs Chapter
350319439061071,Rock Springs Chapter
350439409002140,Torreon Chapter
350319438021017,Tohatchi Chapter
350319439071391,Manuelito Chapter
350319440002130,Ojo Encino Chapter
350319439042040,Red Rock Chapter
350319435001438,Crownpoint Chapter
350319439051086,Tsayatoh Chapter
350319440001537,Littlewater Chapter
350319440002115,Pueblo Pintado Chapter
350439409002087,Torreon Chapter
350439409002069,Torreon Chapter
350319460031254,Baca Chapter
350319440002239,White Horse Lake Chapter
350319436011152,Church Rock Chapter
350319440001496,Littlewater Chapter
350319436021109,Mariano Lake Chapter
350319436021008,Mariano Lake Chapter
350319439051022,Red Rock Chapter
350319460032012,Casamero Lake Chapter
350319435002001,Becenti Chapter
350319435001303,Becenti Chapter
350319437022008,Coyote Canyon Chapter
350319437021045,Coyote Canyon Chapter
350319436012156,Iyanbito Chapter
350319437011053,Tohatchi Chapter
350319457021181,Chi Chil Tah Chapter
350319439051278,Manuelito Chapter
350319436021043,Pinedale Chapter
350319438022084,Mexican Springs Chapter
350319439051220,Red Rock Chapter
350319439061055,Rock Springs Chapter
350319439061158,Rock Springs Chapter
350319457021115,Chi Chil Tah Chapter
350319457021289,Chi Chil Tah Chapter
350319439042019,Red Rock Chapter
350319440002091,Nageezi Chapter
350319436011083,Church Rock Chapter
350319435001053,Lake Valley Chapter
350319435001312,Becenti Chapter
350319439051334,Chi Chil Tah Chapter
350019406021095,Cañoncito Chapter
350459429002127,Sanostee Chapter
350459432013152,Huerfano Chapter
350459432014153,Huerfano Chapter
350539400001132,Alamo Chapter
350459431002029,Sheep Springs Chapter
350459429001001,Red Valley Chapter
350459430003077,Burnham Chapter
350069458001235,Ramah Chapter
350459429002078,Sanostee Chapter
350459432013254,Huerfano Chapter
350459429003073,Sanostee Chapter
350459431002009,Naschitti Chapter
350459429006024,Sheep Springs Chapter
350459431001004,Burnham Chapter
350069458001386,Ramah Chapter
350069747015123,Baca Chapter
350069458002236,Ramah Chapter
350459428021025,Shiprock Chapter
350459428021033,Hogback Chapter
350459429002128,Sanostee Chapter
350459428013297,Teec Nos Pos Chapter
350459430002132,Nenahnezad/San Juan Chapter
350459428013275,Sanostee Chapter
350069458001070,Ramah Chapter
350459429004085,Two Grey Hills Chapter
350459430002083,Nenahnezad/San Juan Chapter
350459430001020,Fruitland Chapter
350459432013036,Huerfano Chapter
350459428013079,Beclabito Chapter
350459428013229,Hogback Chapter
350459429004030,Newcomb Chapter
350069458001101,Ramah Chapter
350069458001313,Ramah Chapter
350459428012078,Gadii'ahi Chapter
350459432012255,White Rock Chapter
350459432013405,Huerfano Chapter
350319457011033,Bread Springs Chapter
350319439061133,Rock Springs Chapter
350019406021047,Cañoncito Chapter
350319439042022,Red Rock Chapter
350319460031249,Baca Chapter
350319437022070,Coyote Canyon Chapter
350319440002275,Ojo Encino Chapter
350319438021071,Tohatchi Chapter
350539400001061,Alamo Chapter
350319457021219,Chi Chil Tah Chapter
350319436012026,Pinedale Chapter
350319436012020,Church Rock Chapter
350319731001084,Ramah Chapter
350319439031089,Bread Springs Chapter
350319460032108,Casamero Lake Chapter
350319440002073,Pueblo Pintado Chapter
350319435001107,Becenti Chapter
350319460011037,Thoreau Chapter
350319460032010,Casamero Lake Chapter
350319439051303,Manuelito Chapter
350319438021068,Mexican Springs Chapter
350319460032110,Casamero Lake Chapter
350319437021002,Standing Rock Chapter
350319460021011,Baca Chapter
350319436021014,Iyanbito Chapter
350319440001177,White Horse Lake Chapter
350459430001056,Fruitland Chapter
350459432013145,Huerfano Chapter
350319437011039,Tohatchi Chapter
350459432013431,Huerfano Chapter
350459428012123,Gadii'ahi Chapter
350319439061228,Rock Springs Chapter
350319435001257,Becenti Chapter
350319440001414,Littlewater Chapter
350319460011095,Thoreau Chapter
350459432013063,Huerfano Chapter
350439409001224,Counselor Chapter
350319460031252,Baca Chapter
350319439051298,Manuelito Chapter
350319435001267,Becenti Chapter
350319440001535,Casamero Lake Chapter
350319435001176,Littlewater Chapter
350319437022081,Coyote Canyon Chapter
350319436023088,Pinedale Chapter
350319439051034,Red Rock Chapter
350319439051248,Manuelito Chapter
350319457021025,Chi Chil Tah Chapter
350319457021030,Chi Chil Tah Chapter
350319440001004,White Horse Lake Chapter
350319435001472,Crownpoint Chapter
350319440002076,Pueblo Pintado Chapter
350319436011038,Church Rock Chapter
350319439071471,Manuelito Chapter
350319439051245,Manuelito Chapter
350319437021062,Standing Rock Chapter
350319439031079,Red Rock Chapter
350319460021140,Baca Chapter
350319436021000,Mariano Lake Chapter
350319440001511,Littlewater Chapter
350319439042086,Red Rock Chapter
350319439042023,Red Rock Chapter
350319435002040,Crownpoint Chapter
350319437022010,Coyote Canyon Chapter
350319460031144,Baca Chapter
350319438011003,Red Lake Chapter
350319437021124,Nahodishgish Chapter
350319440002322,Torreon Chapter
350319435001373,Littlewater Chapter
350319439061125,Rock Springs Chapter
350319460011029,Thoreau Chapter
350319460011023,Thoreau Chapter
350319439042041,Red Rock Chapter
350319457021033,Chi Chil Tah Chapter
350319438011025,Red Lake Chapter
350319439042053,Red Rock Chapter
350319436012136,Church Rock Chapter
350319438021054,Tohatchi Chapter
350319439032034,Church Rock Chapter
350319435001355,Crownpoint Chapter
350319460021133,Baca Chapter
350319440002063,Pueblo Pintado Chapter
350319435001508,White Horse Lake Chapter
350319440001037,White Horse Lake Chapter
350319438032018,Fort Defiance Chapter
350319457021100,Chi Chil Tah Chapter
350459429003043,Sanostee Chapter
350459429004040,Newcomb Chapter
350459428013119,Shiprock Chapter
350459432012637,Lake Valley Chapter
350459429004081,Newcomb Chapter
350459432014323,Nageezi Chapter
350459432013144,Huerfano Chapter
350459429004120,Two Grey Hills Chapter
350459432012553,Nageezi Chapter
350069458001245,Ramah Chapter
350459429006032,Sheep Springs Chapter
350459429003034,Sanostee Chapter
350459429001093,Sanostee Chapter
350069458001184,Ramah Chapter
350459432012636,Lake Valley Chapter
350459428011031,Hogback Chapter
350459432012193,Huerfano Chapter
350459428024001,Shiprock Chapter
350459431001089,Naschitti Chapter
350459428012172,Shiprock Chapter
350459429001066,Red Valley Chapter
350459428012085,Gadii'ahi Chapter
350459428012089,Gadii'ahi Chapter
350459429005083,Two Grey Hills Chapter
350459428013212,Hogback Chapter
350459432014183,Huerfano Chapter
350459428013136,Shiprock Chapter
350459431002153,Crystal Chapter
350459432013252,Huerfano Chapter
350459432012473,Lake Valley Chapter
350459429004028,Newcomb Chapter
350459428012083,Gadii'ahi Chapter
350459429005033,Two Grey Hills Chapter
350459432012170,Huerfano Chapter
350459430002107,Nenahnezad/San Juan Chapter
350459432012591,Nageezi Chapter
350319439032010,Church Rock Chapter
350459432013101,Huerfano Chapter
350459429004072,Newcomb Chapter
350459428013029,Beclabito Chapter
350069458002089,Ramah Chapter
350319457021297,Chi Chil Tah Chapter
350319436011076,Church Rock Chapter
350459431002072,Two Grey Hills Chapter
350319438031005,Twin Lakes Chapter
350459430003078,Burnham Chapter
350319437022019,Coyote Canyon Chapter
350319435001095,Becenti Chapter
350319439041027,Red Rock Chapter
350319439071259,Tsayatoh Chapter
350319440001441,Littlewater Chapter
350319436021085,Mariano Lake Chapter
350319440002163,Pueblo Pintado Chapter
350319435002062,Crownpoint Chapter
350319440002108,Pueblo Pintado Chapter
350319440001629,White Horse Lake Chapter
350319440001038,White Horse Lake Chapter
350319438022174,Crystal Chapter
350319440002146,Pueblo Pintado Chapter
350319440002173,Pueblo Pintado Chapter
350319460031320,Casamero Lake Chapter
350319440001588,Casamero Lake Chapter
350319439061088,Rock Springs Chapter
350319436023073,Pinedale Chapter
350319436021087,Mariano Lake Chapter
350319438022034,Mexican Springs Chapter
350459428033014,Shiprock Chapter
350459432013230,Huerfano Chapter
350319436011049,Church Rock Chapter
350319440002263,Ojo Encino Chapter
350319460011102,Thoreau Chapter
350439409001143,Counselor Chapter
350319439041044,Red Rock Chapter
350319439041003,Red Rock Chapter
350319436013092,Pinedale Chapter
350319439071514,Manuelito Chapter
350319439071154,Rock Springs Chapter
350319460031118,Baca Chapter
350319438022039,Mexican Springs Chapter
350319435001025,Lake Valley Chapter
350319439041013,Red Rock Chapter
350319436023102,Mariano Lake Chapter
350319460031002,Casamero Lake Chapter
350459432012022,Nageezi Chapter
350319437021013,Standing Rock Chapter
350319460021095,Baca Chapter
350319439031028,Red Rock Chapter
350319435001230,Becenti Chapter
350319435001069,Becenti Chapter
350319457021240,Chi Chil Tah Chapter
350319440002030,Pueblo Pintado Chapter
350319437021122,Nahodishgish Chapter
350319460032015,Littlewater Chapter
350319436021027,Mariano Lake Chapter
350319438022066,Tohatchi Chapter
350319436012102,Iyanbito Chapter
350319436011043,Church Rock Chapter
350319437021030,Standing Rock Chapter
350319437021131,Standing Rock Chapter
350319439042068,Bread Springs Chapter
350319436012131,Church Rock Chapter
350319440002283,Ojo Encino Chapter
350319439071250,Tsayatoh Chapter
350319440001249,White Horse Lake Chapter
350319460011034,Thoreau Chapter
350319460011020,Thoreau Chapter
350319438031042,Twin Lakes Chapter
350319435001451,Becenti Chapter
350319438021046,Tohatchi Chapter
350319436023097,Pinedale Chapter
350319435003042,Crownpoint Chapter
350319460011006,Thoreau Chapter
350319435001333,Becenti Chapter
350319439071176,Tsayatoh Chapter
350319439051051,Red Rock Chapter
350319439051341,Chi Chil Tah Chapter
350319439051091,Tsayatoh Chapter
350019406021081,Cañoncito Chapter
350319460021055,Baca Chapter
350319460011055,Thoreau Chapter
350319440001022,White Horse Lake Chapter
350439409001278,Ojo Encino Chapter
350459431001105,Naschitti Chapter
350459428013191,Nenahnezad/San Juan Chapter
350459432013197,Huerfano Chapter
350459432013195,Huerfano Chapter
350459432012092,Huerfano Chapter
350459432013357,Huerfano Chapter
350459429003041,Sanostee Chapter
350459430003126,Burnham Chapter
350459428013160,Shiprock Chapter
350459430003160,Burnham Chapter
350459432014159,Huerfano Chapter
350459429004034,Newcomb Chapter
350459430003199,White Rock Chapter
350459429005028,Two Grey Hills Chapter
350539400001117,Alamo Chapter
350459428011030,Hogback Chapter
350459429002103,Sanostee Chapter
350459431001072,Naschitti Chapter
350459431002096,Crystal Chapter
350459431002061,Two Grey Hills Chapter
350459428012058,Gadii'ahi Chapter
350069458001285,Ramah Chapter
350459428012150,Hogback Chapter
350459429005027,Two Grey Hills Chapter
350459432013480,Huerfano Chapter
350459432013177,Huerfano Chapter
350459429002017,Hogback Chapter
350459432013192,Huerfano Chapter
350459431002176,Naschitti Chapter
350459432012184,Huerfano Chapter
350459432013010,Huerfano Chapter
350459429005001,Two Grey Hills Chapter
350459432012040,Nageezi Chapter
350459428013120,Shiprock Chapter
350459429002141,Sanostee Chapter
350459428013045,Beclabito Chapter
350459430001055,Fruitland Chapter
350459428013134,Beclabito Chapter
350069458002213,Ramah Chapter
350069458002233,Ramah Chapter
350069458001294,Ramah Chapter
350459428013201,Shiprock Chapter
350459432012232,White Rock Chapter
350459431001007,Burnham Chapter
350459428011043,Hogback Chapter
350459428013206,Hogback Chapter
350319457011036,Bread Springs Chapter
350319457021248,Chi Chil Tah Chapter
350319439032025,Church Rock Chapter
350319435001475,Crownpoint Chapter
350319435001249,Becenti Chapter
350459431002015,Naschitti Chapter
350459432013313,Huerfano Chapter
350319436023098,Mariano Lake Chapter
350319437021092,Standing Rock Chapter
350319439071000,Rock Springs Chapter
350459432014341,Huerfano Chapter
350319437022012,Coyote Canyon Chapter
350430109002960,Cañoncito Chapter
350319439071099,Tsayatoh Chapter
350319437011085,Coyote Canyon Chapter
350319440002176,Pueblo Pintado Chapter
350319439051230,Manuelito Chapter
350319439061057,Rock Springs Chapter
350319435002031,Crownpoint Chapter
350319440002326,Torreon Chapter
350319460032097,Casamero Lake Chapter
350319437011020,Tohatchi Chapter
350319439051016,Tsayatoh Chapter
350319437011014,Tohatchi Chapter
350319440002247,White Horse Lake Chapter
350319435003038,Crownpoint Chapter
350319460011025,Thoreau Chapter
350319439061183,Rock Springs Chapter
350319457021229,Chi Chil Tah Chapter
350319436023132,Smith Lake Chapter
350319435001353,Crownpoint Chapter
350319439051097,Manuelito Chapter
350319457011022,Bread Springs Chapter
350319460011112,Thoreau Chapter
350319436013093,Pinedale Chapter
350319439071480,Manuelito Chapter
350319439051258,Manuelito Chapter
350319457021069,Manuelito Chapter
350319460031232,Baca Chapter
350319440002000,Ojo Encino Chapter
350319437021082,Nahodishgish Chapter
350319438022161,Mexican Springs Chapter
350319435001416,Crownpoint Chapter
350319436022119,Iyanbito Chapter
350319435001101,Lake Valley Chapter
350019406021070,Cañoncito Chapter
350319437012029,Twin Lakes Chapter
350319438022080,Mexican Springs Chapter
350319439031102,Bread Springs Chapter
350319437022050,Standing Rock Chapter
350319435001272,Becenti Chapter
350319440001576,Littlewater Chapter
350319439061004,Church Rock Chapter
350430109002938,Cañoncito Chapter
350319440002154,Pueblo Pintado Chapter
350319438031034,Twin Lakes Chapter
350319436022068,Iyanbito Chapter
350319437021133,Standing Rock Chapter
350319435001392,Littlewater Chapter
350319440001420,Littlewater Chapter
350319439071257,Tsayatoh Chapter
350319457021127,Chi Chil Tah Chapter
350319460011032,Thoreau Chapter
350319436013072,Pinedale Chapter
350319437012050,Twin Lakes Chapter
350319460031063,Baca Chapter
350319457011122,Chi Chil Tah Chapter
350319439051058,Red Rock Chapter
350319439071087,Tsayatoh Chapter
350439409001280,Torreon Chapter
350319439051344,Chi Chil Tah Chapter
350459429006025,Sheep Springs Chapter
350459429006050,Sheep Springs Chapter
350459429001034,Red Valley Chapter
350459430003219,Burnham Chapter
350459430003145,Burnham Chapter
350459429004093,Two Grey Hills Chapter
350459432013362,Huerfano Chapter
350459428013217,Hogback Chapter
350459428013030,Beclabito Chapter
350459428013067,Beclabito Chapter
350069458001264,Ramah Chapter
350459428011025,Hogback Chapter
350459429003032,Sanostee Chapter
350069458002060,Ramah Chapter
350459429006037,Sheep Springs Chapter
350459430002026,Nenahnezad/San Juan Chapter
350459428021007,Shiprock Chapter
350459429003051,Sanostee Chapter
350459429003004,Sanostee Chapter
350459431001081,Naschitti Chapter
350459430001045,Fruitland Chapter
350459429001060,Red Valley Chapter
350459428013211,Hogback Chapter
350459430002005,Nenahnezad/San Juan Chapter
350459430001038,Fruitland Chapter
350459432015029,Huerfano Chapter
350459429002072,Sanostee Chapter
350459430002039,Nenahnezad/San Juan Chapter
350459428013097,Shiprock Chapter
350069458001072,Ramah Chapter
350069458001183,Ramah Chapter
350459432013503,Huerfano Chapter
350459432012042,Nageezi Chapter
350459430002043,Nenahnezad/San Juan Chapter
350319457011037,Bread Springs Chapter
350319436021099,Smith Lake Chapter
350319435001251,Becenti Chapter
350459432014295,Nageezi Chapter
350459428021029,Shiprock Chapter
350459432012150,Huerfano Chapter
350319460032135,Baca Chapter
350319436011122,Church Rock Chapter
350319437021091,Nahodishgish Chapter
350319435001049,Lake Valley Chapter
350319457021183,Chi Chil Tah Chapter
350319435001404,Crownpoint Chapter
350319436021093,Smith Lake Chapter
350319439051377,Manuelito Chapter
350319439051310,Manuelito Chapter
350459432015072,Huerfano Chapter
350459429004061,Newcomb Chapter
350459429005021,Two Grey Hills Chapter
350319440002027,Ojo Encino Chapter
350319437012054,Twin Lakes Chapter
350319438031021,Twin Lakes Chapter
350459430002111,Nenahnezad/San Juan Chapter
350459431001022,Naschitti Chapter
350459431002082,Crystal Chapter
350459431001048,Naschitti Chapter
350459430003117,Burnham Chapter
350459430002141,Burnham Chapter
350459428013220,Hogback Chapter
350459429003057,Sanostee Chapter
350539400001140,Alamo Chapter
350539400001128,Alamo Chapter
350459428012104,Gadii'ahi Chapter
350319436011074,Church Rock Chapter
350319436012121,Church Rock Chapter
350319440001582,Baca Chapter
350319436023122,Mariano Lake Chapter
350319438021073,Tohatchi Chapter
350319457021114,Chi Chil Tah Chapter
350319438031011,Twin Lakes Chapter
350319437011075,Mexican Springs Chapter
350319439061075,Rock Springs Chapter
350319439051098,Manuelito Chapter
350319440001429,Littlewater Chapter
350319437022000,Coyote Canyon Chapter
350019406021065,Cañoncito Chapter
350319438022005,Mexican Springs Chapter
350319800001025,Church Rock Chapter
350319460032008,Littlewater Chapter
350459432013088,Huerfano Chapter
350459432012126,Nageezi Chapter
350319437011035,Tohatchi Chapter
350319440002015,Ojo Encino Chapter
350319457011176,Bread Springs Chapter
350319457011079,Bread Springs Chapter
350319439031087,Bread Springs Chapter
350319457011089,Bread Springs Chapter
350319457021235,Chi Chil Tah Chapter
350319436012093,Pinedale Chapter
350319435001080,Becenti Chapter
350319440002382,Ojo Encino Chapter
350319439031081,Red Rock Chapter
350319460032142,Casamero Lake Chapter
350319438031031,Twin Lakes Chapter
350319439071143,Rock Springs Chapter
350319439071442,Tsayatoh Chapter
350319439032027,Church Rock Chapter
350319457011133,Chi Chil Tah Chapter
350319438022179,Crystal Chapter
350439409001214,Counselor Chapter
350319438022142,Twin Lakes Chapter
350319440002300,Torreon Chapter
350319460032112,Casamero Lake Chapter
350319435001050,Lake Valley Chapter
350319439071489,Manuelito Chapter
350319439071195,Tsayatoh Chapter
350319440001048,White Horse Lake Chapter
350319457021234,Chi Chil Tah Chapter
350319436012111,Church Rock Chapter
350019406021060,Cañoncito Chapter
350439409002133,Torreon Chapter
350319457011040,Bread Springs Chapter
350319440002258,Ojo Encino Chapter
350319438022054,Mexican Springs Chapter
350319438021081,Tohatchi Chapter
350319436012086,Church Rock Chapter
350319439071224,Tsayatoh Chapter
350319731001039,Ramah Chapter
350319457021120,Chi Chil Tah Chapter
350319436021037,Iyanbito Chapter
350319460011019,Thoreau Chapter
350319438031022,Twin Lakes Chapter
350319438031028,Twin Lakes Chapter
350319460031180,Baca Chapter
350319439071220,Tsayatoh Chapter
350319439061152,Rock Springs Chapter
350319440001435,Littlewater Chapter
350319436013030,Pinedale Chapter
350319457021084,Chi Chil Tah Chapter
350019406021029,Cañoncito Chapter
350439409001220,Counselor Chapter
350459431001020,White Rock Chapter
350459430002025,Nenahnezad/San Juan Chapter
350459428033004,Shiprock Chapter
350459429004102,Two Grey Hills Chapter
350459430002119,Nenahnezad/San Juan Chapter
350459428013196,Shiprock Chapter
350459429006000,Sheep Springs Chapter
350459432012409,Lake Valley Chapter
350459432013190,Huerfano Chapter
350459428032009,Shiprock Chapter
350459429002136,Sanostee Chapter
350459429003024,Sanostee Chapter
350459432013324,Huerfano Chapter
350459429002091,Newcomb Chapter
350459432014257,Nageezi Chapter
350069458001380,Ramah Chapter
350069458001062,Ramah Chapter
350459428013298,Teec Nos Pos Chapter
350459432012279,White Rock Chapter
350459428013057,Beclabito Chapter
350069458001263,Ramah Chapter
350069458001007,Ramah Chapter
350069458002090,Ramah Chapter
350459429003069,Sanostee Chapter
350069458002102,Ramah Chapter
350069458001354,Ramah Chapter
350459429002154,Sanostee Chapter
350459432012107,Nageezi Chapter
350459429005041,Sanostee Chapter
350459432013155,Huerfano Chapter
350459431002037,Sheep Springs Chapter
350459429004104,Two Grey Hills Chapter
350459432014049,Huerfano Chapter
350459432013497,Huerfano Chapter
350459432014103,Huerfano Chapter
350459432013464,Huerfano Chapter
350459430002038,Nenahnezad/San Juan Chapter
350459432013055,Huerfano Chapter
350459432013474,Huerfano Chapter
350459432013521,Huerfano Chapter
350459428024005,Shiprock Chapter
350459430003003,Fruitland Chapter
350459428013086,Beclabito Chapter
350069458001015,Ramah Chapter
350069458001068,Ramah Chapter
350069458001199,Ramah Chapter
350459428023019,Shiprock Chapter
350459428013037,Beclabito Chapter
350459432012322,Lake Valley Chapter
350319436011030,Pinedale Chapter
350319436012004,Pinedale Chapter
350459432012610,Nageezi Chapter
350459431002034,Naschitti Chapter
350319439051223,Bread Springs Chapter
350459428013210,Hogback Chapter
350459429002028,Sanostee Chapter
350319438031008,Twin Lakes Chapter
350319440001583,Baca Chapter
350459432012049,Nageezi Chapter
350459431002090,Crystal Chapter
350319438031001,Twin Lakes Chapter
350319437022027,Coyote Canyon Chapter
350319437022034,Coyote Canyon Chapter
350319440002276,Ojo Encino Chapter
350319435002060,Crownpoint Chapter
350319440001475,Crownpoint Chapter
350319440001442,Littlewater Chapter
350319457011112,Chi Chil Tah Chapter
350319457011087,Bread Springs Chapter
350319440002295,Ojo Encino Chapter
350319440001166,White Horse Lake Chapter
350319457011137,Chi Chil Tah Chapter
350319438022191,Crystal Chapter
350319460032099,Casamero Lake Chapter
350319435001218,Becenti Chapter
350319439031100,Bread Springs Chapter
350319460021099,Baca Chapter
350319460031038,Smith Lake Chapter
350319436021049,Mariano Lake Chapter
350319435001275,Becenti Chapter
350319435001307,Becenti Chapter
350319438011016,Red Lake Chapter
350439409002105,Torreon Chapter
350459428012132,Hogback Chapter
350319440002372,Pueblo Pintado Chapter
350319460031097,Baca Chapter
350439409002028,Torreon Chapter
350439409001174,Counselor Chapter
350439409001222,Counselor Chapter
350439409002075,Torreon Chapter
350319436021101,Smith Lake Chapter
350319460021021,Baca Chapter
350319460032070,Smith Lake Chapter
350319438022188,Red Lake Chapter
350319439041015,Red Rock Chapter
350319439071412,Manuelito Chapter
350319436013029,Pinedale Chapter
350319438022168,Mexican Springs Chapter
350319438022183,Red Lake Chapter
350319438022081,Mexican Springs Chapter
350319438022082,Mexican Springs Chapter
350319439042034,Red Rock Chapter
350319460021102,Baca Chapter
350319437021112,Nahodishgish Chapter
350319439071374,Tsayatoh Chapter
350319439042080,Red Rock Chapter
350319437021020,Standing Rock Chapter
350319439051148,Manuelito Chapter
350319435001235,Becenti Chapter
350319435001199,Becenti Chapter
350019406021052,Cañoncito Chapter
350319437011078,Twin Lakes Chapter
350319435002087,Crownpoint Chapter
350319457021164,Chi Chil Tah Chapter
350319438022057,Mexican Springs Chapter
350439409001154,Counselor Chapter
350319439031121,Bread Springs Chapter
350319439071247,Tsayatoh Chapter
350319439071256,Tsayatoh Chapter
350319457021042,Chi Chil Tah Chapter
350319439042037,Red Rock Chapter
350319438032009,Fort Defiance Chapter
350319439032061,Church Rock Chapter
350319440002376,Pueblo Pintado Chapter
350319457021034,Chi Chil Tah Chapter
350319439041020,Tsayatoh Chapter
350319440001422,Littlewater Chapter
350319439071225,Tsayatoh Chapter
350319440002279,Ojo Encino Chapter
350319460031239,Baca Chapter
350319436011141,Church Rock Chapter
350319435001407,Crownpoint Chapter
350319439051216,Chi Chil Tah Chapter
350319436021005,Mariano Lake Chapter
350319439051297,Manuelito Chapter
350319435001291,Becenti Chapter
350319440002202,White Horse Lake Chapter
350019406021038,Cañoncito Chapter
350439409002142,Torreon Chapter
350439409001161,Counselor Chapter
350439409001030,Counselor Chapter
350459428033008,Shiprock Chapter
350459428022000,Shiprock Chapter
350459432013093,Huerfano Chapter
350459429005073,Tsaile-Wheatfields Chapter
350459430003087,Burnham Chapter
350459432013549,Huerfano Chapter
350459428013109,Shiprock Chapter
350459429004035,Newcomb Chapter
350539400001116,Alamo Chapter
350459429005012,Two Grey Hills Chapter
350459429001099,Red Valley Chapter
350459432012550,Nageezi Chapter
350069458002204,Ramah Chapter
350459428013007,Teec Nos Pos Chapter
350459432013536,Huerfano Chapter
350459429005085,Two Grey Hills Chapter
350069458001327,Ramah Chapter
350459431001049,Naschitti Chapter
350459429004010,Newcomb Chapter
350459428024016,Shiprock Chapter
350459429004091,Two Grey Hills Chapter
350459429004107,Two Grey Hills Chapter
350459431001107,Naschitti Chapter
350459432012122,Nageezi Chapter
350459429005050,Tsaile-Wheatfields Chapter
350459429002130,Sanostee Chapter
350459429002149,Sanostee Chapter
350459429003014,Sanostee Chapter
350459431002055,Sheep Springs Chapter
350459429006041,Sheep Springs Chapter
350459432012131,Nageezi Chapter
350459430002134,Nenahnezad/San Juan Chapter
350459430002006,Nenahnezad/San Juan Chapter
350459430003016,Fruitland Chapter
350459432013250,Huerfano Chapter
350459430003029,Nenahnezad/San Juan Chapter
350459431002028,Naschitti Chapter
350459428012009,Gadii'ahi Chapter
350459428013251,Shiprock Chapter
350459429002145,Sanostee Chapter
350459428013187,Shiprock Chapter
350459429001079,Sanostee Chapter
350459429005094,Newcomb Chapter
350459432013191,Huerfano Chapter
350459429002150,Sanostee Chapter
350459430003046,Nenahnezad/San Juan Chapter
350319457011035,Bread Springs Chapter
350319436011072,Church Rock Chapter
350459432012661,Huerfano Chapter
350319435002071,Crownpoint Chapter
350319439071529,Tsayatoh Chapter
350459431001073,Naschitti Chapter
350459430001052,Fruitland Chapter
350459432013469,Huerfano Chapter
350459430003133,Burnham Chapter
350459430002028,Nenahnezad/San Juan Chapter
350319440002187,Pueblo Pintado Chapter
350319436011055,Church Rock Chapter
350319440001054,White Horse Lake Chapter
350319457011135,Chi Chil Tah Chapter
350319436023019,Mariano Lake Chapter
350319436022029,Iyanbito Chapter
350439409001247,Counselor Chapter
350319436021076,Thoreau Chapter
350319436013007,Pinedale Chapter
350319435001155,White Horse Lake Chapter
350459432013148,Huerfano Chapter
350319436022076,Iyanbito Chapter
350319438022130,Mexican Springs Chapter
350319436023131,Smith Lake Chapter
350319457011093,Bread Springs Chapter
350430109002933,Cañoncito Chapter
350319460031114,Baca Chapter
350319435001098,Lake Valley Chapter
350319438022023,Tohatchi Chapter
350319439071392,Manuelito Chapter
350319460031230,Baca Chapter
350319436013028,Pinedale Chapter
350319460011021,Thoreau Chapter
350319439071026,Tsayatoh Chapter
350319437011049,Tohatchi Chapter
350319435001345,Becenti Chapter
350319435003008,Crownpoint Chapter
350319460032068,Smith Lake Chapter
350319437021080,Nahodishgish Chapter
350319460032014,Littlewater Chapter
350319439051229,Manuelito Chapter
350319439061000,Church Rock Chapter
350319439061166,Rock Springs Chapter
350319457021222,Chi Chil Tah Chapter
350319440001151,White Horse Lake Chapter
350319437021144,Nahodishgish Chapter
350319436023034,Mariano Lake Chapter
350319436023135,Smith Lake Chapter
350319436023155,Mariano Lake Chapter
350319439071472,Manuelito Chapter
350319440001156,White Horse Lake Chapter
350319439042011,Red Rock Chapter
350319439051032,Red Rock Chapter
350319440001216,White Horse Lake Chapter
350319439071181,Tsayatoh Chapter
350319439042038,Red Rock Chapter
350319439071488,Manuelito Chapter
350319439071241,Tsayatoh Chapter
350319457021093,Chi Chil Tah Chapter
350319438032053,Fort Defiance Chapter
350319436013117,Iyanbito Chapter
350319435001308,Becenti Chapter
350319439051096,Manuelito Chapter
350319435001388,Littlewater Chapter
350319440002072,Pueblo Pintado Chapter
350319440001040,White Horse Lake Chapter
350459432012295,White Rock Chapter
350459432012468,Lake Valley Chapter
350459432012471,Lake Valley Chapter
350459429001028,Red Valley Chapter
350459432014196,Huerfano Chapter
350459432012162,Huerfano Chapter
350459432014168,Huerfano Chapter
350459430003146,Burnham Chapter
350459430003166,Burnham Chapter
350459430003201,White Rock Chapter
350459432012276,White Rock Chapter
350459432013345,Huerfano Chapter
350069458002027,Ramah Chapter
350459429002001,Sanostee Chapter
350069747015051,Baca Chapter
350069458001069,Ramah Chapter
350069458001135,Ramah Chapter
350459428013276,Sanostee Chapter
350459430001014,Fruitland Chapter
350459432012199,Huerfano Chapter
350459432012541,Nageezi Chapter
350459429003025,Two Grey Hills Chapter
350459432012384,Lake Valley Chapter
350459432013388,Huerfano Chapter
350459428012120,Gadii'ahi Chapter
350459432013383,Huerfano Chapter
350459432013042,Huerfano Chapter
350459429004103,Two Grey Hills Chapter
350459432014197,Huerfano Chapter
350459432013541,Huerfano Chapter
350459429002039,Sanostee Chapter
350069458002231,Ramah Chapter
350069458002140,Ramah Chapter
350459428013209,Hogback Chapter
350459432013237,Huerfano Chapter
350459432014246,Nageezi Chapter
350459432013263,Huerfano Chapter
350459430003009,Fruitland Chapter
350459428013227,Hogback Chapter
350459430001005,Fruitland Chapter
350069458002259,Ramah Chapter
350069458002235,Ramah Chapter
350459428012088,Gadii'ahi Chapter
350459428012118,Gadii'ahi Chapter
350459432012262,White Rock Chapter
350459432012446,White Rock Chapter
350319435003004,Crownpoint Chapter
350459431001070,Naschitti Chapter
350459431002167,Naschitti Chapter
350459432014358,Nageezi Chapter
350459431001106,Naschitti Chapter
350319435003011,Crownpoint Chapter
350319460031227,Baca Chapter
350319439051396,Red Rock Chapter
350319460011017,Thoreau Chapter
350319460032059,Smith Lake Chapter
350459429002011,Sanostee Chapter
350319437022022,Coyote Canyon Chapter
350319437022068,Coyote Canyon Chapter
350319438021052,Tohatchi Chapter
350319440002156,Pueblo Pintado Chapter
350319440002267,Ojo Encino Chapter
350319440002133,Ojo Encino Chapter
350319439061256,Rock Springs Chapter
350319439051149,Red Rock Chapter
350319439051014,Tsayatoh Chapter
350319440001069,White Horse Lake Chapter
350319460032071,Smith Lake Chapter
350319435001220,Becenti Chapter
350399410002722,Counselor Chapter
350459431002012,Naschitti Chapter
350439409001141,Counselor Chapter
350319435001515,Becenti Chapter
350319437011045,Tohatchi Chapter
350319436012002,Pinedale Chapter
350319439071380,Manuelito Chapter
350319440001644,White Horse Lake Chapter
350319460011054,Thoreau Chapter
350459432013013,Huerfano Chapter
350439409001138,Counselor Chapter
350319436022005,Mariano Lake Chapter
350319435001301,Becenti Chapter
350319460011051,Thoreau Chapter
350319440002296,Torreon Chapter
350319440002286,Ojo Encino Chapter
350319440002284,Ojo Encino Chapter
350319439051178,Red Rock Chapter
350319436011134,Church Rock Chapter
350319440001590,Littlewater Chapter
350319440001467,Littlewater Chapter
350319436021095,Mariano Lake Chapter
350319439061121,Rock Springs Chapter
350319435001207,Becenti Chapter
350319438022087,Mexican Springs Chapter
350319435002073,Crownpoint Chapter
350319439051252,Manuelito Chapter
350319439071237,Tsayatoh Chapter
350319439071366,Tsayatoh Chapter
350319439071409,Tsayatoh Chapter
350319436023161,Mariano Lake Chapter
350319439071393,Manuelito Chapter
350319439051122,Manuelito Chapter
350439409002100,Torreon Chapter
350319439071506,Manuelito Chapter
350319436011116,Church Rock Chapter
350319439051202,Bread Springs Chapter
350319436023011,Crownpoint Chapter
350319439061011,Church Rock Chapter
350319439032074,Bread Springs Chapter
350319436013027,Pinedale Chapter
350319440002273,Ojo Encino Chapter
350319457021139,Chi Chil Tah Chapter
350319439061117,Rock Springs Chapter
350319439071239,Tsayatoh Chapter
350319439071299,Tsayatoh Chapter
350319438021058,Tohatchi Chapter
350319436013058,Pinedale Chapter
350319438032039,Fort Defiance Chapter
350319439032057,Church Rock Chapter
350319460011076,Thoreau Chapter
350319439061104,Rock Springs Chapter
350319436021001,Mariano Lake Chapter
350319437022038,Coyote Canyon Chapter
350019406021096,Cañoncito Chapter
350319440001028,White Horse Lake Chapter
350459431002161,Naschitti Chapter
350459429001042,Red Valley Chapter
350459429002166,Sanostee Chapter
350459430003142,Burnham Chapter
350459429005007,Two Grey Hills Chapter
350459432012019,Huerfano Chapter
350459432013393,Huerfano Chapter
350459432012120,Nageezi Chapter
350459430003200,White Rock Chapter
350069458001304,Ramah Chapter
350069458002039,Ramah Chapter
350459429005110,Sheep Springs Chapter
350459430003092,Burnham Chapter
350459430003102,Burnham Chapter
350069458001277,Ramah Chapter
350459428021019,Shiprock Chapter
350459428024031,Shiprock Chapter
350459432014313,Nageezi Chapter
350459429001098,Red Valley Chapter
350069458001390,Ramah Chapter
350459430003188,Burnham Chapter
350459431002079,Crystal Chapter
350459432012423,Lake Valley Chapter
350459432013524,Huerfano Chapter
350069458001032,Ramah Chapter
350459429005091,Newcomb Chapter
350459432013425,Huerfano Chapter
350459430003176,Burnham Chapter
350459428013223,Shiprock Chapter
350459430001044,Fruitland Chapter
350459431001074,Naschitti Chapter
350459430002033,Nenahnezad/San Juan Chapter
350459428013238,Hogback Chapter
350459428013105,Shiprock Chapter
350459428021023,Shiprock Chapter
350459432013118,Huerfano Chapter
350459428013292,Red Valley Chapter
350459432013000,Huerfano Chapter
350319457011028,Chi Chil Tah Chapter
350319436021097,Smith Lake Chapter
350319435002080,Crownpoint Chapter
350319436012043,Pinedale Chapter
350439409001336,Counselor Chapter
350459430003131,Burnham Chapter
350319435001206,Becenti Chapter
350319436012048,Pinedale Chapter
350459428013208,Hogback Chapter
350459430003045,Fruitland Chapter
350459431002042,Naschitti Chapter
350459428011000,Hogback Chapter
350459431002097,Crystal Chapter
350539400001078,Alamo Chapter
350319437022016,Coyote Canyon Chapter
350319435003028,Crownpoint Chapter
350319460021081,Baca Chapter
350319440002211,Pueblo Pintado Chapter
350319460032162,Thoreau Chapter
350319457021110,Chi Chil Tah Chapter
350319436022006,Mariano Lake Chapter
350319437012063,Twin Lakes Chapter
350319457021149,Chi Chil Tah Chapter
350439409001300,Counselor Chapter
350319435001195,Becenti Chapter
350319437022097,Coyote Canyon Chapter
350319460031323,Casamero Lake Chapter
350319435001432,Crownpoint Chapter
350319435001271,Becenti Chapter
350459432013011,Huerfano Chapter
350459432012097,Huerfano Chapter
350459432013072,Huerfano Chapter
350319436022053,Iyanbito Chapter
350459428012038,Gadii'ahi Chapter
350439409002184,Torreon Chapter
350439409002025,Torreon Chapter
350319440002310,Torreon Chapter
350319437021102,Nahodishgish Chapter
350319436023140,Smith Lake Chapter
350439409001302,Counselor Chapter
350319439031004,Bread Springs Chapter
350319436022116,Mariano Lake Chapter
350319438032036,Fort Defiance Chapter
350319457011045,Bread Springs Chapter
350319439051375,Chi Chil Tah Chapter
350319436012067,Pinedale Chapter
350319436012154,Iyanbito Chapter
350319440002141,Torreon Chapter
350319438022042,Mexican Springs Chapter
350319435001061,Lake Valley Chapter
350319460032042,Smith Lake Chapter
350319439071262,Tsayatoh Chapter
350439409002077,Torreon Chapter
350319438022165,Mexican Springs Chapter
350319439071328,Tsayatoh Chapter
350319439071390,Manuelito Chapter
350319439031106,Bread Springs Chapter
350319435001405,Crownpoint Chapter
350319457011094,Chi Chil Tah Chapter
350319437021006,Standing Rock Chapter
350319439051214,Chi Chil Tah Chapter
350319435001211,Becenti Chapter
350319435001115,Becenti Chapter
350319439042013,Red Rock Chapter
350319436021018,Mariano Lake Chapter
350319438022029,Crystal Chapter
350319439071457,Tsayatoh Chapter
350319435001173,White Horse Lake Chapter
350319436012044,Pinedale Chapter
350319440001224,White Horse Lake Chapter
350319440001225,White Horse Lake Chapter
350439409001269,Counselor Chapter
350439409001270,Counselor Chapter
350319439051155,Red Rock Chapter
350319439051192,Red Rock Chapter
350319457021105,Chi Chil Tah Chapter
350319437021038,Standing Rock Chapter
350319440001072,White Horse Lake Chapter
350319439042007,Red Rock Chapter
350319435002053,Crownpoint Chapter
350319435001334,Becenti Chapter
350319440002064,Pueblo Pintado Chapter
350319460011098,Thoreau Chapter
350319438022016,Tohatchi Chapter
350019406021058,Cañoncito Chapter
350459429006016,Two Grey Hills Chapter
350459431001103,Naschitti Chapter
350459431002189,Naschitti Chapter
350459428012182,Gadii'ahi Chapter
350459429002095,Sanostee Chapter
350459429004076,Sheep Springs Chapter
350459431001036,Naschitti Chapter
350459429006021,Sheep Springs Chapter
350459429001089,Sanostee Chapter
350459432014319,Nageezi Chapter
350459430003095,Burnham Chapter
350069458002099,Ramah Chapter
350069458001116,Ramah Chapter
350459429001095,Sanostee Chapter
350459429001044,Red Valley Chapter
350069458002072,Ramah Chapter
350069458001145,Ramah Chapter
350459432014219,Nageezi Chapter
350459432012158,Huerfano Chapter
350459429002106,Newcomb Chapter
350069458001281,Ramah Chapter
350459428012171,Shiprock Chapter
350459431002053,Sheep Springs Chapter
350459432014187,Huerfano Chapter
350459429005066,Two Grey Hills Chapter
350459428012121,Gadii'ahi Chapter
350459432013169,Huerfano Chapter
350459429003064,Sanostee Chapter
350459431001063,Naschitti Chapter
350459431002173,Naschitti Chapter
350459430002009,Nenahnezad/San Juan Chapter
350459432013265,Huerfano Chapter
350459431002023,Naschitti Chapter
350459432012392,Lake Valley Chapter
350459429001020,Shiprock Chapter
350069458002127,Ramah Chapter
350069458001175,Ramah Chapter
350459430001063,Fruitland Chapter
350459430002007,Nenahnezad/San Juan Chapter
350459429002000,Nenahnezad/San Juan Chapter
350319436021084,Mariano Lake Chapter
350319440002343,Torreon Chapter
350459431001082,Naschitti Chapter
350319437021101,Nahodishgish Chapter
350319436023154,Smith Lake Chapter
350319436011086,Church Rock Chapter
350319435002052,Crownpoint Chapter
350459430002105,Nenahnezad/San Juan Chapter
350459432012224,Huerfano Chapter
350319440001565,Casamero Lake Chapter
350459432012634,White Rock Chapter
350459431001096,Naschitti Chapter
350459430001064,Fruitland Chapter
350459428013032,Beclabito Chapter
350459430003106,Fruitland Chapter
350319438022138,Twin Lakes Chapter
350319437012041,Twin Lakes Chapter
350319437022110,Coyote Canyon Chapter
350319457011110,Chi Chil Tah Chapter
350319439071009,Rock Springs Chapter
350319439071415,Manuelito Chapter
350319457021155,Chi Chil Tah Chapter
350439409001301,Counselor Chapter
350019406021072,Cañoncito Chapter
350319435001231,Becenti Chapter
350319435001239,Becenti Chapter
350319457021186,Chi Chil Tah Chapter
350319435001269,Becenti Chapter
350439409002179,Torreon Chapter
350319436011061,Church Rock Chapter
350459430002065,Nenahnezad/San Juan Chapter
350459428012183,Gadii'ahi Chapter
350319438022108,Mexican Springs Chapter
350319436012039,Pinedale Chapter
350319460032173,Crownpoint Chapter
350319439031069,Bread Springs Chapter
350439409001061,Counselor Chapter
350319439071396,Manuelito Chapter
350319439051284,Manuelito Chapter
350319435002008,Crownpoint Chapter
350319440002271,Ojo Encino Chapter
350319439071300,Tsayatoh Chapter
350319437021008,Standing Rock Chapter
350319440001241,White Horse Lake Chapter
350319439061119,Rock Springs Chapter
350319439071248,Tsayatoh Chapter
350439409002044,Torreon Chapter
350319440001159,White Horse Lake Chapter
350319435001331,Becenti Chapter
350319435001459,Crownpoint Chapter
350319440001611,Mariano Lake Chapter
350319439071352,Tsayatoh Chapter
350439409002094,Torreon Chapter
350319435001253,Becenti Chapter
350319435001501,Becenti Chapter
350319438022013,Mexican Springs Chapter
350319439031030,Red Rock Chapter
350319439071339,Tsayatoh Chapter
350319460011012,Thoreau Chapter
350319438011033,Red Lake Chapter
350319438011011,Red Lake Chapter
350319437011023,Tohatchi Chapter
350319439061159,Rock Springs Chapter
350319439071258,Tsayatoh Chapter
350319439042042,Red Rock Chapter
350319457021182,Chi Chil Tah Chapter
350319436022051,Iyanbito Chapter
350319460011062,Thoreau Chapter
350319439042036,Red Rock Chapter
350319436021041,Pinedale Chapter
350319437021040,Standing Rock Chapter
350319440001485,Littlewater Chapter
350319435001327,Becenti Chapter
350319439051232,Manuelito Chapter
350399410002829,Nageezi Chapter
350459428031006,Shiprock Chapter
350459432012495,White Rock Chapter
350459431002128,Naschitti Chapter
350459429006018,Sheep Springs Chapter
350539400001129,Alamo Chapter
350459432014236,Nageezi Chapter
350459429002067,Sanostee Chapter
350069458001207,Ramah Chapter
350459432012315,White Rock Chapter
350459430003098,Burnham Chapter
350459431002059,Two Grey Hills Chapter
350459428024025,Shiprock Chapter
350459432013550,Huerfano Chapter
350459429004005,Newcomb Chapter
350459428012048,Gadii'ahi Chapter
350459428013014,Beclabito Chapter
350459432014316,Nageezi Chapter
350459428013186,Shiprock Chapter
350459432012140,Nageezi Chapter
350459429004099,Two Grey Hills Chapter
350459432012061,Nageezi Chapter
350459429003063,Sanostee Chapter
350459431002182,Naschitti Chapter
350459432013049,Huerfano Chapter
350459432012051,Nageezi Chapter
350459431001021,White Rock Chapter
350459431002045,Naschitti Chapter
350459432012320,Lake Valley Chapter
350459431002063,Two Grey Hills Chapter
350069458001368,Ramah Chapter
350459429005020,Two Grey Hills Chapter
350459428013261,Shiprock Chapter
350459429002143,Sanostee Chapter
350459429001073,Sanostee Chapter
350459429004055,Newcomb Chapter
350459428013138,Shiprock Chapter
350069458001242,Ramah Chapter
350459428012111,Gadii'ahi Chapter
350459428012164,Hogback Chapter
350459432012252,White Rock Chapter
350459432014310,Nageezi Chapter
350459428013295,Beclabito Chapter
350319460021045,Baca Chapter
350319439042064,Red Rock Chapter
350319457021079,Manuelito Chapter
350459428033012,Shiprock Chapter
350319438031000,Twin Lakes Chapter
350459428023025,Hogback Chapter
350459431002001,Naschitti Chapter
350459430003114,Burnham Chapter
350459432013100,Huerfano Chapter
350319438031018,Twin Lakes Chapter
350319436012132,Church Rock Chapter
350319440002125,Ojo Encino Chapter
350539400001092,Alamo Chapter
350319440001487,Crownpoint Chapter
350319457011107,Chi Chil Tah Chapter
350319460032038,Smith Lake Chapter
350319440002138,Pueblo Pintado Chapter
350319436021116,Thoreau Chapter
350319437012046,Twin Lakes Chapter
350319440001510,Littlewater Chapter
350319435001315,Becenti Chapter
350319436022052,Iyanbito Chapter
350459428024018,Shiprock Chapter
350319435002077,Crownpoint Chapter
350319436013023,Pinedale Chapter
350319439031073,Red Rock Chapter
350319435001264,Becenti Chapter
350319438011010,Red Lake Chapter
350319437022059,Standing Rock Chapter
350319439061087,Rock Springs Chapter
350319439071051,Tsayatoh Chapter
350319438022170,Mexican Springs Chapter
350319439071492,Manuelito Chapter
350319439071290,Tsayatoh Chapter
350439409002081,Torreon Chapter
350019406021091,Cañoncito Chapter
350319440001132,White Horse Lake Chapter
350319436023057,Mariano Lake Chapter
350319439071378,Manuelito Chapter
350319439051270,Manuelito Chapter
350319437022030,Coyote Canyon Chapter
350319439071084,Tsayatoh Chapter
350319436023005,Crownpoint Chapter
350319439071342,Tsayatoh Chapter
350319457021246,Chi Chil Tah Chapter
350319437021138,Standing Rock Chapter
350319439071454,Tsayatoh Chapter
350019406022017,Cañoncito Chapter
350319437021058,Standing Rock Chapter
350319437021098,Nahodishgish Chapter
350319439071179,Tsayatoh Chapter
350319439051363,Manuelito Chapter
350319439042046,Red Rock Chapter
350319439071010,Rock Springs Chapter
350319439061026,Rock Springs Chapter
350319435002022,Crownpoint Chapter
350319439061053,Rock Springs Chapter
350319439051182,Red Rock Chapter
350319460032060,Smith Lake Chapter
350459429001097,Sanostee Chapter
350459429003035,Sanostee Chapter
350459432014255,Nageezi Chapter
350459428031009,Shiprock Chapter
350459429005095,Two Grey Hills Chapter
350459429004021,Newcomb Chapter
350539400001084,Alamo Chapter
350459432012523,Lake Valley Chapter
350459429005003,Newcomb Chapter
350069458001222,Ramah Chapter
350459432013531,Huerfano Chapter
350459432012290,White Rock Chapter
350459431002116,Crystal Chapter
350069458001253,Ramah Chapter
350459428011037,Hogback Chapter
350459432013471,Huerfano Chapter
350069458001383,Ramah Chapter
350459432013003,Huerfano Chapter
350459428012049,Gadii'ahi Chapter
350459429005096,Two Grey Hills Chapter
350459430003205,Burnham Chapter
350459432012431,White Rock Chapter
350459428012122,Gadii'ahi Chapter
350459432013174,Huerfano Chapter
350459428013044,Beclabito Chapter
350459429005024,Two Grey Hills Chapter
350459429005100,Two Grey Hills Chapter
350459432013268,Huerfano Chapter
350459432013456,Huerfano Chapter
350459429006022,Sheep Springs Chapter
350459430002071,Nenahnezad/San Juan Chapter
350459429005103,Two Grey Hills Chapter
350459430002087,Nenahnezad/San Juan Chapter
350459432013033,Huerfano Chapter
350459432013479,Huerfano Chapter
350459428013263,Shiprock Chapter
350459430003011,Fruitland Chapter
350459429001076,Red Valley Chapter
350459429001080,Red Valley Chapter
350069458001190,Ramah Chapter
350069458002017,Ramah Chapter
350459432014044,Huerfano Chapter
350319457011162,Chi Chil Tah Chapter
350319435001240,Becenti Chapter
350319731001038,Ramah Chapter
350319435001464,Crownpoint Chapter
350319436012074,Pinedale Chapter
350459432014173,Huerfano Chapter
350459428024012,Shiprock Chapter
350459430003181,Burnham Chapter
350319435001471,Crownpoint Chapter
350319436023080,Mariano Lake Chapter
350319439051144,Manuelito Chapter
350319436023082,Pinedale Chapter
350319460032064,Smith Lake Chapter
350319437011012,Tohatchi Chapter
350319457021071,Manuelito Chapter
350019406021068,Cañoncito Chapter
350459429002037,Shiprock Chapter
350459429002022,Sanostee Chapter
350459429002048,Sanostee Chapter
350319439061027,Rock Springs Chapter
350459431002121,Crystal Chapter
350319439031032,Red Rock Chapter
350319440001453,Littlewater Chapter
350319436011075,Church Rock Chapter
350319440002166,Pueblo Pintado Chapter
350319437012035,Twin Lakes Chapter
350319440002332,Torreon Chapter
350319438022180,Red Lake Chapter
350319435001203,Becenti Chapter
350319440001542,Casamero Lake Chapter
350319435001507,White Horse Lake Chapter
350319438022019,Mexican Springs Chapter
350319438022169,Mexican Springs Chapter
350319438011029,Red Lake Chapter
350459432013442,Huerfano Chapter
350459428012031,Gadii'ahi Chapter
350019406021094,Cañoncito Chapter
350439409001125,Counselor Chapter
350319439061051,Rock Springs Chapter
350319437022031,Coyote Canyon Chapter
350319435003015,Crownpoint Chapter
350319439051314,Chi Chil Tah Chapter
350319435001057,Lake Valley Chapter
350319438022149,Twin Lakes Chapter
350319440001127,White Horse Lake Chapter
350319436023120,Mariano Lake Chapter
350319460032100,Casamero Lake Chapter
350319440001623,Mariano Lake Chapter
350319440001417,Littlewater Chapter
350319438022106,Mexican Springs Chapter
350319437011055,Tohatchi Chapter
350439409001042,Counselor Chapter
350319438032005,Fort Defiance Chapter
350319436011093,Church Rock Chapter
350319438022156,Twin Lakes Chapter
350319457011048,Chi Chil Tah Chapter
350319460031245,Baca Chapter
350319435001071,Becenti Chapter
350319440001231,White Horse Lake Chapter
350319460011035,Thoreau Chapter
350319438032047,Fort Defiance Chapter
350319436011097,Church Rock Chapter
350319460032131,Smith Lake Chapter
350319436022002,Mariano Lake Chapter
350319460031138,Baca Chapter
350319435001110,Becenti Chapter
350319435001318,Becenti Chapter
350439409001153,Counselor Chapter
350439409002068,Torreon Chapter
350459432012488,White Rock Chapter
350459431001085,Naschitti Chapter
350459431002175,Naschitti Chapter
350539400001171,Alamo Chapter
350459432012403,Lake Valley Chapter
350459429002121,Sanostee Chapter
350459430003198,White Rock Chapter
350459429002056,Sanostee Chapter
350459428013025,Teec Nos Pos Chapter
350069458001318,Ramah Chapter
350459429003072,Sanostee Chapter
350069458002106,Ramah Chapter
350459432012366,Lake Valley Chapter
350459429005107,Two Grey Hills Chapter
350069458002052,Ramah Chapter
350069458002048,Ramah Chapter
350459430003189,Burnham Chapter
350069458002131,Ramah Chapter
350459432013180,Huerfano Chapter
350459429003050,Sanostee Chapter
350459431001059,Naschitti Chapter
350459432012251,White Rock Chapter
350069458001008,Ramah Chapter
350069458001034,Ramah Chapter
350069458001030,Ramah Chapter
350459432012230,White Rock Chapter
350459432013500,Huerfano Chapter
350459430002067,Nenahnezad/San Juan Chapter
350459432014354,Huerfano Chapter
350459431002021,Naschitti Chapter
350459428012016,Gadii'ahi Chapter
350459429002140,Sanostee Chapter
350459429001036,Red Valley Chapter
350459429004064,Newcomb Chapter
350069458001333,Ramah Chapter
350069458001288,Ramah Chapter
350459428013102,Shiprock Chapter
350459428022011,Shiprock Chapter
350459430003218,Burnham Chapter
350459432012297,White Rock Chapter
350319435002032,Crownpoint Chapter
350459431002133,Naschitti Chapter
350459431001060,Naschitti Chapter
350459428012102,Gadii'ahi Chapter
350459429003017,Sanostee Chapter
350319435003002,Crownpoint Chapter
350319460031229,Baca Chapter
350319457021255,Chi Chil Tah Chapter
350319436023139,Smith Lake Chapter
350319460032054,Smith Lake Chapter
350319438021024,Tohatchi Chapter
350459428013213,Hogback Chapter
350459431001079,Naschitti Chapter
350459432014329,Nageezi Chapter
350319460031251,Baca Chapter
350459429006066,Sheep Springs Chapter
350459432014268,Nageezi Chapter
350459428012131,Hogback Chapter
350459430002126,Nenahnezad/San Juan Chapter
350459430002115,Nenahnezad/San Juan Chapter
350539400001115,Alamo Chapter
350019406021008,Cañoncito Chapter
350319457021039,Chi Chil Tah Chapter
350399410002828,Nageezi Chapter
350539400001013,Alamo Chapter
350319439042004,Red Rock Chapter
350319435003026,Crownpoint Chapter
350319457011049,Chi Chil Tah Chapter
350319457011111,Chi Chil Tah Chapter
350319439071021,Rock Springs Chapter
350319439051020,Tsayatoh Chapter
350319438032025,Fort Defiance Chapter
350019406021073,Cañoncito Chapter
350319435001026,Lake Valley Chapter
350319439042051,Red Rock Chapter
350319460031204,Baca Chapter
350319438021011,Tohatchi Chapter
350459432013135,Huerfano Chapter
350319436021056,Smith Lake Chapter
350319460011105,Thoreau Chapter
350319435001363,Littlewater Chapter
350319460011113,Thoreau Chapter
350319439051195,Red Rock Chapter
350319439041009,Red Rock Chapter
350319439041033,Red Rock Chapter
350319438022077,Mexican Springs Chapter
350319439071450,Tsayatoh Chapter
350319435001520,Becenti Chapter
350319438022177,Crystal Chapter
350319437021014,Coyote Canyon Chapter
350319439051076,Tsayatoh Chapter
350319435001474,Becenti Chapter
350319439051221,Red Rock Chapter
350319438031002,Twin Lakes Chapter
350439409002063,Torreon Chapter
350439409002089,Torreon Chapter
350439409001064,Counselor Chapter
350319440001637,White Horse Lake Chapter
350319437021110,Nahodishgish Chapter
350319435001447,Littlewater Chapter
350319438022014,Tohatchi Chapter
350319439051019,Tsayatoh Chapter
350319440002124,Ojo Encino Chapter
350319438032052,Fort Defiance Chapter
350319436022108,Iyanbito Chapter
350319440001005,White Horse Lake Chapter
350319439061115,Rock Springs Chapter
350319440002117,Ojo Encino Chapter
350319439071276,Tsayatoh Chapter
350319439071253,Tsayatoh Chapter
350319436013069,Pinedale Chapter
350319435001106,Becenti Chapter
350319435001072,Becenti Chapter
350319457021128,Chi Chil Tah Chapter
350319439071365,Tsayatoh Chapter
350319436013060,Pinedale Chapter
350319440002036,Pueblo Pintado Chapter
350319440002285,Ojo Encino Chapter
350319435001105,Becenti Chapter
350319437022018,Coyote Canyon Chapter
350319435001337,Becenti Chapter
350319440001447,Littlewater Chapter
350319435001389,Littlewater Chapter
350019406021011,Cañoncito Chapter
350319436011164,Pinedale Chapter
350319438032016,Fort Defiance Chapter
350459429001100,Red Valley Chapter
350459432014278,Nageezi Chapter
350459432014083,Huerfano Chapter
350459432012511,Lake Valley Chapter
350459432012501,White Rock Chapter
350459432012300,White Rock Chapter
350459430003112,Burnham Chapter
350459432012009,Nageezi Chapter
350459432014195,Huerfano Chapter
350459430003204,White Rock Chapter
350459432012275,White Rock Chapter
350459432012211,Huerfano Chapter
350459429002040,Sanostee Chapter
350459429003030,Sanostee Chapter
350069458001331,Ramah Chapter
350459428013003,Teec Nos Pos Chapter
350459432013249,Huerfano Chapter
350459429004003,Newcomb Chapter
350459428032013,Shiprock Chapter
350459428012064,Gadii'ahi Chapter
350459431001002,Burnham Chapter
350069458001063,Ramah Chapter
350539400001131,Alamo Chapter
350459431001078,Naschitti Chapter
350459432013463,Huerfano Chapter
350459432012237,Huerfano Chapter
350459430001042,Fruitland Chapter
350459428013002,Teec Nos Pos Chapter
350459429003070,Two Grey Hills Chapter
350459432012389,Lake Valley Chapter
350459428013034,Beclabito Chapter
350459428013085,Beclabito Chapter
350459428013237,Hogback Chapter
350459430003165,Burnham Chapter
350459428013126,Beclabito Chapter
350069747013145,Ramah Chapter
350319435002070,Crownpoint Chapter
350319436011162,Pinedale Chapter
350459431001080,Naschitti Chapter
350459432012544,Nageezi Chapter
350459428013056,Beclabito Chapter
350459428022012,Shiprock Chapter
350459431002110,Crystal Chapter
350319439071408,Tsayatoh Chapter
350459432013002,Huerfano Chapter
350459432012357,Lake Valley Chapter
350319439061030,Rock Springs Chapter
350319437012056,Twin Lakes Chapter
350459432012113,Huerfano Chapter
350459431001054,Naschitti Chapter
350319437011068,Tohatchi Chapter
350459432012556,Nageezi Chapter
350019406021013,Cañoncito Chapter
350319437022036,Coyote Canyon Chapter
350319436012059,Church Rock Chapter
350319457021145,Chi Chil Tah Chapter
350319439071029,Tsayatoh Chapter
350319440001055,White Horse Lake Chapter
350319460032053,Crownpoint Chapter
350319460032021,Crownpoint Chapter
350319457021214,Chi Chil Tah Chapter
350319440002168,Pueblo Pintado Chapter
350319460032107,Casamero Lake Chapter
350319439051059,Red Rock Chapter
350319440001104,White Horse Lake Chapter
350319440001556,Casamero Lake Chapter
350319435002078,Crownpoint Chapter
350319460031122,Thoreau Chapter
350319438011015,Red Lake Chapter
350459432013136,Huerfano Chapter
350459432013443,Huerfano Chapter
350459432013260,Huerfano Chapter
350319438022093,Mexican Springs Chapter
350319438022078,Mexican Springs Chapter
350319436013127,Iyanbito Chapter
350319435001213,Becenti Chapter
350459432013026,Huerfano Chapter
350319439061033,Rock Springs Chapter
350319439031083,Bread Springs Chapter
350319460012003,Thoreau Chapter
350319457011068,Bread Springs Chapter
350319460032163,Thoreau Chapter
350319439042075,Red Rock Chapter
350319435001259,Becenti Chapter
350319439071106,Tsayatoh Chapter
350319435001102,Lake Valley Chapter
350319436021038,Iyanbito Chapter
350319437012001,Coyote Canyon Chapter
350319440002189,White Horse Lake Chapter
350319435001419,Crownpoint Chapter
350319436021077,Thoreau Chapter
350439409002079,Torreon Chapter
350439409002132,Torreon Chapter
350319439031088,Bread Springs Chapter
350319440001129,White Horse Lake Chapter
350319437021114,Nahodishgish Chapter
350319437021120,Nahodishgish Chapter
350319435002047,Crownpoint Chapter
350319435001409,Crownpoint Chapter
350319437022082,Mexican Springs Chapter
350319439071371,Tsayatoh Chapter
350319437021071,Standing Rock Chapter
350319439051269,Manuelito Chapter
350319435001340,Becenti Chapter
350319457011001,Bread Springs Chapter
350319436021111,Mariano Lake Chapter
350319439071343,Tsayatoh Chapter
350319438022027,Mexican Springs Chapter
350319438022049,Mexican Springs Chapter
350319460032158,Thoreau Chapter
350319436012160,Iyanbito Chapter
350439409002074,Torreon Chapter
350319439071108,Tsayatoh Chapter
350319438032029,Fort Defiance Chapter
350319439071260,Tsayatoh Chapter
350319436022028,Iyanbito Chapter
350319439051316,Chi Chil Tah Chapter
350319438022098,Mexican Springs Chapter
350319440002278,Ojo Encino Chapter
350319435001344,Becenti Chapter
350319439071180,Tsayatoh Chapter
350319435001048,Lake Valley Chapter
350319435001263,Becenti Chapter
350319438011000,Mexican Springs Chapter
350319440001043,White Horse Lake Chapter
350319457021131,Chi Chil Tah Chapter
350019406021077,Cañoncito Chapter
350439409002167,Torreon Chapter
350459429001041,Red Valley Chapter
350459431001104,Naschitti Chapter
350459432012450,White Rock Chapter
350459428032008,Shiprock Chapter
350459432014227,Nageezi Chapter
350459429001045,Red Valley Chapter
350459430003223,Burnham Chapter
350459429002125,Sanostee Chapter
350459430003143,Burnham Chapter
350459432012421,Lake Valley Chapter
350459432013406,Huerfano Chapter
350459430003171,Burnham Chapter
350459432014309,Nageezi Chapter
350459432014299,Nageezi Chapter
350459432014214,Nageezi Chapter
350459428013073,Beclabito Chapter
350459429006003,Sheep Springs Chapter
350459429001107,Sanostee Chapter
350069458001251,Ramah Chapter
350459430003144,Burnham Chapter
350459428012039,Gadii'ahi Chapter
350459428012052,Gadii'ahi Chapter
350459428023017,Shiprock Chapter
350459428011012,Shiprock Chapter
350459431001100,Naschitti Chapter
350069458002200,Ramah Chapter
350459432012135,Nageezi Chapter
350459429002135,Sanostee Chapter
350459429006062,Sheep Springs Chapter
350459432013483,Huerfano Chapter
350459432014291,Nageezi Chapter
350459430002142,Burnham Chapter
350459429001007,Red Valley Chapter
350459432013444,Huerfano Chapter
350459428013188,Shiprock Chapter
350459430002061,Nenahnezad/San Juan Chapter
350459430003050,Nenahnezad/San Juan Chapter
350459428013197,Shiprock Chapter
350459430003007,Fruitland Chapter
350459429004015,Newcomb Chapter
350459429004054,Newcomb Chapter
350459429004012,Newcomb Chapter
350069458001335,Ramah Chapter
350069458002026,Ramah Chapter
350069458002125,Ramah Chapter
350069458001250,Ramah Chapter
350459428012020,Gadii'ahi Chapter
350459428022018,Shiprock Chapter
350459428012077,Gadii'ahi Chapter
350459429004084,Sanostee Chapter
350319436021086,Mariano Lake Chapter
350319436012078,Church Rock Chapter
350319457021056,Manuelito Chapter
350319436023053,Mariano Lake Chapter
350319436023138,Smith Lake Chapter
350459430003024,Fruitland Chapter
350459428024017,Shiprock Chapter
350319438031027,Twin Lakes Chapter
350459430003034,Fruitland Chapter
350319440002214,White Horse Lake Chapter
350319437021003,Standing Rock Chapter
350319439041038,Red Rock Chapter
350319436013035,Pinedale Chapter
350319437022037,Coyote Canyon Chapter
350539400001010,Alamo Chapter
350319460032153,Thoreau Chapter
350319457011171,Chi Chil Tah Chapter
350319460011018,Thoreau Chapter
350319440002121,Ojo Encino Chapter
350319437011011,Tohatchi Chapter
350319437011074,Mexican Springs Chapter
350319435001190,Becenti Chapter
350319439031014,Bread Springs Chapter
350319435002013,Crownpoint Chapter
350319460032129,Smith Lake Chapter
350319440001406,Littlewater Chapter
350319440001508,Littlewater Chapter
350319439031064,Bread Springs Chapter
350459432013110,Huerfano Chapter
350319436011058,Church Rock Chapter
350319460031236,Baca Chapter
350430109002942,Cañoncito Chapter
350319436021068,Mariano Lake Chapter
350319436013011,Pinedale Chapter
350319438021027,Tohatchi Chapter
350319439071482,Manuelito Chapter
350319440001158,White Horse Lake Chapter
350319436021060,Mariano Lake Chapter
350319438021055,Tohatchi Chapter
350319439071104,Tsayatoh Chapter
350319438022053,Mexican Springs Chapter
350319437022032,Coyote Canyon Chapter
350319436011040,Pinedale Chapter
350319437022065,Coyote Canyon Chapter
350319460021046,Baca Chapter
350319437021113,Nahodishgish Chapter
350319436011135,Church Rock Chapter
350319435003044,Crownpoint Chapter
350319731001032,Ramah Chapter
350319438022153,Twin Lakes Chapter
350319436012007,Pinedale Chapter
350319437021147,Standing Rock Chapter
350319436011087,Church Rock Chapter
350319435001223,Becenti Chapter
350319438022033,Mexican Springs Chapter
350319435001335,Becenti Chapter
350439409001294,Counselor Chapter
350319436011064,Church Rock Chapter
350319438032034,St. Michaels Chapter
350319439071196,Tsayatoh Chapter
350319437021067,Standing Rock Chapter
350319460031170,Baca Chapter
350319436022018,Iyanbito Chapter
350319435001446,Littlewater Chapter
350319436023090,Pinedale Chapter
350319436011112,Church Rock Chapter
350319436022045,Iyanbito Chapter
350319438031023,Twin Lakes Chapter
350319438032042,Fort Defiance Chapter
350319440001448,Littlewater Chapter
350319438022129,Mexican Springs Chapter
350319436012153,Iyanbito Chapter
350319435001314,Becenti Chapter
350319439051089,Tsayatoh Chapter
350319460011014,Thoreau Chapter
350019406021018,Cañoncito Chapter
350439409001163,Counselor Chapter
350459428012095,Gadii'ahi Chapter
350459428012006,Hogback Chapter
350459428032011,Shiprock Chapter
350459429002086,Sanostee Chapter
350459429002163,Sanostee Chapter
350459432012266,White Rock Chapter
350069458001229,Ramah Chapter
350459432012394,Lake Valley Chapter
350069458001326,Ramah Chapter
350459429006042,Sheep Springs Chapter
350459429002107,Newcomb Chapter
350459430001057,Fruitland Chapter
350459432014290,Nageezi Chapter
350459429003055,Sanostee Chapter
350459432014181,Huerfano Chapter
350459429005029,Two Grey Hills Chapter
350459429003062,Sanostee Chapter
350459429003015,Sanostee Chapter
350459430003042,Fruitland Chapter
350459431002049,Sheep Springs Chapter
350459430002013,Nenahnezad/San Juan Chapter
350459432013264,Huerfano Chapter
350459432012269,White Rock Chapter
350459430002112,Nenahnezad/San Juan Chapter
350459430002014,Nenahnezad/San Juan Chapter
350459430003043,Fruitland Chapter
350459432014274,Nageezi Chapter
350459432013328,Huerfano Chapter
350459428013154,Shiprock Chapter
350459428013260,Shiprock Chapter
350459432012616,Nageezi Chapter
350459429004052,Newcomb Chapter
350459428012098,Gadii'ahi Chapter
350069458002254,Ramah Chapter
350069458002083,Ramah Chapter
350459428023006,Shiprock Chapter
350459432012174,Huerfano Chapter
350459432013525,Huerfano Chapter
350319435003034,Crownpoint Chapter
350459431001069,Naschitti Chapter
350459432012611,Nageezi Chapter
350459432013314,Huerfano Chapter
350459432015066,Huerfano Chapter
350319436011159,Church Rock Chapter
350319460031058,Baca Chapter
350459430003048,Fruitland Chapter
350459429002052,Sanostee Chapter
350459429001084,Sanostee Chapter
350450005041057,Hogback Chapter
350459429002133,Sanostee Chapter
350459432012485,White Rock Chapter
350539400001154,Alamo Chapter
350459428024019,Shiprock Chapter
350459429002174,Nenahnezad/San Juan Chapter
350459428012015,Gadii'ahi Chapter
350319437012052,Twin Lakes Chapter
350319435001149,White Horse Lake Chapter
350319440001632,White Horse Lake Chapter
350319436013054,Pinedale Chapter
350319438021079,Tohatchi Chapter
350319435002079,Crownpoint Chapter
350319440001426,Littlewater Chapter
350319440001049,White Horse Lake Chapter
350319457021296,Chi Chil Tah Chapter
350319436022115,Mariano Lake Chapter
350319440002333,Torreon Chapter
350319437011003,Coyote Canyon Chapter
350319440002155,Pueblo Pintado Chapter
350319438021004,Tohatchi Chapter
350319460031083,Baca Chapter
350319460032091,Smith Lake Chapter
350319440001068,White Horse Lake Chapter
350319438022047,Mexican Springs Chapter
350459429001018,Red Valley Chapter
350459429001055,Red Valley Chapter
350459432013123,Huerfano Chapter
350459428033013,Shiprock Chapter
350319440002346,Torreon Chapter
350319436012100,Church Rock Chapter
350319439041026,Red Rock Chapter
350319460021103,Baca Chapter
350319438021015,Tohatchi Chapter
350319436012033,Pinedale Chapter
350319457021230,Chi Chil Tah Chapter
350319460031179,Baca Chapter
350319439042089,Red Rock Chapter
350319439071111,Tsayatoh Chapter
350319435001029,Lake Valley Chapter
350319437021012,Coyote Canyon Chapter
350319438011008,Mexican Springs Chapter
350319439032029,Church Rock Chapter
350319439051039,Red Rock Chapter
350319439071468,Manuelito Chapter
350319439051116,Manuelito Chapter
350439409002037,Torreon Chapter
350439409002076,Torreon Chapter
350319437021066,Standing Rock Chapter
350319436023055,Mariano Lake Chapter
350319435003045,Crownpoint Chapter
350319436013031,Pinedale Chapter
350319457011012,Bread Springs Chapter
350319435001461,Becenti Chapter
350319438022136,Mexican Springs Chapter
350019406022021,Cañoncito Chapter
350319439061150,Church Rock Chapter
350319457011041,Bread Springs Chapter
350319436013086,Pinedale Chapter
350319439032022,Church Rock Chapter
350319460031136,Baca Chapter
350319438022089,Mexican Springs Chapter
350319437012010,Twin Lakes Chapter
350319457021107,Chi Chil Tah Chapter
350319439061124,Rock Springs Chapter
350319439032009,Church Rock Chapter
350319439032020,Church Rock Chapter
350319437011056,Tohatchi Chapter
350319435001290,Becenti Chapter
350319439051121,Manuelito Chapter
350319436013034,Pinedale Chapter
350319440001498,Littlewater Chapter
350319439051322,Chi Chil Tah Chapter
350439409001047,Counselor Chapter
350459431002046,Naschitti Chapter
350459429002050,Sanostee Chapter
350459429002057,Sanostee Chapter
350459431002178,Naschitti Chapter
350459428012137,Hogback Chapter
350459428013145,Shiprock Chapter
350459431002022,Naschitti Chapter
350459428012112,Gadii'ahi Chapter
350459429001032,Red Valley Chapter
350459431002075,Crystal Chapter
350459432014059,Huerfano Chapter
350459429002079,Sanostee Chapter
350459430003136,Burnham Chapter
350459431001056,Naschitti Chapter
350459429002065,Sanostee Chapter
350459432013149,Huerfano Chapter
350459428012046,Gadii'ahi Chapter
350459428013129,Beclabito Chapter
350459430002089,Nenahnezad/San Juan Chapter
350459428032012,Shiprock Chapter
350459432012285,White Rock Chapter
350459429004001,Newcomb Chapter
350459432013403,Huerfano Chapter
350459428013038,Beclabito Chapter
350459428024021,Shiprock Chapter
350459431001025,Naschitti Chapter
350069458002237,Ramah Chapter
350459429005052,Sanostee Chapter
350459428012143,Hogback Chapter
350459430002057,Nenahnezad/San Juan Chapter
350459429002042,Sanostee Chapter
350459429002045,Sanostee Chapter
350459432013017,Huerfano Chapter
350459432013462,Huerfano Chapter
350459432013030,Huerfano Chapter
350459428013166,Shiprock Chapter
350459428013253,Shiprock Chapter
350459429001068,Red Valley Chapter
350459429004011,Newcomb Chapter
350459429004025,Newcomb Chapter
350069458001016,Ramah Chapter
350069458001328,Ramah Chapter
350459431002078,Crystal Chapter
350459432012236,White Rock Chapter
350459428012033,Gadii'ahi Chapter
350459431002040,Naschitti Chapter
350319440001175,White Horse Lake Chapter
350459431001062,Naschitti Chapter
350459428022009,Shiprock Chapter
350319435001414,Crownpoint Chapter
350319439051115,Manuelito Chapter
350459429002015,Sanostee Chapter
350459429002021,Sanostee Chapter
350459429002173,Sanostee Chapter
350459430001053,Fruitland Chapter
350459432012573,Nageezi Chapter
350459429002080,Sanostee Chapter
350459430003061,Fruitland Chapter
350459431001053,Naschitti Chapter
350459432012053,Nageezi Chapter
350319440001041,White Horse Lake Chapter
350319440001212,White Horse Lake Chapter
350319439051233,Manuelito Chapter
350539400001151,Alamo Chapter
350319439031059,Bread Springs Chapter
350319438031032,Twin Lakes Chapter
350319437022005,Coyote Canyon Chapter
350319438021020,Tohatchi Chapter
350319436022039,Iyanbito Chapter
350319436013003,Pinedale Chapter
350459428012174,Gadii'ahi Chapter
350319438022099,Mexican Springs Chapter
350319438022133,Twin Lakes Chapter
350319439031057,Bread Springs Chapter
350319437021000,Standing Rock Chapter
350319439051029,Red Rock Chapter
350319439071162,Tsayatoh Chapter
350319437012017,Twin Lakes Chapter
350319437012015,Twin Lakes Chapter
350319439032017,Church Rock Chapter
350319439061174,Rock Springs Chapter
350319439032036,Church Rock Chapter
350319460031029,Casamero Lake Chapter
350319436023014,Crownpoint Chapter
350319437022029,Coyote Canyon Chapter
350319460032119,Casamero Lake Chapter
350319438022116,Mexican Springs Chapter
350319436021071,Mariano Lake Chapter
350319457021070,Manuelito Chapter
350319436012042,Pinedale Chapter
350319436022008,Iyanbito Chapter
350319439031039,Red Rock Chapter
350319439051389,Red Rock Chapter
350319437021059,Standing Rock Chapter
350319436011114,Church Rock Chapter
350319439051326,Chi Chil Tah Chapter
350319436022031,Iyanbito Chapter
350319435001139,White Horse Lake Chapter
350319457021049,Chi Chil Tah Chapter
350319436013114,Iyanbito Chapter
350019406021082,Cañoncito Chapter
350319440001125,White Horse Lake Chapter
350319439061148,Rock Springs Chapter
350319435001328,Becenti Chapter
350319439071210,Tsayatoh Chapter
350319439032031,Church Rock Chapter
350319436012066,Church Rock Chapter
350319439051253,Manuelito Chapter
350319437011082,Twin Lakes Chapter
350459431001110,Naschitti Chapter
350459432012496,White Rock Chapter
350459428022001,Shiprock Chapter
350459432012400,Lake Valley Chapter
350459432013529,Huerfano Chapter
350459432013153,Huerfano Chapter
350459432012059,Nageezi Chapter
350069458001274,Ramah Chapter
350069458001209,Ramah Chapter
350069458001323,Ramah Chapter
350459430003096,Burnham Chapter
350459428011015,Hogback Chapter
350459430003186,Burnham Chapter
350459429004062,Newcomb Chapter
350069458002195,Ramah Chapter
350459432012273,White Rock Chapter
350069458001022,Ramah Chapter
350069458001349,Ramah Chapter
350459430003214,Burnham Chapter
350459432013387,Huerfano Chapter
350069458002054,Ramah Chapter
350459430003086,Burnham Chapter
350459428021032,Shiprock Chapter
350459429005082,Two Grey Hills Chapter
350459429004027,Two Grey Hills Chapter
350459429006034,Two Grey Hills Chapter
350459432013377,Huerfano Chapter
350459429001082,Sanostee Chapter
350459428024006,Shiprock Chapter
350459432012108,Nageezi Chapter
350459428021012,Shiprock Chapter
350459432012555,Nageezi Chapter
350319439071232,Tsayatoh Chapter
350319437021043,Standing Rock Chapter
350439409002110,Torreon Chapter
350319439051128,Manuelito Chapter
350319436012072,Church Rock Chapter
350319436011041,Church Rock Chapter
350319439042057,Red Rock Chapter
350459430002052,Nenahnezad/San Juan Chapter
350459429002012,Sanostee Chapter
350459428013232,Hogback Chapter
350459428013132,Beclabito Chapter
350459431002170,Naschitti Chapter
350459432012548,Nageezi Chapter
350459432015074,Huerfano Chapter
350459430003138,Burnham Chapter
350539400001136,Alamo Chapter
350459432012569,Nageezi Chapter
350459432012346,Lake Valley Chapter
350459432014104,Huerfano Chapter
350319437022024,Coyote Canyon Chapter
350319437022023,Coyote Canyon Chapter
350319457021101,Chi Chil Tah Chapter
350319440002302,Ojo Encino Chapter
350319440002169,Pueblo Pintado Chapter
350319435001439,Crownpoint Chapter
350319436011031,Pinedale Chapter
350319437012039,Twin Lakes Chapter
350319460021078,Baca Chapter
350319436023043,Mariano Lake Chapter
350319460032140,Smith Lake Chapter
350019406021055,Cañoncito Chapter
350319460021053,Baca Chapter
350319435002046,Crownpoint Chapter
350459430001030,Fruitland Chapter
350459432013126,Huerfano Chapter
350319437022106,Coyote Canyon Chapter
350319436012022,Church Rock Chapter
350319439071534,Tsayatoh Chapter
350439409002011,Torreon Chapter
350319436012084,Church Rock Chapter
350319460031043,Baca Chapter
350319437021048,Standing Rock Chapter
350319439041037,Red Rock Chapter
350319440001167,White Horse Lake Chapter
350319439071394,Manuelito Chapter
350319437022096,Coyote Canyon Chapter
350319437012027,Coyote Canyon Chapter
350319438022075,Mexican Springs Chapter
350319460032098,Casamero Lake Chapter
350319436023023,Mariano Lake Chapter
350319439051249,Manuelito Chapter
350319436012006,Pinedale Chapter
350319437021069,Standing Rock Chapter
350319435001217,Becenti Chapter
350319436023071,Pinedale Chapter
350319439042000,Red Rock Chapter
350319440001165,White Horse Lake Chapter
350319439051026,Red Rock Chapter
350319439071491,Manuelito Chapter
350319438032050,Fort Defiance Chapter
350319437022055,Standing Rock Chapter
350319440002019,Ojo Encino Chapter
350319439031017,Bread Springs Chapter
350319439051063,Red Rock Chapter
350319439031078,Red Rock Chapter
350319437012045,Twin Lakes Chapter
350319438032049,Fort Defiance Chapter
350319438022178,Crystal Chapter
350319438022095,Mexican Springs Chapter
350319439051024,Red Rock Chapter
350319439061105,Rock Springs Chapter
350319437021081,Nahodishgish Chapter
350459432012470,Lake Valley Chapter
350459432013311,Huerfano Chapter
350459429003056,Sanostee Chapter
350459432013154,Huerfano Chapter
350459429003067,Sanostee Chapter
350459429002165,Sanostee Chapter
350459432012178,Lake Valley Chapter
350459428013234,Hogback Chapter
350459429002055,Sanostee Chapter
350539400001134,Alamo Chapter
350459432012281,White Rock Chapter
350459432012282,White Rock Chapter
350069458001287,Ramah Chapter
350459432013194,Huerfano Chapter
350459431002065,Sheep Springs Chapter
350459432013303,Huerfano Chapter
350459429005108,Sheep Springs Chapter
350459430003134,Burnham Chapter
350459429002123,Sanostee Chapter
350459431002115,Sheep Springs Chapter
350459429004053,Newcomb Chapter
350459429006009,Sheep Springs Chapter
350459428021024,Shiprock Chapter
350459432014167,Huerfano Chapter
350069458001020,Ramah Chapter
350459429005045,Tsaile-Wheatfields Chapter
350459428013024,Teec Nos Pos Chapter
350459431001029,Naschitti Chapter
350459429004100,Two Grey Hills Chapter
350459432012420,White Rock Chapter
350459429006001,Naschitti Chapter
350459432013547,Huerfano Chapter
350459430002003,Nenahnezad/San Juan Chapter
350459429002024,Sanostee Chapter
350459432013052,Huerfano Chapter
350459430003051,Nenahnezad/San Juan Chapter
350459432015032,Huerfano Chapter
350459431001052,Naschitti Chapter
350459429001049,Red Valley Chapter
350459429004014,Newcomb Chapter
350459430003157,Burnham Chapter
350459429004046,Newcomb Chapter
350069458001373,Ramah Chapter
350459428012017,Gadii'ahi Chapter
350459432012226,Huerfano Chapter
350459428013041,Gadii'ahi Chapter
350459430002125,Nenahnezad/San Juan Chapter
350459428013279,Hogback Chapter
350319435001469,Crownpoint Chapter
350459431001114,Naschitti Chapter
350319460031129,Baca Chapter
350319437021096,Standing Rock Chapter
350319436012038,Pinedale Chapter
350459430002056,Nenahnezad/San Juan Chapter
350459429002004,Sanostee Chapter
350459432012349,Lake Valley Chapter
350319437012040,Twin Lakes Chapter
350459429001008,Red Valley Chapter
350319457011152,Chi Chil Tah Chapter
350319440002277,Ojo Encino Chapter
350319457021171,Chi Chil Tah Chapter
350319440002196,Pueblo Pintado Chapter
350319440002158,Pueblo Pintado Chapter
350319457011175,Chi Chil Tah Chapter
350319460032096,Casamero Lake Chapter
350319436012149,Church Rock Chapter
350319435001288,Becenti Chapter
350319439032073,Bread Springs Chapter
350319440001557,Littlewater Chapter
350319435002089,Crownpoint Chapter
350319436023063,Pinedale Chapter
350459429001037,Red Valley Chapter
350459432013081,Huerfano Chapter
350439409002062,Torreon Chapter
350319438022144,Twin Lakes Chapter
350319439051025,Red Rock Chapter
350539400001033,Alamo Chapter
350319436012071,Church Rock Chapter
350319460032157,Thoreau Chapter
350319440002080,Pueblo Pintado Chapter
350319439071242,Tsayatoh Chapter
350319439071431,Manuelito Chapter
350319439051035,Red Rock Chapter
350319440001461,Littlewater Chapter
350319440001541,Littlewater Chapter
350319438022181,Red Lake Chapter
350319440001444,Littlewater Chapter
350319440002114,Pueblo Pintado Chapter
350319440001093,White Horse Lake Chapter
350319437021097,Nahodishgish Chapter
350319438032015,Fort Defiance Chapter
350319460032127,Casamero Lake Chapter
350319439071351,Tsayatoh Chapter
350319439051272,Manuelito Chapter
350319439051282,Manuelito Chapter
350319436011107,Church Rock Chapter
350319438022020,Tohatchi Chapter
350319438022021,Tohatchi Chapter
350319438022102,Mexican Springs Chapter
350319440001518,Littlewater Chapter
350319435001423,Littlewater Chapter
350319436022009,Iyanbito Chapter
350019406021051,Cañoncito Chapter
350319439051056,Red Rock Chapter
350319436011092,Church Rock Chapter
350319438032028,Fort Defiance Chapter
350319439071243,Tsayatoh Chapter
350319436012128,Church Rock Chapter
350319439051324,Chi Chil Tah Chapter
350319457021036,Chi Chil Tah Chapter
350319460011024,Thoreau Chapter
350319436012165,Iyanbito Chapter
350319438032041,Fort Defiance Chapter
350319439051166,Red Rock Chapter
350319439042078,Red Rock Chapter
350319440001046,White Horse Lake Chapter
350319440001584,Baca Chapter
350319436021105,Mariano Lake Chapter
350319435002000,Becenti Chapter
350319436022019,Iyanbito Chapter
350319437021084,Nahodishgish Chapter
350319440001430,Littlewater Chapter
350319438021033,Tohatchi Chapter
350319435001332,Becenti Chapter
350019406021083,Cañoncito Chapter
350459429002059,Sanostee Chapter
350459431001067,Naschitti Chapter
350459432012373,Nageezi Chapter
350459429004019,Newcomb Chapter
350459432013201,Huerfano Chapter
350459432012524,Lake Valley Chapter
350459428012159,Hogback Chapter
350459428013172,Shiprock Chapter
350459432012425,Lake Valley Chapter
350459432013168,Huerfano Chapter
350459428013118,Shiprock Chapter
350459432012026,Nageezi Chapter
350459432013134,Huerfano Chapter
350459432012245,White Rock Chapter
350069458001329,Ramah Chapter
350069458001312,Ramah Chapter
350459432012475,Lake Valley Chapter
350459428013068,Beclabito Chapter
350459430002140,Nenahnezad/San Juan Chapter
350069458001221,Ramah Chapter
350459429006049,Sheep Springs Chapter
350459428011002,Hogback Chapter
350459428012158,Hogback Chapter
350459430003169,Burnham Chapter
350459432012032,Nageezi Chapter
350069458002128,Ramah Chapter
350069458002014,Ramah Chapter
350459431002193,Sheep Springs Chapter
350459432012289,White Rock Chapter
350459428013047,Beclabito Chapter
350069458002144,Ramah Chapter
350459429003047,Sanostee Chapter
350459429005046,Tsaile-Wheatfields Chapter
350459428013028,Beclabito Chapter
350459429003013,Sanostee Chapter
350459429006015,Sheep Springs Chapter
350459428012075,Gadii'ahi Chapter
350459429006017,Sheep Springs Chapter
350459428012179,Hogback Chapter
350459432015070,Huerfano Chapter
350459432013539,Huerfano Chapter
350459429002046,Sanostee Chapter
350459429001065,Red Valley Chapter
350069458001265,Ramah Chapter
350459430003022,Nenahnezad/San Juan Chapter
350459430002012,Nenahnezad/San Juan Chapter
350459432012136,Nageezi Chapter
350459432015049,Huerfano Chapter
350459431002174,Naschitti Chapter
350459428013247,Red Valley Chapter
350459429002041,Sanostee Chapter
350459429004063,Newcomb Chapter
350459429004058,Newcomb Chapter
350459429004036,Newcomb Chapter
350459428012090,Gadii'ahi Chapter
350459430003118,Burnham Chapter
350459432014330,Nageezi Chapter
350459428013284,Sanostee Chapter
350319439051338,Chi Chil Tah Chapter
350319439051205,Bread Springs Chapter
350319436012164,Iyanbito Chapter
350319436012103,Iyanbito Chapter
350319436023027,Mariano Lake Chapter
350459431002156,Crystal Chapter
350459430002079,Nenahnezad/San Juan Chapter
350319438031025,Twin Lakes Chapter
350319438031019,Twin Lakes Chapter
350459430003073,Burnham Chapter
350459432013534,Huerfano Chapter
350459428013043,Beclabito Chapter
350459432012494,Naschitti Chapter
350459432012195,Huerfano Chapter
350459430003089,Burnham Chapter
350319438031007,Twin Lakes Chapter
350319460032102,Casamero Lake Chapter
350319440001469,Crownpoint Chapter
350319438021051,Tohatchi Chapter
350319457021221,Chi Chil Tah Chapter
350319457011115,Chi Chil Tah Chapter
350319439071039,Tsayatoh Chapter
350319437012002,Mexican Springs Chapter
350319440002075,Pueblo Pintado Chapter
350319457011108,Chi Chil Tah Chapter
350319439061059,Rock Springs Chapter
350319440002335,Torreon Chapter
350319437022002,Tohatchi Chapter
350319439071420,Manuelito Chapter
350319436012139,Church Rock Chapter
350439409002168,Torreon Chapter
350319437022062,Coyote Canyon Chapter
350319439051327,Chi Chil Tah Chapter
350319439032028,Church Rock Chapter
350319439031113,Bread Springs Chapter
350459430001061,Fruitland Chapter
350459432013018,Huerfano Chapter
350459432013120,Huerfano Chapter
350319435001258,Becenti Chapter
350439409001166,Counselor Chapter
350319457011118,Chi Chil Tah Chapter
350319438022015,Tohatchi Chapter
350319435001261,Becenti Chapter
350319438022059,Mexican Springs Chapter
350319437012003,Twin Lakes Chapter
350319439071539,Tsayatoh Chapter
350319438011007,Mexican Springs Chapter
350319437022074,Tohatchi Chapter
350319460021121,Baca Chapter
350319440001163,White Horse Lake Chapter
350319439032033,Church Rock Chapter
350319435001055,Lake Valley Chapter
350319460032121,Casamero Lake Chapter
350319440002159,Pueblo Pintado Chapter
350319436021032,Mariano Lake Chapter
350319438022137,Mexican Springs Chapter
350319439031058,Bread Springs Chapter
350319457011081,Bread Springs Chapter
350319440002253,Torreon Chapter
350319440002375,Torreon Chapter
350319457011038,Bread Springs Chapter
350319437021037,Standing Rock Chapter
350319440001226,White Horse Lake Chapter
350319436013052,Pinedale Chapter
350319457021052,Manuelito Chapter
350319436013085,Pinedale Chapter
350319437022093,Coyote Canyon Chapter
350319440001210,White Horse Lake Chapter
350319439051083,Tsayatoh Chapter
350319460011099,Thoreau Chapter
350319439032059,Church Rock Chapter
350319460032085,Smith Lake Chapter
350319440001032,White Horse Lake Chapter
350319435001214,Becenti Chapter
350019406021021,Cañoncito Chapter
350439409001043,Counselor Chapter
350459428012140,Hogback Chapter
350459428012108,Gadii'ahi Chapter
350539400001027,Alamo Chapter
350459430003057,Fruitland Chapter
350459429004114,Two Grey Hills Chapter
350459429002151,Sanostee Chapter
350459429002157,Sanostee Chapter
350459432013398,Huerfano Chapter
350459432012388,Lake Valley Chapter
350459432012404,Lake Valley Chapter
350459432013385,Huerfano Chapter
350459432012586,Nageezi Chapter
350459432013371,Huerfano Chapter
350069458001267,Ramah Chapter
350459429002137,Sanostee Chapter
350459428013065,Beclabito Chapter
350069458001213,Ramah Chapter
350459428011004,Hogback Chapter
350459428013195,Shiprock Chapter
350069461001085,Cañoncito Chapter
350459432012559,Nageezi Chapter
350459428023021,Shiprock Chapter
350459428013066,Beclabito Chapter
350069458001218,Ramah Chapter
350459428031008,Shiprock Chapter
350069458002239,Ramah Chapter
350459430003209,Burnham Chapter
350459428012032,Gadii'ahi Chapter
350459431001101,Naschitti Chapter
350459431001094,Naschitti Chapter
350459431002177,Naschitti Chapter
350459430001015,Fruitland Chapter
350459428013287,Shiprock Chapter
350459430002055,Nenahnezad/San Juan Chapter
350459430002109,Nenahnezad/San Juan Chapter
350459430003032,Fruitland Chapter
350459429001103,Red Valley Chapter
350459432013552,Huerfano Chapter
350459432013071,Huerfano Chapter
350459428013100,Shiprock Chapter
350459430002082,Nenahnezad/San Juan Chapter
350459430002101,Nenahnezad/San Juan Chapter
350459428013277,Sanostee Chapter
350319439071227,Tsayatoh Chapter
350319457011101,Chi Chil Tah Chapter
350459431002168,Naschitti Chapter
350439409001252,Counselor Chapter
350459432013432,Huerfano Chapter
350319437021057,Standing Rock Chapter
350319439051114,Manuelito Chapter
350319460011002,Thoreau Chapter
350459429002030,Sanostee Chapter
350459429002044,Sanostee Chapter
350459430003040,Nenahnezad/San Juan Chapter
350459431001108,Naschitti Chapter
350459432012402,Lake Valley Chapter
350459430003215,Burnham Chapter
350459432014213,Nageezi Chapter
350459431002122,Crystal Chapter
350319439032032,Church Rock Chapter
350319439071086,Tsayatoh Chapter
350319440002043,Pueblo Pintado Chapter
350319440002107,Pueblo Pintado Chapter
350319457021005,Chi Chil Tah Chapter
350319436013103,Pinedale Chapter
350319436022027,Iyanbito Chapter
350319436022034,Iyanbito Chapter
350319437011059,Tohatchi Chapter
350319439032049,Church Rock Chapter
350319436011084,Church Rock Chapter
350319438022000,Tohatchi Chapter
350459429001053,Red Valley Chapter
350319438021003,Tohatchi Chapter
350459428012167,Gadii'ahi Chapter
350319440002321,Torreon Chapter
350319460011004,Thoreau Chapter
350439409002163,Torreon Chapter
350439409001326,Counselor Chapter
350319439042045,Red Rock Chapter
350319439031012,Church Rock Chapter
350319439061164,Rock Springs Chapter
350319436011060,Church Rock Chapter
350319460031178,Baca Chapter
350319460011003,Baca Chapter
350319435001424,Littlewater Chapter
350319460032105,Casamero Lake Chapter
350459432013062,Huerfano Chapter
350319437011080,Twin Lakes Chapter
350319438021067,Tohatchi Chapter
350319435001074,Lake Valley Chapter
350319435001236,Becenti Chapter
350319437012019,Twin Lakes Chapter
350319439071345,Tsayatoh Chapter
350319438022090,Mexican Springs Chapter
350319439061169,Rock Springs Chapter
350319439051257,Manuelito Chapter
350319439051250,Manuelito Chapter
350319439051247,Manuelito Chapter
350319435001281,Becenti Chapter
350319437021073,Standing Rock Chapter
350319437021034,Standing Rock Chapter
350319440001540,Littlewater Chapter
350319436023096,Mariano Lake Chapter
350319439071189,Tsayatoh Chapter
350319437021123,Nahodishgish Chapter
350319460032151,Smith Lake Chapter
350319440002003,Ojo Encino Chapter
350319437021099,Nahodishgish Chapter
350319439061092,Rock Springs Chapter
350319436013129,Pinedale Chapter
350319457021134,Chi Chil Tah Chapter
350319457021048,Chi Chil Tah Chapter
350319436021045,Iyanbito Chapter
350319439061128,Rock Springs Chapter
350319439071003,Rock Springs Chapter
350319437022073,Tohatchi Chapter
350319435001146,White Horse Lake Chapter
350319439071202,Tsayatoh Chapter
350439409001162,Counselor Chapter
350459429006013,Sheep Springs Chapter
350459432012469,Lake Valley Chapter
350459428013019,Teec Nos Pos Chapter
350459432013158,Huerfano Chapter
350459429005072,Crystal Chapter
350459429005113,Two Grey Hills Chapter
350459429003028,Sanostee Chapter
350459429002159,Sanostee Chapter
350459432013482,Huerfano Chapter
350459432013206,Huerfano Chapter
350459432013394,Huerfano Chapter
350459432014082,Huerfano Chapter
350069458001159,Ramah Chapter
350069458001334,Ramah Chapter
350459432013342,Huerfano Chapter
350459430003076,Burnham Chapter
350069458001214,Ramah Chapter
350459428011003,Hogback Chapter
350459429001086,Sanostee Chapter
350459432015068,Huerfano Chapter
350459430003081,Burnham Chapter
350459429002073,Sanostee Chapter
350069458001340,Ramah Chapter
350459429002132,Sanostee Chapter
350459432013399,Huerfano Chapter
350459430003193,Burnham Chapter
350459428012065,Gadii'ahi Chapter
350459432012552,Nageezi Chapter
350069458001066,Ramah Chapter
350069458002227,Ramah Chapter
350459431001006,Naschitti Chapter
350459431001010,Burnham Chapter
350069458001001,Ramah Chapter
350459429001029,Red Valley Chapter
350459431002194,Sheep Springs Chapter
350459431002158,Naschitti Chapter
350459432013106,Huerfano Chapter
350459428013121,Red Valley Chapter
350069458001067,Ramah Chapter
350459432013509,Huerfano Chapter
350459432013498,Huerfano Chapter
350459432012512,Lake Valley Chapter
350459430001046,Fruitland Chapter
350459429001078,Red Valley Chapter
350459430003039,Fruitland Chapter
350459428013039,Beclabito Chapter
350459428021014,Hogback Chapter
350459432012614,Nageezi Chapter
350439409001323,Counselor Chapter
350319436023079,Mariano Lake Chapter
350319439051174,Red Rock Chapter
350319436023172,Mariano Lake Chapter
350459429002031,Sanostee Chapter
350459429002081,Sanostee Chapter
350319437012008,Twin Lakes Chapter
350539400001158,Alamo Chapter
350459432014231,Nageezi Chapter
350319437022026,Coyote Canyon Chapter
350319439061141,Rock Springs Chapter
350319439041012,Red Rock Chapter
350539400001175,Alamo Chapter
350319438032027,Fort Defiance Chapter
350319437022092,Coyote Canyon Chapter
350319457021196,Chi Chil Tah Chapter
350319457021278,Chi Chil Tah Chapter
350319440002250,Torreon Chapter
350319440002318,Torreon Chapter
350319437011016,Tohatchi Chapter
350319437021007,Standing Rock Chapter
350319440001473,Crownpoint Chapter
350319435001270,Becenti Chapter
350459430003019,Fruitland Chapter
350319436011011,Church Rock Chapter
350319436011169,Rock Springs Chapter
350319436011170,Pinedale Chapter
350439409001200,Counselor Chapter
350439409001145,Counselor Chapter
350319460011026,Thoreau Chapter
350319457011021,Bread Springs Chapter
350439409002122,Torreon Chapter
350319439031049,Red Rock Chapter
350319440001438,Littlewater Chapter
350319439071403,Manuelito Chapter
350319436021031,Mariano Lake Chapter
350439409001184,Counselor Chapter
350319437021085,Nahodishgish Chapter
350319437021125,Nahodishgish Chapter
350319436023089,Pinedale Chapter
350319437011084,Twin Lakes Chapter
350319439032013,Church Rock Chapter
350319439051198,Bread Springs Chapter
350319439071082,Tsayatoh Chapter
350319439071095,Tsayatoh Chapter
350439409001189,Counselor Chapter
350319440001242,White Horse Lake Chapter
350319439071373,Tsayatoh Chapter
350319439051217,Manuelito Chapter
350319439051209,Bread Springs Chapter
350319460031021,Casamero Lake Chapter
350319460032116,Littlewater Chapter
350319439041006,Red Rock Chapter
350319436021113,Iyanbito Chapter
350319439032068,Bread Springs Chapter
350319439051087,Tsayatoh Chapter
350319438032051,Fort Defiance Chapter
350319437021072,Standing Rock Chapter
350319439071505,Manuelito Chapter
350319436013076,Pinedale Chapter
350319439051329,Chi Chil Tah Chapter
350319457021294,Chi Chil Tah Chapter
350319457021292,Chi Chil Tah Chapter
350319439041036,Red Rock Chapter
350319436023086,Pinedale Chapter
350319457021132,Chi Chil Tah Chapter
350319436022036,Iyanbito Chapter
350319439061085,Rock Springs Chapter
350319438022065,Mexican Springs Chapter
350319457021047,Chi Chil Tah Chapter
350319457021063,Manuelito Chapter
350459429005002,Newcomb Chapter
350459432013189,Huerfano Chapter
350459431002006,Naschitti Chapter
350459429001027,Red Valley Chapter
350459429002075,Sanostee Chapter
350459432013414,Huerfano Chapter
350459429004007,Sanostee Chapter
350459428013133,Beclabito Chapter
350459428011013,Hogback Chapter
350459432013137,Huerfano Chapter
350459432014212,Nageezi Chapter
350069458001306,Ramah Chapter
350459429006061,Sheep Springs Chapter
350459432013320,Huerfano Chapter
350459428013026,Teec Nos Pos Chapter
350459432013241,Huerfano Chapter
350069458002063,Ramah Chapter
350459430003184,Burnham Chapter
350459429002167,Newcomb Chapter
350459432012294,White Rock Chapter
350459431002085,Crystal Chapter
350459431002155,Crystal Chapter
350459432012069,Nageezi Chapter
350459431002069,Two Grey Hills Chapter
350459430003196,Burnham Chapter
350069747015043,Baca Chapter
350459432014327,Counselor Chapter
350459429003038,Sanostee Chapter
350459428011010,Shiprock Chapter
350459432012119,Nageezi Chapter
350459429003002,Sanostee Chapter
350459429003012,Sanostee Chapter
350459432013141,Huerfano Chapter
350459429004097,Two Grey Hills Chapter
350459432012379,Lake Valley Chapter
350459432012505,Lake Valley Chapter
350459430001059,Fruitland Chapter
350069458002006,Ramah Chapter
350069458001202,Ramah Chapter
350459430002133,Nenahnezad/San Juan Chapter
350459430002110,Nenahnezad/San Juan Chapter
350459432013027,Huerfano Chapter
350459428013291,Shiprock Chapter
350459428013033,Beclabito Chapter
350459428013050,Beclabito Chapter
350459428013230,Hogback Chapter
350459430001047,Fruitland Chapter
350459429001077,Red Valley Chapter
350459430001001,Fruitland Chapter
350459430003177,Burnham Chapter
350459428012019,Gadii'ahi Chapter
350459428021018,Shiprock Chapter
350459432012228,White Rock Chapter
350459432012304,White Rock Chapter
350459428012076,Gadii'ahi Chapter
350459428012084,Gadii'ahi Chapter
350459428023005,Hogback Chapter
350459429002155,Sanostee Chapter
350459429004116,Sanostee Chapter
350459432014224,Nageezi Chapter
350459432013187,Huerfano Chapter
350459428021004,Shiprock Chapter
350459432012341,Huerfano Chapter
350319440001084,White Horse Lake Chapter
350319437021021,Standing Rock Chapter
350319439061032,Rock Springs Chapter
350319436011123,Church Rock Chapter
350459430002042,Nenahnezad/San Juan Chapter
350459432014165,Huerfano Chapter
350459429002023,Sanostee Chapter
350319439071007,Rock Springs Chapter
350459430002139,Nenahnezad/San Juan Chapter
350459428024002,Shiprock Chapter
350459430003130,Burnham Chapter
350459428033006,Shiprock Chapter
350459432014267,Nageezi Chapter
350319436012135,Church Rock Chapter
350319436013078,Pinedale Chapter
350319439071022,Rock Springs Chapter
350319435002083,Mariano Lake Chapter
350319460032180,Thoreau Chapter
350319436012055,Pinedale Chapter
350319440001481,Crownpoint Chapter
350319440002353,Torreon Chapter
350319437011024,Tohatchi Chapter
350319439051045,Red Rock Chapter
350319435001158,White Horse Lake Chapter
350319435001205,Becenti Chapter
350319460021054,Baca Chapter
350319435002075,Crownpoint Chapter
350319435001456,Crownpoint Chapter
350459432012007,Nageezi Chapter
350459432013122,Huerfano Chapter
350319437011027,Tohatchi Chapter
350459430002114,Nenahnezad/San Juan Chapter
350459428012163,Hogback Chapter
350319440002016,Ojo Encino Chapter
350319436012030,Church Rock Chapter
350439409001139,Counselor Chapter
350439409002152,Torreon Chapter
350439409001194,Counselor Chapter
350319436022070,Iyanbito Chapter
350319457021035,Chi Chil Tah Chapter
350319440001103,White Horse Lake Chapter
350319438022051,Mexican Springs Chapter
350319440001593,Littlewater Chapter
350319437022083,Mexican Springs Chapter
350319440002341,Torreon Chapter
350319438022155,Twin Lakes Chapter
350319438022067,Tohatchi Chapter
350319457021291,Chi Chil Tah Chapter
350319460021056,Baca Chapter
350439409002082,Torreon Chapter
350439409001178,Counselor Chapter
350319439071469,Manuelito Chapter
350319439031104,Bread Springs Chapter
350319435001108,Becenti Chapter
350319436023047,Mariano Lake Chapter
350319438022125,Mexican Springs Chapter
350319440001490,Crownpoint Chapter
350319436021004,Mariano Lake Chapter
350319731001033,Ramah Chapter
350319436021114,Mariano Lake Chapter
350319439051262,Manuelito Chapter
350319439051304,Manuelito Chapter
350319436021026,Mariano Lake Chapter
350319439042029,Red Rock Chapter
350319439061025,Rock Springs Chapter
350319439071015,Rock Springs Chapter
350319439032043,Church Rock Chapter
350439409001257,Counselor Chapter
350439409001071,Counselor Chapter
350459428012181,Hogback Chapter
350459432012283,White Rock Chapter
350459431002019,Naschitti Chapter
350459429003021,Two Grey Hills Chapter
350459432013200,Huerfano Chapter
350459432014058,Huerfano Chapter
350459430003121,Burnham Chapter
350459429003026,Sanostee Chapter
350539400001088,Alamo Chapter
350459432013391,Huerfano Chapter
350459429005025,Two Grey Hills Chapter
350459430003097,Burnham Chapter
350459432012500,White Rock Chapter
350069458002055,Ramah Chapter
350459429006071,Naschitti Chapter
350459429006038,Sheep Springs Chapter
350069747015012,Baca Chapter
350459431002099,Crystal Chapter
350459431002151,Crystal Chapter
350459432012064,Nageezi Chapter
350459428033016,Shiprock Chapter
350459430003194,Burnham Chapter
350459428013300,Beclabito Chapter
350069458001021,Ramah Chapter
350459428012129,Gadii'ahi Chapter
350459428024000,Shiprock Chapter
350459432014047,Huerfano Chapter
350459431001088,Naschitti Chapter
350069458001233,Ramah Chapter
350459429003019,Sanostee Chapter
350459429006004,Sheep Springs Chapter
350459432013488,Huerfano Chapter
350069458001038,Ramah Chapter
350459429005081,Two Grey Hills Chapter
350459428022014,Shiprock Chapter
350459430002073,Nenahnezad/San Juan Chapter
350069458002151,Ramah Chapter
350069458001224,Ramah Chapter
350459430002092,Nenahnezad/San Juan Chapter
350459429001059,Red Valley Chapter
350459430003036,Fruitland Chapter
350459430003167,Burnham Chapter
350459428013115,Shiprock Chapter
350459428013089,Beclabito Chapter
350459428013099,Shiprock Chapter
350459429001014,Red Valley Chapter
350319439031131,Red Rock Chapter
350319436011166,Pinedale Chapter
350439409002096,Torreon Chapter
350459432013447,Huerfano Chapter
350319435003010,Crownpoint Chapter
350319436011119,Church Rock Chapter
350319435002012,Crownpoint Chapter
350019406021000,Cañoncito Chapter
350459428013214,Hogback Chapter
350459432012527,Lake Valley Chapter
350459432014272,Nageezi Chapter
350319439071031,Tsayatoh Chapter
350319437022079,Coyote Canyon Chapter
350319440001244,White Horse Lake Chapter
350319436022011,Iyanbito Chapter
350319460011022,Thoreau Chapter
350319460032092,Smith Lake Chapter
350319460032095,Casamero Lake Chapter
350319437011002,Tohatchi Chapter
350319440002061,Pueblo Pintado Chapter
350439409002169,Torreon Chapter
350319438031015,Twin Lakes Chapter
350319438031020,Twin Lakes Chapter
350459430001054,Fruitland Chapter
350459432012012,Nageezi Chapter
350459432013127,Huerfano Chapter
350319438021029,Tohatchi Chapter
350459432013319,Huerfano Chapter
350459430002099,Nenahnezad/San Juan Chapter
350439409002043,Torreon Chapter
350319438022101,Mexican Springs Chapter
350319436021021,Pinedale Chapter
350319440002254,Torreon Chapter
350319439071369,Manuelito Chapter
350319460031317,Baca Chapter
350319460011044,Thoreau Chapter
350439409001052,Counselor Chapter
350319438021005,Tohatchi Chapter
350319438032014,Fort Defiance Chapter
350319438032037,Fort Defiance Chapter
350319437021023,Standing Rock Chapter
350319437021130,Standing Rock Chapter
350319438011009,Red Lake Chapter
350319437012013,Twin Lakes Chapter
350319438022068,Tohatchi Chapter
350019406021027,Cañoncito Chapter
350319436023104,Mariano Lake Chapter
350319439061223,Rock Springs Chapter
350319440002086,Pueblo Pintado Chapter
350319438022035,Mexican Springs Chapter
350319460032019,Littlewater Chapter
350319439061093,Rock Springs Chapter
350319436012096,Church Rock Chapter
350319436011047,Church Rock Chapter
350319440001214,White Horse Lake Chapter
350019406021053,Cañoncito Chapter
350319457021187,Chi Chil Tah Chapter
350319437021049,Standing Rock Chapter
350319440001109,White Horse Lake Chapter
350319440001243,White Horse Lake Chapter
350319438022070,Mexican Springs Chapter
350319436013046,Pinedale Chapter
350319439051349,Manuelito Chapter
350319438032044,Fort Defiance Chapter
350319460031256,Baca Chapter
350319435001156,White Horse Lake Chapter
350319435002026,Crownpoint Chapter
350319436013113,Iyanbito Chapter
350319439041035,Red Rock Chapter
350319439051373,Manuelito Chapter
350319460011109,Thoreau Chapter
350319439071279,Tsayatoh Chapter
350319439051299,Manuelito Chapter
350319457021144,Chi Chil Tah Chapter
350459428024032,Shiprock Chapter
350459428031013,Shiprock Chapter
350459428021013,Shiprock Chapter
350459429003027,Sanostee Chapter
350459432013352,Huerfano Chapter
350459429004113,Two Grey Hills Chapter
350459432014367,Huerfano Chapter
350459429002082,Sanostee Chapter
350459429002006,Sanostee Chapter
350459429004075,Sheep Springs Chapter
350459432012436,White Rock Chapter
350459429004037,Newcomb Chapter
350459432012210,Huerfano Chapter
350069458001247,Ramah Chapter
350459429003001,Sanostee Chapter
350539400001161,Alamo Chapter
350459429002102,Newcomb Chapter
350459432012197,Huerfano Chapter
350459428013004,Teec Nos Pos Chapter
350459432013409,Huerfano Chapter
350459429004074,Sheep Springs Chapter
350069458001019,Ramah Chapter
350459429005032,Two Grey Hills Chapter
350459429003010,Sanostee Chapter
350459429003009,Sanostee Chapter
350459430003161,Burnham Chapter
350459431002018,Naschitti Chapter
350459432012223,White Rock Chapter
350459429006063,Naschitti Chapter
350459429005010,Two Grey Hills Chapter
350459432014186,Huerfano Chapter
350459430002091,Nenahnezad/San Juan Chapter
350459430001021,Fruitland Chapter
350069458002212,Ramah Chapter
350459428011011,Shiprock Chapter
350319439051208,Red Rock Chapter
350319439051197,Bread Springs Chapter
350319436023044,Mariano Lake Chapter
350319436023017,Mariano Lake Chapter
350319435003013,Crownpoint Chapter
350319436012076,Church Rock Chapter
350319437021128,Standing Rock Chapter
350319460032086,Smith Lake Chapter
350319457021077,Manuelito Chapter
350319439051140,Manuelito Chapter
350459430002040,Nenahnezad/San Juan Chapter
350459429002008,Sanostee Chapter
350459429004065,Newcomb Chapter
350319435001034,Lake Valley Chapter
350459429002120,Sanostee Chapter
350459428012036,Gadii'ahi Chapter
350319438031026,Twin Lakes Chapter
350319437022067,Coyote Canyon Chapter
350319435001159,White Horse Lake Chapter
350319436012085,Church Rock Chapter
350319457021166,Chi Chil Tah Chapter
350319440002320,Torreon Chapter
350319460032039,Smith Lake Chapter
350319440001025,White Horse Lake Chapter
350319439061143,Rock Springs Chapter
350439409002164,Torreon Chapter
350319435001046,Lake Valley Chapter
350319440001643,White Horse Lake Chapter
350319457021009,Chi Chil Tah Chapter
350319439071407,Manuelito Chapter
350319460011108,Thoreau Chapter
350459429001021,Red Valley Chapter
350319436022024,Iyanbito Chapter
350319436012031,Church Rock Chapter
350319436013097,Pinedale Chapter
350439409001313,Counselor Chapter
350319439071483,Manuelito Chapter
350319440001633,White Horse Lake Chapter
350319440002243,White Horse Lake Chapter
350459432013445,Huerfano Chapter
350439409001167,Counselor Chapter
350439409002086,Torreon Chapter
350319439061215,Rock Springs Chapter
350319460031037,Smith Lake Chapter
350319440001579,Littlewater Chapter
350319457011082,Bread Springs Chapter
350319457021251,Chi Chil Tah Chapter
350319460031085,Baca Chapter
350319439041019,Tsayatoh Chapter
350319435001360,Crownpoint Chapter
350319436011151,Church Rock Chapter
350319440002165,Pueblo Pintado Chapter
350319440001170,White Horse Lake Chapter
350319439051095,Manuelito Chapter
350319437021065,Standing Rock Chapter
350319457021154,Chi Chil Tah Chapter
350319439071296,Tsayatoh Chapter
350319436021110,Mariano Lake Chapter
350319439031077,Red Rock Chapter
350319439051353,Chi Chil Tah Chapter
350319460011028,Thoreau Chapter
350319437022069,Coyote Canyon Chapter
350319438021064,Tohatchi Chapter
350319437022056,Standing Rock Chapter
350319457021098,Chi Chil Tah Chapter
350319440001217,White Horse Lake Chapter
350319439071219,Tsayatoh Chapter
350319436023087,Pinedale Chapter
350319436013063,Pinedale Chapter
350319439051309,Manuelito Chapter
350319435002014,Crownpoint Chapter
350319439051123,Manuelito Chapter
350319440001465,Littlewater Chapter
350319439051368,Chi Chil Tah Chapter
350319438021022,Tohatchi Chapter
350319436023108,Pinedale Chapter
350459428012180,Hogback Chapter
350459432012284,White Rock Chapter
350459431002048,Naschitti Chapter
350459429005086,Two Grey Hills Chapter
350459429001033,Red Valley Chapter
350459430003137,Burnham Chapter
350459430003179,Burnham Chapter
350459432015037,Huerfano Chapter
350459431001055,Naschitti Chapter
350459432013544,Huerfano Chapter
350459429005070,Tsaile-Wheatfields Chapter
350459429003022,Sanostee Chapter
350459430003119,Burnham Chapter
350459432012583,Nageezi Chapter
350459432013276,Huerfano Chapter
350459428013061,Beclabito Chapter
350069458002064,Ramah Chapter
350069458002258,Ramah Chapter
350459431002080,Crystal Chapter
350459431002094,Crystal Chapter
350459432012545,Nageezi Chapter
350459429004106,Two Grey Hills Chapter
350069458002214,Ramah Chapter
350459432014233,Nageezi Chapter
350539400001080,Alamo Chapter
350459432012412,White Rock Chapter
350459430002050,Nenahnezad/San Juan Chapter
350459428012018,Gadii'ahi Chapter
350459432015062,Huerfano Chapter
350459428013168,Shiprock Chapter
350459428013177,Shiprock Chapter
350459430001029,Fruitland Chapter
350069458001200,Ramah Chapter
350069458001295,Ramah Chapter
350459428021020,Shiprock Chapter
350459428032005,Shiprock Chapter
350459432013378,Huerfano Chapter
350459430002046,Nenahnezad/San Juan Chapter
350319457021238,Chi Chil Tah Chapter
350319440001235,White Horse Lake Chapter
350459432012153,Huerfano Chapter
350319439032011,Church Rock Chapter
350319440002374,Pueblo Pintado Chapter
350459431002142,Crystal Chapter
350459429002085,Sanostee Chapter
350459432012274,White Rock Chapter
350539400001062,Alamo Chapter
350459432012030,Nageezi Chapter
350459432012060,Nageezi Chapter
350319435003012,Crownpoint Chapter
350319439071313,Tsayatoh Chapter
350319457021122,Chi Chil Tah Chapter
350319439051336,Chi Chil Tah Chapter
350319436011163,Church Rock Chapter
350319440002363,Torreon Chapter
350319440002194,Pueblo Pintado Chapter
350319440002103,Pueblo Pintado Chapter
350319439051369,Manuelito Chapter
350319439051159,Red Rock Chapter
350319438031014,Fort Defiance Chapter
350439409002181,Torreon Chapter
350319439042084,Red Rock Chapter
350319436023064,Pinedale Chapter
350319438022017,Tohatchi Chapter
350459428013173,Shiprock Chapter
350459432013138,Huerfano Chapter
350319436012157,Iyanbito Chapter
350459428021037,Shiprock Chapter
350319438022157,Fort Defiance Chapter
350319439071376,Manuelito Chapter
350319457011067,Bread Springs Chapter
350319460021143,Baca Chapter
350319438022063,Tohatchi Chapter
350319436022048,Iyanbito Chapter
350319460032179,Thoreau Chapter
350319440002004,Ojo Encino Chapter
350319437022033,Standing Rock Chapter
350319438011023,Red Lake Chapter
350319438022148,Twin Lakes Chapter
350319437011034,Coyote Canyon Chapter
350319439032019,Church Rock Chapter
350439409002084,Torreon Chapter
350439409002093,Torreon Chapter
350439409001228,Counselor Chapter
350319435001465,Crownpoint Chapter
350319440001083,White Horse Lake Chapter
350319437021018,Standing Rock Chapter
350319435001210,Becenti Chapter
350319440001413,Littlewater Chapter
350319457011120,Chi Chil Tah Chapter
350319438022032,Mexican Springs Chapter
350319439041023,Red Rock Chapter
350319440001610,Littlewater Chapter
350319440001549,Casamero Lake Chapter
350319439071163,Tsayatoh Chapter
350319439042090,Bread Springs Chapter
350319439031037,Red Rock Chapter
350319460032136,Smith Lake Chapter
350319438021066,Tohatchi Chapter
350319437021129,Standing Rock Chapter
350319436013047,Pinedale Chapter
350319440002022,Ojo Encino Chapter
350319457021053,Manuelito Chapter
350319439051072,Tsayatoh Chapter
350319436021061,Mariano Lake Chapter
350319457011119,Chi Chil Tah Chapter
350319457011104,Chi Chil Tah Chapter
350319436013089,Pinedale Chapter
350319440002053,Pueblo Pintado Chapter
350319440001436,Littlewater Chapter
350319440001648,White Horse Lake Chapter
350319460011052,Thoreau Chapter
350319440002297,Torreon Chapter
350319439071368,Manuelito Chapter
350319435001342,Becenti Chapter
350319439061145,Rock Springs Chapter
350319439071037,Tsayatoh Chapter
350319439071177,Tsayatoh Chapter
350319439042074,Red Rock Chapter
350319438021077,Tohatchi Chapter
350319436013055,Pinedale Chapter
350319438011030,Red Lake Chapter
350319457021064,Manuelito Chapter
350319440001507,Littlewater Chapter
350019406021020,Cañoncito Chapter
350459431002187,Naschitti Chapter
350459429005080,Two Grey Hills Chapter
350459428024014,Shiprock Chapter
350459429002116,Sanostee Chapter
350459429003075,Sanostee Chapter
350539400001137,Alamo Chapter
350069458001230,Ramah Chapter
350459429005105,Two Grey Hills Chapter
350459429004017,Newcomb Chapter
350459432012534,Lake Valley Chapter
350459428012044,Gadii'ahi Chapter
350459431001042,Naschitti Chapter
350069461001069,Cañoncito Chapter
350069458001292,Ramah Chapter
350069458002253,Ramah Chapter
350459428011034,Hogback Chapter
350069458002057,Ramah Chapter
350459429005097,Two Grey Hills Chapter
350459431002010,Naschitti Chapter
350459430001035,Fruitland Chapter
350459428013174,Shiprock Chapter
350459432013459,Huerfano Chapter
350459430002063,Nenahnezad/San Juan Chapter
350459432015040,Huerfano Chapter
350459428013162,Shiprock Chapter
350459428013169,Shiprock Chapter
350459432013060,Huerfano Chapter
350459428013082,Beclabito Chapter
350459430002118,Fruitland Chapter
350459428013280,Hogback Chapter
350319439042072,Bread Springs Chapter
350319435001279,Becenti Chapter
350439409001245,Counselor Chapter
350319439051152,Red Rock Chapter
350319460032172,Mariano Lake Chapter
350459429002016,Sanostee Chapter
350459430003021,Fruitland Chapter
350459430002011,Nenahnezad/San Juan Chapter
350459429004059,Newcomb Chapter
350459431002160,Naschitti Chapter
350459429006020,Sheep Springs Chapter
350459429004006,Newcomb Chapter
350459429002147,Sanostee Chapter
350459432012204,Huerfano Chapter
350459432013245,Huerfano Chapter
350539400001052,Alamo Chapter
350319435001362,Littlewater Chapter
350319435001148,White Horse Lake Chapter
350539400001076,Alamo Chapter
350319436011037,Church Rock Chapter
350319440002182,Pueblo Pintado Chapter
350319440002213,Pueblo Pintado Chapter
350319440001478,Crownpoint Chapter
350319457011139,Chi Chil Tah Chapter
350319460032139,Smith Lake Chapter
350439409001251,Counselor Chapter
350319435001519,Nageezi Chapter
350319457021256,Chi Chil Tah Chapter
350319435001193,Becenti Chapter
350459429001012,Red Valley Chapter
350459432012202,Huerfano Chapter
350459432013350,Huerfano Chapter
350459428031002,Shiprock Chapter
350319437011079,Twin Lakes Chapter
350439409001217,Counselor Chapter
350319439031124,Bread Springs Chapter
350319439051190,Bread Springs Chapter
350439409001292,Counselor Chapter
350319457011151,Chi Chil Tah Chapter
350319436021006,Mariano Lake Chapter
350319435001266,Becenti Chapter
350319440001503,Littlewater Chapter
350319460021016,Baca Chapter
350319439071340,Tsayatoh Chapter
350319437022103,Coyote Canyon Chapter
350319457011148,Chi Chil Tah Chapter
350319440001073,White Horse Lake Chapter
350319439061168,Rock Springs Chapter
350319437011046,Tohatchi Chapter
350319437022058,Standing Rock Chapter
350319439071221,Tsayatoh Chapter
350319438022025,Mexican Springs Chapter
350319438022026,Mexican Springs Chapter
350319437011072,Mexican Springs Chapter
350319439051044,Red Rock Chapter
350319439032058,Church Rock Chapter
350019406022011,Cañoncito Chapter
350439409001282,Torreon Chapter
350319457021203,Chi Chil Tah Chapter
350319460031047,Thoreau Chapter
350319437021056,Nahodishgish Chapter
350319437021078,Nahodishgish Chapter
350319438022055,Mexican Springs Chapter
350319457021014,Chi Chil Tah Chapter
350319437021075,Standing Rock Chapter
350319436013042,Pinedale Chapter
350319440002266,Ojo Encino Chapter
350319435001174,Littlewater Chapter
350319439051319,Chi Chil Tah Chapter
350319439071002,Rock Springs Chapter
350319440002010,Ojo Encino Chapter
350319435001443,Crownpoint Chapter
350319436013050,Pinedale Chapter
350019406021080,Cañoncito Chapter
350319460031143,Baca Chapter
350439409001038,Counselor Chapter
350459429001094,Sanostee Chapter
350459429002058,Sanostee Chapter
350459431001109,Naschitti Chapter
350459432012491,White Rock Chapter
350459432012594,Nageezi Chapter
350459432013231,Huerfano Chapter
350459432013329,Huerfano Chapter
350459432013161,Huerfano Chapter
350069458001278,Ramah Chapter
350539400001118,Alamo Chapter
350459432013340,Huerfano Chapter
350459428013074,Beclabito Chapter
350459428021027,Shiprock Chapter
350069458002045,Ramah Chapter
350459429006056,Sheep Springs Chapter
350459432012617,Nageezi Chapter
350459430003148,Burnham Chapter
350459430002117,Nenahnezad/San Juan Chapter
350459428021031,Shiprock Chapter
350459431001016,Naschitti Chapter
350069458001307,Ramah Chapter
350069458001262,Ramah Chapter
350459428011027,Hogback Chapter
350459431002141,Crystal Chapter
350459431002159,Naschitti Chapter
350459429005112,Two Grey Hills Chapter
350459430002129,Nenahnezad/San Juan Chapter
350459432014048,Huerfano Chapter
350459430002045,Nenahnezad/San Juan Chapter
350459430002049,Nenahnezad/San Juan Chapter
350459432012439,White Rock Chapter
350459428013124,Beclabito Chapter
350459430001065,Fruitland Chapter
350459428013098,Shiprock Chapter
350069458001039,Ramah Chapter
350069458001338,Ramah Chapter
350459430001009,Fruitland Chapter
350459430002048,Nenahnezad/San Juan Chapter
350459430002106,Nenahnezad/San Juan Chapter
350319457021004,Chi Chil Tah Chapter
350459431001043,Naschitti Chapter
350459432013188,Huerfano Chapter
350459431001040,Naschitti Chapter
350319439071384,Manuelito Chapter
350319436023059,Mariano Lake Chapter
350319437021103,Standing Rock Chapter
350319437012005,Twin Lakes Chapter
350459428013231,Hogback Chapter
350319437012012,Twin Lakes Chapter
350319436011124,Church Rock Chapter
350319438022071,Mexican Springs Chapter
350319440002160,Pueblo Pintado Chapter
350319435001431,Littlewater Chapter
350319440002132,Ojo Encino Chapter
350319457021194,Chi Chil Tah Chapter
350319436011171,Pinedale Chapter
350319437011021,Tohatchi Chapter
350319440001646,White Horse Lake Chapter
350459429001013,Red Valley Chapter
350459428032002,Shiprock Chapter
350459432013335,Huerfano Chapter
350319436023129,Smith Lake Chapter
350319460011042,Thoreau Chapter
350319460011039,Thoreau Chapter
350539400001119,Alamo Chapter
350319439071510,Manuelito Chapter
350319440001014,White Horse Lake Chapter
350319460031121,Thoreau Chapter
350319435001085,Becenti Chapter
350319437022072,Coyote Canyon Chapter
350319460032046,Mariano Lake Chapter
350319437022061,Coyote Canyon Chapter
350319440002373,Pueblo Pintado Chapter
350319438022094,Mexican Springs Chapter
350319440001605,Crownpoint Chapter
350319439071493,Manuelito Chapter
350319439071525,Manuelito Chapter
350319439031103,Bread Springs Chapter
350319439051193,Red Rock Chapter
350319436021073,Mariano Lake Chapter
350319435001198,Becenti Chapter
350319439042005,Red Rock Chapter
350319439031020,Bread Springs Chapter
350439409001239,Counselor Chapter
350319436013068,Pinedale Chapter
350319438032035,Fort Defiance Chapter
350319438032054,St. Michaels Chapter
350319438022076,Mexican Springs Chapter
350319457021087,Chi Chil Tah Chapter
350319439051064,Red Rock Chapter
350319439071330,Tsayatoh Chapter
350319436013080,Pinedale Chapter
350019406021034,Cañoncito Chapter
350319457021028,Chi Chil Tah Chapter
350319435001491,White Horse Lake Chapter
350319435001400,Crownpoint Chapter
350319436011081,Church Rock Chapter
350319436013099,Pinedale Chapter
350319460031137,Baca Chapter
350319439051215,Red Rock Chapter
350319439051332,Chi Chil Tah Chapter
350319460011100,Thoreau Chapter
350319438032017,Fort Defiance Chapter
350459429006028,Two Grey Hills Chapter
350459432012449,White Rock Chapter
350459429003031,Sanostee Chapter
350459429001031,Red Valley Chapter
350459430003070,Fruitland Chapter
350459432012375,Nageezi Chapter
350069458001211,Ramah Chapter
350459432012072,Nageezi Chapter
350459432014156,Huerfano Chapter
350459429002092,Sanostee Chapter
350459432013259,Huerfano Chapter
350459429005104,Two Grey Hills Chapter
350459431002060,Two Grey Hills Chapter
350459430003103,Burnham Chapter
350069458002247,Ramah Chapter
350539400001142,Alamo Chapter
350459432014092,Huerfano Chapter
350459431002095,Crystal Chapter
350459432012268,White Rock Chapter
350459428012040,Gadii'ahi Chapter
350459429006054,Sheep Springs Chapter
350459431002005,Naschitti Chapter
350459432012443,White Rock Chapter
350069458001237,Ramah Chapter
350459430003094,Burnham Chapter
350459429005065,Two Grey Hills Chapter
350459431002190,Naschitti Chapter
350459432012336,Lake Valley Chapter
350459429001005,Red Valley Chapter
350459429002061,Sanostee Chapter
350459430001027,Fruitland Chapter
350069458001013,Ramah Chapter
350069458001291,Ramah Chapter
350459432012633,Lake Valley Chapter
350459430003202,White Rock Chapter
350319436021048,Mariano Lake Chapter
350439409001236,Counselor Chapter
350319440002340,White Horse Lake Chapter
350319439051147,Manuelito Chapter
350319436011153,Church Rock Chapter
350459430002031,Nenahnezad/San Juan Chapter
350459429001075,Red Valley Chapter
350459429006068,Sheep Springs Chapter
350539400001157,Alamo Chapter
350319437022013,Coyote Canyon Chapter
350319440001433,Littlewater Chapter
350319439032016,Church Rock Chapter
350319439071314,Tsayatoh Chapter
350319438021036,Tohatchi Chapter
350319440002195,White Horse Lake Chapter
350319437022107,Coyote Canyon Chapter
350319731001070,Ramah Chapter
350319439061029,Rock Springs Chapter
350319440002153,Pueblo Pintado Chapter
350319460032089,Smith Lake Chapter
350319436012138,Church Rock Chapter
350319437011051,Tohatchi Chapter
350439409002180,Torreon Chapter
350319435002025,Crownpoint Chapter
350319460031028,Casamero Lake Chapter
350319437021143,Nahodishgish Chapter
350319440001652,Littlewater Chapter
350319436021064,Mariano Lake Chapter
350459429001023,Red Valley Chapter
350459432013147,Huerfano Chapter
350459432012125,Nageezi Chapter
350459430002098,Nenahnezad/San Juan Chapter
350439409002030,Torreon Chapter
350319731001071,Ramah Chapter
350439409001172,Counselor Chapter
350319460011033,Thoreau Chapter
350319436013067,Pinedale Chapter
350319457011020,Bread Springs Chapter
350319440001455,Littlewater Chapter
350319436011165,Pinedale Chapter
350319435001097,Becenti Chapter
350319436011130,Church Rock Chapter
350319437022076,Coyote Canyon Chapter
350439409002085,Torreon Chapter
350319439051177,Chi Chil Tah Chapter
350319439061014,Rock Springs Chapter
350459432014096,Huerfano Chapter
350319439051065,Red Rock Chapter
350319460032022,Casamero Lake Chapter
350319439051085,Tsayatoh Chapter
350319435002038,Crownpoint Chapter
350319436023058,Mariano Lake Chapter
350319439071231,Tsayatoh Chapter
350319438022173,Crystal Chapter
350319440001237,White Horse Lake Chapter
350319435002004,Becenti Chapter
350319436023030,Crownpoint Chapter
350319439071325,Tsayatoh Chapter
350319439071287,Rock Springs Chapter
350319435002006,Becenti Chapter
350319435001060,Lake Valley Chapter
350319440001427,Littlewater Chapter
350319457021208,Chi Chil Tah Chapter
350319438022176,Crystal Chapter
350319436013110,Pinedale Chapter
350319460032144,Thoreau Chapter
350319440002249,Torreon Chapter
350319439051388,Red Rock Chapter
350319437021031,Standing Rock Chapter
350319438022052,Mexican Springs Chapter
350319439071036,Tsayatoh Chapter
350319440001111,White Horse Lake Chapter
350319437021134,Standing Rock Chapter
350319460031273,Baca Chapter
350319439071358,Tsayatoh Chapter
350319439031065,Bread Springs Chapter
350319457021150,Chi Chil Tah Chapter
350319457021029,Chi Chil Tah Chapter
350319439071078,Tsayatoh Chapter
350319435001399,Crownpoint Chapter
350319440002014,Ojo Encino Chapter
350319438021045,Tohatchi Chapter
350319440001160,White Horse Lake Chapter
350319439051180,Red Rock Chapter
350319460021097,Baca Chapter
350319460011045,Thoreau Chapter
350319460012004,Thoreau Chapter
350439409001352,Counselor Chapter
350459431002127,Naschitti Chapter
350459428012001,Hogback Chapter
350459428012021,Hogback Chapter
350459431002047,Naschitti Chapter
350459432013392,Huerfano Chapter
350459431002087,Crystal Chapter
350459432013228,Huerfano Chapter
350459429002063,Sanostee Chapter
350539400001012,Alamo Chapter
350459432012578,Nageezi Chapter
350069458001232,Ramah Chapter
350069458001315,Ramah Chapter
350459431001014,White Rock Chapter
350069458002133,Ramah Chapter
350069458001098,Ramah Chapter
350459428013088,Beclabito Chapter
350459432012267,White Rock Chapter
350459429003039,Sanostee Chapter
350459429005057,Two Grey Hills Chapter
350459428031005,Shiprock Chapter
350459430003072,Burnham Chapter
350459431002100,Crystal Chapter
350459429006046,Sheep Springs Chapter
350459430002097,Nenahnezad/San Juan Chapter
350459430002060,Nenahnezad/San Juan Chapter
350459432013451,Huerfano Chapter
350459432012043,Nageezi Chapter
350459428013181,Shiprock Chapter
350459428012107,Gadii'ahi Chapter
350459430003033,Fruitland Chapter
350069458002223,Ramah Chapter
350459428012169,Shiprock Chapter
350459428033002,Shiprock Chapter
350459432013083,Huerfano Chapter
350319435002044,Crownpoint Chapter
350319436012088,Church Rock Chapter
350319436023092,Mariano Lake Chapter
350319436023076,Pinedale Chapter
350319460032079,Smith Lake Chapter
350319457021051,Manuelito Chapter
350459428013254,Shiprock Chapter
350459432014209,Huerfano Chapter
350319438022143,Twin Lakes Chapter
350319438031003,Twin Lakes Chapter
350459429004008,Newcomb Chapter
350539400001139,Alamo Chapter
350319438011018,Red Lake Chapter
350319439061101,Rock Springs Chapter
350319439071538,Tsayatoh Chapter
350319435003022,Crownpoint Chapter
350319440002215,White Horse Lake Chapter
350319457011140,Chi Chil Tah Chapter
350319437012064,Twin Lakes Chapter
350319438021013,Tohatchi Chapter
350319439031036,Red Rock Chapter
350319440001472,Littlewater Chapter
350319438021042,Tohatchi Chapter
350319436011091,Church Rock Chapter
350319460021064,Baca Chapter
350459430001062,Fruitland Chapter
350319438021025,Tohatchi Chapter
350459432013416,Huerfano Chapter
350459428012005,Hogback Chapter
350430109002939,Cañoncito Chapter
350319436011065,Church Rock Chapter
350319438022097,Mexican Springs Chapter
350319436023153,Smith Lake Chapter
350319436012041,Pinedale Chapter
350319731001003,Ramah Chapter
350319435001113,Becenti Chapter
350439409001060,Counselor Chapter
350319436013002,Pinedale Chapter
350319436012124,Church Rock Chapter
350319439071138,Rock Springs Chapter
350319436023099,Mariano Lake Chapter
350439409002158,Torreon Chapter
350439409001309,Counselor Chapter
350319460011107,Thoreau Chapter
350319437021111,Nahodishgish Chapter
350319436022003,Mariano Lake Chapter
350319439071398,Manuelito Chapter
350439409002101,Torreon Chapter
350319437021041,Standing Rock Chapter
350319436023103,Mariano Lake Chapter
350319438022104,Mexican Springs Chapter
350319439061116,Rock Springs Chapter
350319436012045,Pinedale Chapter
350319436021112,Mariano Lake Chapter
350319440002301,Torreon Chapter
350319457011069,Bread Springs Chapter
350319457021108,Chi Chil Tah Chapter
350319438021075,Tohatchi Chapter
350319439042025,Red Rock Chapter
350319437012034,Twin Lakes Chapter
350319436023109,Pinedale Chapter
350319440001262,White Horse Lake Chapter
350319439031029,Red Rock Chapter
350319439051119,Manuelito Chapter
350319460021093,Baca Chapter
350319460021134,Baca Chapter
350319435001297,Becenti Chapter
350319438022064,Tohatchi Chapter
350439409001279,Ojo Encino Chapter
350459431002043,Naschitti Chapter
350459428024034,Shiprock Chapter
350459432014158,Huerfano Chapter
350459431002076,Crystal Chapter
350459429002118,Sanostee Chapter
350459430003172,Burnham Chapter
350459430003115,Burnham Chapter
350459431001011,Naschitti Chapter
350459430003111,Burnham Chapter
350459432013215,Huerfano Chapter
350459430003018,Fruitland Chapter
350459430003192,Burnham Chapter
350459432012570,Nageezi Chapter
350459430003083,Burnham Chapter
350459428023022,Hogback Chapter
350069458002053,Ramah Chapter
350459431001026,Naschitti Chapter
350069458001002,Ramah Chapter
350069461001000,Cañoncito Chapter
350069458002103,Ramah Chapter
350069458001118,Ramah Chapter
350459432012474,Lake Valley Chapter
350459428013035,Beclabito Chapter
350459429001106,Sanostee Chapter
350459429003005,Sanostee Chapter
350459428011009,Hogback Chapter
350459432014199,Huerfano Chapter
350459428013267,Hogback Chapter
350459429006064,Naschitti Chapter
350459429002097,Newcomb Chapter
350459429005098,Two Grey Hills Chapter
350459431002044,Naschitti Chapter
350459428012139,Hogback Chapter
350069458001179,Ramah Chapter
350459432012662,Nageezi Chapter
350459432013279,Huerfano Chapter
350459429005008,Two Grey Hills Chapter
350459432014041,Huerfano Chapter
350459430002051,Nenahnezad/San Juan Chapter
350459430002103,Fruitland Chapter
350459432015081,Huerfano Chapter
350459432012472,Lake Valley Chapter
350459429002087,Newcomb Chapter
350459428013155,Shiprock Chapter
350459428013252,Shiprock Chapter
350459429001069,Red Valley Chapter
350459432013047,Huerfano Chapter
350459428013048,Beclabito Chapter
350459431001039,Naschitti Chapter
350459428013199,Shiprock Chapter
350069458001132,Ramah Chapter
350459429005048,Tsaile-Wheatfields Chapter
350459432012256,White Rock Chapter
350459428013246,Shiprock Chapter
350319435001245,Becenti Chapter
350319439032026,Church Rock Chapter
350319435001470,Crownpoint Chapter
350319457021050,Manuelito Chapter
350319460011009,Thoreau Chapter
350459428013245,Shiprock Chapter
350459432012426,White Rock Chapter
350319438021074,Tohatchi Chapter
350319439071085,Tsayatoh Chapter
350319435001030,Lake Valley Chapter
350319440002198,Pueblo Pintado Chapter
350319460021098,Baca Chapter
350319457011127,Chi Chil Tah Chapter
350319460032084,Smith Lake Chapter
350319460021131,Baca Chapter
350319460021084,Baca Chapter
350319460021092,Baca Chapter
350319439061127,Rock Springs Chapter
350319436022056,Iyanbito Chapter
350319438021006,Tohatchi Chapter
350439409001262,Counselor Chapter
350319436021100,Thoreau Chapter
350319440001468,Crownpoint Chapter
350319439051283,Manuelito Chapter
350319457021027,Chi Chil Tah Chapter
350319436021050,Mariano Lake Chapter
350319440002304,Torreon Chapter
350319438022162,Mexican Springs Chapter
350459432013059,Huerfano Chapter
350459432012664,Huerfano Chapter
350319437011031,Tohatchi Chapter
350459428012023,Gadii'ahi Chapter
350319438022152,Mexican Springs Chapter
350319457011019,Bread Springs Chapter
350319435001224,Becenti Chapter
350319438021016,Tohatchi Chapter
350319436011089,Church Rock Chapter
350319439071475,Manuelito Chapter
350319439071504,Manuelito Chapter
350459432014206,Huerfano Chapter
350319440001618,Littlewater Chapter
350319435001311,Becenti Chapter
350319435001054,Lake Valley Chapter
350319438022079,Mexican Springs Chapter
350319435001032,Lake Valley Chapter
350319435001056,Lake Valley Chapter
350319439031110,Bread Springs Chapter
350319436011008,Pinedale Chapter
350319435002045,Crownpoint Chapter
350319439042070,Red Rock Chapter
350319439031085,Red Rock Chapter
350319438022030,Crystal Chapter
350319439071445,Tsayatoh Chapter
350319440002238,Pueblo Pintado Chapter
350319460012007,Thoreau Chapter
350319436021082,Thoreau Chapter
350319439051394,Bread Springs Chapter
350319436022013,Iyanbito Chapter
350319439061210,Rock Springs Chapter
350319439042055,Red Rock Chapter
350319439042052,Red Rock Chapter
350319457021012,Chi Chil Tah Chapter
350319439071481,Manuelito Chapter
350319436022055,Iyanbito Chapter
350319436012016,Church Rock Chapter
350319435001066,Becenti Chapter
350319440001636,White Horse Lake Chapter
350319439071541,Tsayatoh Chapter
350319436013079,Pinedale Chapter
350319460021058,Baca Chapter
350439409002065,Torreon Chapter
350459429003046,Sanostee Chapter
350459431002027,Naschitti Chapter
350459428013189,Shiprock Chapter
350459429004109,Two Grey Hills Chapter
350459429006051,Sheep Springs Chapter
350459428013147,Shiprock Chapter
350539400001025,Alamo Chapter
350069458002137,Ramah Chapter
350459428013005,Teec Nos Pos Chapter
350459428013063,Beclabito Chapter
350459431001050,Naschitti Chapter
350459429004070,Newcomb Chapter
350459430003093,Burnham Chapter
350459432013415,Huerfano Chapter
350069458002152,Ramah Chapter
350069458002023,Ramah Chapter
350459432013553,Huerfano Chapter
350069458001236,Ramah Chapter
350459431001041,Naschitti Chapter
350069458001231,Ramah Chapter
350459429005044,Tsaile-Wheatfields Chapter
350459429005099,Two Grey Hills Chapter
350459432012104,Nageezi Chapter
350069747015040,Baca Chapter
350459432014180,Huerfano Chapter
350459428021016,Shiprock Chapter
350459429002020,Shiprock Chapter
350069458001193,Ramah Chapter
350459428013018,Beclabito Chapter
350459430002122,Hogback Chapter
350069458001028,Ramah Chapter
350459432013420,Huerfano Chapter
350319437022120,Coyote Canyon Chapter
350319436023130,Smith Lake Chapter
350019406021001,Cañoncito Chapter
350319436011071,Church Rock Chapter
350459428013272,Hogback Chapter
350459428013101,Shiprock Chapter
350459429005092,Newcomb Chapter
350459428031012,Shiprock Chapter
350459432012654,Huerfano Chapter
350459428013111,Shiprock Chapter
350459432014371,Huerfano Chapter
350459428033011,Shiprock Chapter
350459432013229,Huerfano Chapter
350459431002098,Crystal Chapter
350319439071421,Manuelito Chapter
350319440001027,White Horse Lake Chapter
350319457021109,Chi Chil Tah Chapter
350319439051171,Chi Chil Tah Chapter
350319437011022,Tohatchi Chapter
350319437011052,Tohatchi Chapter
350319436023177,Crownpoint Chapter
350319440001653,Littlewater Chapter
350319440001522,Littlewater Chapter
350459432013116,Huerfano Chapter
350459432013125,Huerfano Chapter
350459428022016,Shiprock Chapter
350459432013038,Huerfano Chapter
350459432013046,Huerfano Chapter
350439409002127,Torreon Chapter
350319436023165,Crownpoint Chapter
350319439061149,Rock Springs Chapter
350319457021284,Chi Chil Tah Chapter
350539400001072,Alamo Chapter
350399410002739,Counselor Chapter
350319438022061,Mexican Springs Chapter
350319439071115,Tsayatoh Chapter
350319439071218,Tsayatoh Chapter
350319436022120,Iyanbito Chapter
350319460032117,Littlewater Chapter
350319460011027,Thoreau Chapter
350319439051036,Red Rock Chapter
350319439051094,Manuelito Chapter
350319439051391,Red Rock Chapter
350319460021080,Baca Chapter
350319457011136,Chi Chil Tah Chapter
350019406021043,Cañoncito Chapter
350319440001133,White Horse Lake Chapter
350319438022135,Twin Lakes Chapter
350319731001062,Ramah Chapter
350319437021061,Standing Rock Chapter
350319439042065,Red Rock Chapter
350319457011161,Chi Chil Tah Chapter
350319438021048,Tohatchi Chapter
350319439032014,Church Rock Chapter
350319440001152,White Horse Lake Chapter
350319440002231,Torreon Chapter
350319439071214,Tsayatoh Chapter
350319460011103,Thoreau Chapter
350319438011017,Red Lake Chapter
350319440002104,Pueblo Pintado Chapter
350319435001227,Becenti Chapter
350319439071190,Tsayatoh Chapter
350319437012047,Twin Lakes Chapter
350319438032011,Fort Defiance Chapter
350319439071186,Tsayatoh Chapter
350319440001460,Littlewater Chapter
350319438021056,Tohatchi Chapter
350319435003005,Crownpoint Chapter
350319439061139,Rock Springs Chapter
350319439051361,Manuelito Chapter
350019406021023,Cañoncito Chapter
350019406021035,Cañoncito Chapter
350439409001051,Counselor Chapter
350459428012003,Hogback Chapter
350459432013113,Huerfano Chapter
350539400001127,Alamo Chapter
350459432014111,Huerfano Chapter
350459430003058,Fruitland Chapter
350459429002005,Sanostee Chapter
350459432012437,White Rock Chapter
350459432013130,Huerfano Chapter
350459432013382,Huerfano Chapter
350539400001155,Alamo Chapter
350459432014201,Huerfano Chapter
350069458001102,Ramah Chapter
350069458001322,Ramah Chapter
350459430003085,Burnham Chapter
350459429005077,Two Grey Hills Chapter
350459428013301,Shiprock Chapter
350069458001283,Ramah Chapter
350459429004068,Newcomb Chapter
350459432014289,Nageezi Chapter
350069458001384,Ramah Chapter
350459432013247,Huerfano Chapter
350459429004078,Sheep Springs Chapter
350069458001024,Ramah Chapter
350069458002187,Ramah Chapter
350459430003212,Burnham Chapter
350069458001266,Ramah Chapter
350459429006045,Sheep Springs Chapter
350459432013507,Huerfano Chapter
350459432012653,White Rock Chapter
350459429005117,Two Grey Hills Chapter
350459432014109,Huerfano Chapter
350459430002062,Nenahnezad/San Juan Chapter
350459432013035,Huerfano Chapter
350459428012097,Gadii'ahi Chapter
350459428013249,Shiprock Chapter
350459428013142,Shiprock Chapter
350459431001091,Naschitti Chapter
350459428013219,Hogback Chapter
350459429002033,Sanostee Chapter
350459432013089,Huerfano Chapter
350459430003025,Fruitland Chapter
350459428013064,Beclabito Chapter
350459428013131,Red Valley Chapter
350069458002229,Ramah Chapter
350459428012101,Gadii'ahi Chapter
350319460031246,Baca Chapter
350319436023181,Smith Lake Chapter
350319439051222,Red Rock Chapter
350319435002027,Crownpoint Chapter
350459430003027,Nenahnezad/San Juan Chapter
350459432013508,Huerfano Chapter
350319438022141,Twin Lakes Chapter
350459432012121,Nageezi Chapter
350459429005051,Tsaile-Wheatfields Chapter
350319438031038,Fort Defiance Chapter
350319731001076,Ramah Chapter
350319457021038,Chi Chil Tah Chapter
350319457011025,Bread Springs Chapter
350319439041014,Red Rock Chapter
350319457011046,Bread Springs Chapter
350319436021066,Mariano Lake Chapter
350319439071001,Rock Springs Chapter
350319460032090,Smith Lake Chapter
350319460021083,Baca Chapter
350319439051030,Tsayatoh Chapter
350319435001242,Becenti Chapter
350319439031009,Church Rock Chapter
350319460032147,Thoreau Chapter
350319436011132,Church Rock Chapter
350319460021009,Baca Chapter
350319440001505,Littlewater Chapter
350319457021268,Chi Chil Tah Chapter
350459430001034,Fruitland Chapter
350459432013006,Huerfano Chapter
350459432013486,Huerfano Chapter
350319437012037,Twin Lakes Chapter
350439409002013,Torreon Chapter
350319436012037,Pinedale Chapter
350319440002017,Ojo Encino Chapter
350319437012059,Twin Lakes Chapter
350439409001295,Counselor Chapter
350319439031046,Red Rock Chapter
350319457011014,Bread Springs Chapter
350539400001174,Alamo Chapter
350539400001170,Alamo Chapter
350439409002137,Torreon Chapter
350319440002265,Ojo Encino Chapter
350319439042047,Red Rock Chapter
350319436013116,Iyanbito Chapter
350319439042073,Bread Springs Chapter
350319439032023,Church Rock Chapter
350319439051028,Red Rock Chapter
350439409002035,Torreon Chapter
350319439061147,Rock Springs Chapter
350319460021050,Baca Chapter
350319436023022,Mariano Lake Chapter
350319439071522,Manuelito Chapter
350319440002355,Torreon Chapter
350319435001079,Lake Valley Chapter
350319435001042,White Rock Chapter
350319435001274,Becenti Chapter
350319435001448,Littlewater Chapter
350319438022003,Mexican Springs Chapter
350319436021007,Mariano Lake Chapter
350319439051398,Chi Chil Tah Chapter
350319439031053,Red Rock Chapter
350319435003016,Crownpoint Chapter
350319439071069,Tsayatoh Chapter
350439409002130,Torreon Chapter
350319437011019,Tohatchi Chapter
350319439071326,Tsayatoh Chapter
350319439071246,Tsayatoh Chapter
350319436011085,Church Rock Chapter
350319436013051,Pinedale Chapter
350319440001601,Littlewater Chapter
350319439051359,Manuelito Chapter
350319438032012,Fort Defiance Chapter
350019406021064,Cañoncito Chapter
350439409001044,Counselor Chapter
350439409002111,Torreon Chapter
350459429001090,Sanostee Chapter
350459431002179,Naschitti Chapter
350459428033009,Shiprock Chapter
350459432012454,White Rock Chapter
350459432013205,Huerfano Chapter
350459432012381,Lake Valley Chapter
350459432013133,Huerfano Chapter
350459430003104,Burnham Chapter
350539400001120,Alamo Chapter
350459432013224,Huerfano Chapter
350459429002110,Newcomb Chapter
350069458001225,Ramah Chapter
350069458002114,Ramah Chapter
350459432013178,Huerfano Chapter
350069458001325,Ramah Chapter
350459431001027,Naschitti Chapter
350459429001108,Sanostee Chapter
350459429004071,Newcomb Chapter
350459429005069,Crystal Chapter
350069458002202,Ramah Chapter
350069458002240,Ramah Chapter
350459429002131,Sanostee Chapter
350069458001042,Ramah Chapter
350459432012052,Nageezi Chapter
350459432014256,Nageezi Chapter
350459431001097,Naschitti Chapter
350069458002013,Ramah Chapter
350069458002234,Ramah Chapter
350459428021026,Shiprock Chapter
350459432012058,Nageezi Chapter
350459429003016,Sanostee Chapter
350459432015079,Huerfano Chapter
350459428012100,Gadii'ahi Chapter
350459431001095,Naschitti Chapter
350459432012638,Lake Valley Chapter
350459430001037,Fruitland Chapter
350459429002170,Sanostee Chapter
350459428013204,Hogback Chapter
350459430002010,Nenahnezad/San Juan Chapter
350459428013248,Shiprock Chapter
350459428013083,Beclabito Chapter
350069458001252,Ramah Chapter
350069458001058,Ramah Chapter
350459428012173,Shiprock Chapter
350459432012146,Lake Valley Chapter
350459431002051,Sheep Springs Chapter
350459428012029,Gadii'ahi Chapter
350459428012091,Gadii'ahi Chapter
350319439071416,Manuelito Chapter
350319435001498,Lake Valley Chapter
350319436012015,Church Rock Chapter
350319435001476,Crownpoint Chapter
350319440001010,White Horse Lake Chapter
350459432012546,Nageezi Chapter
350459428011021,Hogback Chapter
350319436023149,Smith Lake Chapter
350319460032063,Smith Lake Chapter
350459430001032,Fruitland Chapter
350459428013009,Teec Nos Pos Chapter
350459432012647,Lake Valley Chapter
350459432013050,Huerfano Chapter
350459432013043,Huerfano Chapter
350019406021005,Cañoncito Chapter
350319437022011,Coyote Canyon Chapter
350319438021078,Tohatchi Chapter
350319436023167,Crownpoint Chapter
350319440002210,White Horse Lake Chapter
350319439051172,Chi Chil Tah Chapter
350319440002045,Pueblo Pintado Chapter
350319440001630,White Horse Lake Chapter
350319436023134,Smith Lake Chapter
350319437011044,Tohatchi Chapter
350319435002066,Crownpoint Chapter
350319436012018,Church Rock Chapter
350319436011127,Church Rock Chapter
350319438022113,Mexican Springs Chapter
350319460032177,Thoreau Chapter
350319436012097,Church Rock Chapter
350319436012049,Pinedale Chapter
350319731001104,Ramah Chapter
350439409001179,Counselor Chapter
350319439051260,Manuelito Chapter
350319460011047,Thoreau Chapter
350319457011099,Chi Chil Tah Chapter
350439409001241,Counselor Chapter
350319439071477,Manuelito Chapter
350319457011129,Chi Chil Tah Chapter
350319438011019,Red Lake Chapter
350319436021015,Mariano Lake Chapter
350319440001506,Littlewater Chapter
350319440001547,Casamero Lake Chapter
350319460031142,Baca Chapter
350319438022134,Twin Lakes Chapter
350319438011014,Red Lake Chapter
350319438022182,Red Lake Chapter
350319457021102,Chi Chil Tah Chapter
350319439061181,Rock Springs Chapter
350319439051302,Manuelito Chapter
350319439042017,Red Rock Chapter
350319436012134,Church Rock Chapter
350319439042069,Red Rock Chapter
350319439051277,Manuelito Chapter
350319439041042,Red Rock Chapter
350319457011113,Chi Chil Tah Chapter
350319439031024,Bread Springs Chapter
350319439061134,Church Rock Chapter
350319440002135,Ojo Encino Chapter
350319437021050,Standing Rock Chapter
350319435001463,Crownpoint Chapter
350319437022108,Standing Rock Chapter
350439409002135,Torreon Chapter
350319439071263,Tsayatoh Chapter
350319439042085,Red Rock Chapter
350319460031315,Baca Chapter
350319439042016,Red Rock Chapter
350319439071017,Rock Springs Chapter
350319436013111,Pinedale Chapter
350319438032010,Fort Defiance Chapter
350319440001439,Littlewater Chapter
350319435001434,Crownpoint Chapter
350439409001258,Counselor Chapter
350459431002171,Naschitti Chapter
350459429006067,Sheep Springs Chapter
350459429005074,Tsaile-Wheatfields Chapter
350459432013408,Huerfano Chapter
350459430003128,Burnham Chapter
350459432012383,Lake Valley Chapter
350459432012334,Lake Valley Chapter
350459431002073,Two Grey Hills Chapter
350459432013208,Huerfano Chapter
350459432012183,Huerfano Chapter
350069458001212,Ramah Chapter
350069458001215,Ramah Chapter
350459430003079,Burnham Chapter
350459432012041,Nageezi Chapter
350459431001058,Naschitti Chapter
350069458002126,Ramah Chapter
350069461001082,Cañoncito Chapter
350459428012148,Hogback Chapter
350459429006012,Sheep Springs Chapter
350459428023016,Shiprock Chapter
350069747015120,Baca Chapter
350459431002020,Naschitti Chapter
350459431001115,Naschitti Chapter
350459429004082,Two Grey Hills Chapter
350459432013151,Huerfano Chapter
350459429001006,Red Valley Chapter
350459432013066,Huerfano Chapter
350459432013361,Huerfano Chapter
350459431001077,Naschitti Chapter
350459428013236,Hogback Chapter
350459428012057,Gadii'ahi Chapter
350459428012061,Gadii'ahi Chapter
350459428013125,Beclabito Chapter
350069458002065,Ramah Chapter
350459428023020,Shiprock Chapter
350459428012117,Gadii'ahi Chapter
350459430003159,Newcomb Chapter
350459429004118,Two Grey Hills Chapter
350459430002116,Nenahnezad/San Juan Chapter
350319436023008,Mariano Lake Chapter
350319436011138,Church Rock Chapter
350459432013233,Huerfano Chapter
350459428032004,Shiprock Chapter
350319460032145,Thoreau Chapter
350319439071372,Tsayatoh Chapter
350319435001473,Crownpoint Chapter
350319437021105,Standing Rock Chapter
350319439071117,Tsayatoh Chapter
350319436023145,Mariano Lake Chapter
350459430003026,Fruitland Chapter
350319437012049,Twin Lakes Chapter
350459428013165,Shiprock Chapter
350539400001029,Alamo Chapter
350539400001079,Alamo Chapter
350459430001049,Fruitland Chapter
350459431001116,White Rock Chapter
350459432012585,Nageezi Chapter
350539400001156,Alamo Chapter
350319457021177,Chi Chil Tah Chapter
350319439061154,Rock Springs Chapter
350319439051333,Chi Chil Tah Chapter
350319439071030,Tsayatoh Chapter
350319436023176,Crownpoint Chapter
350319440002078,Pueblo Pintado Chapter
350319436012054,Pinedale Chapter
350319435001277,Becenti Chapter
350319435001145,White Horse Lake Chapter
350319436023133,Smith Lake Chapter
350319438022171,Crystal Chapter
350319440002369,White Horse Lake Chapter
350319439032037,Church Rock Chapter
350319457021143,Chi Chil Tah Chapter
350459429001026,Red Valley Chapter
350319438022140,Twin Lakes Chapter
350319731001036,Ramah Chapter
350319731001021,Ramah Chapter
350319440002324,Torreon Chapter
350439409001196,Counselor Chapter
350319439031016,Bread Springs Chapter
350319439031091,Bread Springs Chapter
350319436012008,Pinedale Chapter
350319457011054,Chi Chil Tah Chapter
350319436021065,Mariano Lake Chapter
350319457021161,Chi Chil Tah Chapter
350319435001499,Lake Valley Chapter
350319439032062,Church Rock Chapter
350319435001408,Crownpoint Chapter
350319439051052,Red Rock Chapter
350319437022051,Standing Rock Chapter
350319440002339,Torreon Chapter
350319460011036,Thoreau Chapter
350319438022088,Mexican Springs Chapter
350319440002071,Pueblo Pintado Chapter
350319436021062,Mariano Lake Chapter
350319436012123,Church Rock Chapter
350319731001023,Ramah Chapter
350319439051126,Manuelito Chapter
350319435001089,Becenti Chapter
350319439042024,Red Rock Chapter
350319437022042,Coyote Canyon Chapter
350319436011108,Church Rock Chapter
350319457021228,Chi Chil Tah Chapter
350319440001233,White Horse Lake Chapter
350319440001598,Littlewater Chapter
350319440001539,Casamero Lake Chapter
350019406022039,Cañoncito Chapter
350019406021049,Cañoncito Chapter
350439409001243,Counselor Chapter
350319436012159,Iyanbito Chapter
350319439051323,Chi Chil Tah Chapter
350319438022058,Mexican Springs Chapter
350319439051261,Manuelito Chapter
350319436013044,Pinedale Chapter
350319439071116,Tsayatoh Chapter
350319436011095,Church Rock Chapter
350319460011031,Thoreau Chapter
350319435001371,Littlewater Chapter
350319731001056,Ramah Chapter
350319457021116,Chi Chil Tah Chapter
350319436022032,Iyanbito Chapter
350319438011005,Red Lake Chapter
350319440001609,Littlewater Chapter
350319440001562,Baca Chapter
350319460031061,Baca Chapter
350319457021019,Chi Chil Tah Chapter
350319438022096,Mexican Springs Chapter
350319439051312,Chi Chil Tah Chapter
350319440002039,Pueblo Pintado Chapter
350319460031294,Baca Chapter
350459429002068,Sanostee Chapter
350459432014170,Huerfano Chapter
350459430003141,Burnham Chapter
350459428013182,Shiprock Chapter
350459428013113,Shiprock Chapter
350459430003220,Burnham Chapter
350459428024027,Shiprock Chapter
350069458001346,Ramah Chapter
350069458001324,Ramah Chapter
350459429001039,Red Valley Chapter
350069458002242,Ramah Chapter
350459428013070,Beclabito Chapter
350459430002137,Sanostee Chapter
350459429005078,Two Grey Hills Chapter
350459429006052,Sheep Springs Chapter
350459429003042,Sanostee Chapter
350459432013535,Huerfano Chapter
350459430003101,Burnham Chapter
350069458002085,Ramah Chapter
350069458002109,Ramah Chapter
350069458001372,Ramah Chapter
350069458001210,Ramah Chapter
350069458001299,Ramah Chapter
350069458002246,Ramah Chapter
350459432012142,Lake Valley Chapter
350459432012627,Nageezi Chapter
350459432013397,Huerfano Chapter
350459430003197,Burnham Chapter
350459428012188,Gadii'ahi Chapter
350069458001003,Ramah Chapter
350459428011028,Hogback Chapter
350459429005049,Tsaile-Wheatfields Chapter
350459431002186,Naschitti Chapter
350459431002033,Naschitti Chapter
350459431002017,Naschitti Chapter
350459432015089,Huerfano Chapter
350459428021021,Hogback Chapter
350459429002098,Newcomb Chapter
350459428013175,Shiprock Chapter
350069458001018,Ramah Chapter
350459432014040,Huerfano Chapter
350459430002035,Nenahnezad/San Juan Chapter
350459428013183,Shiprock Chapter
350459429002069,Sanostee Chapter
350459430001051,Fruitland Chapter
350459429004047,Newcomb Chapter
350459428012008,Gadii'ahi Chapter
350459428012154,Hogback Chapter
350459432012410,White Rock Chapter
350459432014263,Nageezi Chapter
350459431001064,Naschitti Chapter
350459430003047,Nenahnezad/San Juan Chapter
350319439032018,Church Rock Chapter
350319436011143,Church Rock Chapter
350539400001133,Alamo Chapter
350319457021078,Manuelito Chapter
350459429002038,Shiprock Chapter
350319439071008,Rock Springs Chapter
350459430003195,Burnham Chapter
350459430003182,Burnham Chapter
350459432013170,Huerfano Chapter
350459431001057,Naschitti Chapter
350319437022015,Coyote Canyon Chapter
350319437022102,Coyote Canyon Chapter
350319440001015,White Horse Lake Chapter
350319435003027,Crownpoint Chapter
350319439061182,Rock Springs Chapter
350319460032083,Smith Lake Chapter
350319440001493,Littlewater Chapter
350319439031041,Red Rock Chapter
350319460032125,Casamero Lake Chapter
350319440001586,Littlewater Chapter
350319435001449,Becenti Chapter
350459432013146,Huerfano Chapter
350459428012110,Gadii'ahi Chapter
350319437012033,Twin Lakes Chapter
350319438022112,Mexican Springs Chapter
350319436021023,Mariano Lake Chapter
350319435001233,Becenti Chapter
350319457011013,Bread Springs Chapter
350319457011182,Bread Springs Chapter
350319440001126,White Horse Lake Chapter
350399410002737,Counselor Chapter
350319440002209,White Horse Lake Chapter
350319436012057,Pinedale Chapter
350319435002035,Crownpoint Chapter
350319440002001,Ojo Encino Chapter
350319438022158,Twin Lakes Chapter
350439409001235,Counselor Chapter
350439409002141,Torreon Chapter
350319436023035,Crownpoint Chapter
350319435001175,White Horse Lake Chapter
350319439071487,Manuelito Chapter
350319439051288,Manuelito Chapter
350319437011005,Coyote Canyon Chapter
350319439051093,Manuelito Chapter
350319439042087,Red Rock Chapter
350319457011010,Bread Springs Chapter
350319435002005,Becenti Chapter
350319435001385,Littlewater Chapter
350319440001149,White Horse Lake Chapter
350319438022002,Mexican Springs Chapter
350319460031241,Baca Chapter
350319438022122,Mexican Springs Chapter
350319436022001,Iyanbito Chapter
350019406021045,Cañoncito Chapter
350319438021049,Tohatchi Chapter
350319435002028,Crownpoint Chapter
350439409001287,Torreon Chapter
350319436011099,Church Rock Chapter
350319439041043,Red Rock Chapter
350319439042012,Red Rock Chapter
350319457021189,Chi Chil Tah Chapter
350319440002364,Nageezi Chapter
350319439051175,Chi Chil Tah Chapter
350319435001492,White Horse Lake Chapter
350319440002188,White Horse Lake Chapter
350319460031001,Casamero Lake Chapter
350319460021138,Baca Chapter
350319439051138,Manuelito Chapter
350319438011022,Red Lake Chapter
350319439031010,Bread Springs Chapter
350319460011097,Thoreau Chapter
350439409001223,Counselor Chapter
350459431002129,Naschitti Chapter
350459429004083,Two Grey Hills Chapter
350459432013115,Huerfano Chapter
350459429001092,Sanostee Chapter
350459429004090,Two Grey Hills Chapter
350459430003088,Burnham Chapter
350459430003068,Fruitland Chapter
350459430003122,Burnham Chapter
350459428013194,Shiprock Chapter
350459432013150,Huerfano Chapter
350459429005118,Crystal Chapter
350459432012002,Nageezi Chapter
350459432014088,Huerfano Chapter
350459432012213,White Rock Chapter
350459432014045,Huerfano Chapter
350069458002070,Ramah Chapter
350459428013072,Beclabito Chapter
350459428013058,Beclabito Chapter
350459430001008,Nenahnezad/San Juan Chapter
350459429001087,Sanostee Chapter
350459432013159,Huerfano Chapter
350459430003132,Burnham Chapter
350459429004108,Two Grey Hills Chapter
350459430003224,Burnham Chapter
350069458001103,Ramah Chapter
350459429002142,Sanostee Chapter
350459432012225,Huerfano Chapter
350459428012149,Hogback Chapter
350459429006039,Sheep Springs Chapter
350459429004086,Two Grey Hills Chapter
350459430002077,Nenahnezad/San Juan Chapter
350539400001138,Alamo Chapter
350459432012517,Lake Valley Chapter
350459432013513,Huerfano Chapter
350459432013031,Huerfano Chapter
350459429004069,Newcomb Chapter
350459428012059,Gadii'ahi Chapter
350069458001061,Ramah Chapter
350459428024003,Shiprock Chapter
350459428013110,Shiprock Chapter
350459432015088,Huerfano Chapter
350459430002121,Nenahnezad/San Juan Chapter
350319436021047,Mariano Lake Chapter
350319460031244,Baca Chapter
350319436011106,Church Rock Chapter
350319436011016,Church Rock Chapter
350319439051383,Manuelito Chapter
350319436023142,Mariano Lake Chapter
350459429004024,Newcomb Chapter
350459429002113,Sanostee Chapter
350319438022145,Twin Lakes Chapter
350459432014338,Huerfano Chapter
350459431002192,Sheep Springs Chapter
350459431002109,Crystal Chapter
350319437012009,Twin Lakes Chapter
350319437022071,Coyote Canyon Chapter
350319440001425,Littlewater Chapter
350319435001154,White Horse Lake Chapter
350319436022007,Mariano Lake Chapter
350319438031004,Twin Lakes Chapter
350319437011063,Tohatchi Chapter
350319435001068,Becenti Chapter
350319439061028,Rock Springs Chapter
350319436023173,Mariano Lake Chapter
350319436023003,Crownpoint Chapter
350319440001600,Crownpoint Chapter
350319436011068,Church Rock Chapter
350319457011163,Chi Chil Tah Chapter
350319439071414,Manuelito Chapter
350319440002052,Pueblo Pintado Chapter
350439409002124,Torreon Chapter
350459429001016,Shiprock Chapter
350459429001057,Red Valley Chapter
350459430001017,Fruitland Chapter
350459430001060,Fruitland Chapter
350459430002016,Nenahnezad/San Juan Chapter
350459428032006,Shiprock Chapter
350319731001050,Ramah Chapter
350319436011033,Church Rock Chapter
350319436013122,Iyanbito Chapter
350319436013017,Pinedale Chapter
350319439071074,Tsayatoh Chapter
350319438022022,Tohatchi Chapter
350319439042049,Red Rock Chapter
350319437022077,Coyote Canyon Chapter
350319439051066,Red Rock Chapter
350319439071530,Tsayatoh Chapter
350319457021293,Chi Chil Tah Chapter
350319439051212,Red Rock Chapter
350319439031114,Bread Springs Chapter
350319435001313,Becenti Chapter
350319437021095,Nahodishgish Chapter
350319439071521,Manuelito Chapter
350319435001285,Becenti Chapter
350319439071121,Tsayatoh Chapter
350319457021239,Chi Chil Tah Chapter
350319438022166,Mexican Springs Chapter
350319436023119,Smith Lake Chapter
350319436011012,Church Rock Chapter
350319731001074,Ramah Chapter
350319439051317,Chi Chil Tah Chapter
350319439071073,Tsayatoh Chapter
350319437021090,Standing Rock Chapter
350319438022050,Mexican Springs Chapter
350319457021067,Manuelito Chapter
350319436011129,Church Rock Chapter
350319440001647,White Horse Lake Chapter
350319457021043,Chi Chil Tah Chapter
350019406021089,Cañoncito Chapter
350319437012048,Twin Lakes Chapter
350319439071520,Manuelito Chapter
350319435001413,Crownpoint Chapter
350319435001444,Crownpoint Chapter
350319435002015,Crownpoint Chapter
350319435001078,Lake Valley Chapter
350319439051146,Manuelito Chapter
350459431001092,Naschitti Chapter
350459428031004,Shiprock Chapter
350459429004020,Newcomb Chapter
350459429003045,Sanostee Chapter
350459430003052,Fruitland Chapter
350459432014090,Huerfano Chapter
350459430003129,Burnham Chapter
350459432012376,Nageezi Chapter
350459432015080,Huerfano Chapter
350459432015077,Huerfano Chapter
350069458001280,Ramah Chapter
350069458001319,Ramah Chapter
350459432014301,Nageezi Chapter
350459428013077,Beclabito Chapter
350069458002190,Ramah Chapter
350459429006023,Sheep Springs Chapter
350069458002007,Ramah Chapter
350459432012356,Lake Valley Chapter
350459428021038,Shiprock Chapter
350459429004117,Sanostee Chapter
350459432014110,Huerfano Chapter
350459428021003,Shiprock Chapter
350459432015078,Huerfano Chapter
350459428012138,Hogback Chapter
350459432012103,Nageezi Chapter
350459432013012,Huerfano Chapter
350459430002015,Nenahnezad/San Juan Chapter
350459430002070,Nenahnezad/San Juan Chapter
350459430002128,Nenahnezad/San Juan Chapter
350459430002094,Nenahnezad/San Juan Chapter
350459430003063,Fruitland Chapter
350459430003049,Nenahnezad/San Juan Chapter
350459430001016,Fruitland Chapter
350459428012093,Gadii'ahi Chapter
350459430002029,Nenahnezad/San Juan Chapter
350459428013266,Shiprock Chapter
350459429002018,Shiprock Chapter
350069458001071,Ramah Chapter
350459428031011,Shiprock Chapter
350459428012177,Gadii'ahi Chapter
350459428013151,Shiprock Chapter
350459430002068,Nenahnezad/San Juan Chapter
350319457011034,Bread Springs Chapter
350319440001176,White Horse Lake Chapter
350319436012052,Pinedale Chapter
350459431001071,Naschitti Chapter
350459428012119,Gadii'ahi Chapter
350459428024004,Shiprock Chapter
350459428011029,Hogback Chapter
350319460031295,Baca Chapter
350319457021254,Chi Chil Tah Chapter
350319435001422,Crownpoint Chapter
350319439051134,Manuelito Chapter
350319436023032,Mariano Lake Chapter
350319460032164,Thoreau Chapter
350019406021033,Cañoncito Chapter
350459429004096,Two Grey Hills Chapter
350459432015063,Huerfano Chapter
350459428013258,Shiprock Chapter
350459432014335,Nageezi Chapter
350459432012459,White Rock Chapter
350459429002139,Sanostee Chapter
350459432012029,Nageezi Chapter
350459432014251,Nageezi Chapter
350459432012073,Nageezi Chapter
350459431002120,Crystal Chapter
350319438031024,Twin Lakes Chapter
350319437022035,Coyote Canyon Chapter
350319437022066,Coyote Canyon Chapter
350319436012120,Church Rock Chapter
350319439061259,Rock Springs Chapter
350319457011091,Chi Chil Tah Chapter
350319435003018,Crownpoint Chapter
350319457011105,Chi Chil Tah Chapter
350319437011007,Tohatchi Chapter
350319440002067,Pueblo Pintado Chapter
350319438021012,Tohatchi Chapter
350319460021010,Baca Chapter
350319435002067,Crownpoint Chapter
350319439071428,Manuelito Chapter
350319436021058,Smith Lake Chapter
350319438022163,Mexican Springs Chapter
350319435001276,Becenti Chapter
350459432013009,Huerfano Chapter
350459432013128,Huerfano Chapter
350459428031001,Shiprock Chapter
350459428021000,Hogback Chapter
350459428012030,Gadii'ahi Chapter
350319439061002,Church Rock Chapter
350319438022127,Mexican Springs Chapter
350319438021028,Tohatchi Chapter
350319436012051,Pinedale Chapter
350319435001442,Crownpoint Chapter
350319435001041,White Rock Chapter
350319437021022,Standing Rock Chapter
350319440001086,White Horse Lake Chapter
350319440001398,Littlewater Chapter
350319438022154,Twin Lakes Chapter
350319439051077,Tsayatoh Chapter
350319437021118,Nahodishgish Chapter
350319460031015,Casamero Lake Chapter
350439409002048,Torreon Chapter
350319440002170,Pueblo Pintado Chapter
350319439042027,Red Rock Chapter
350319439071119,Tsayatoh Chapter
350319440001589,Littlewater Chapter
350319457021242,Chi Chil Tah Chapter
350319437011060,Tohatchi Chapter
350319438022121,Mexican Springs Chapter
350319440001599,Casamero Lake Chapter
350319440001617,Littlewater Chapter
350319435001361,Crownpoint Chapter
350319437022048,Standing Rock Chapter
350319457011015,Bread Springs Chapter
350319457021159,Chi Chil Tah Chapter
350319440002008,Ojo Encino Chapter
350319436011098,Church Rock Chapter
350319440001228,White Horse Lake Chapter
350439409001063,Counselor Chapter
350319436011045,Church Rock Chapter
350319440002280,Ojo Encino Chapter
350319439061216,Rock Springs Chapter
350319460031235,Baca Chapter
350319438022111,Mexican Springs Chapter
350319460031237,Baca Chapter
350319440001071,White Horse Lake Chapter
350319457021290,Chi Chil Tah Chapter
350319436022037,Iyanbito Chapter
350319457011145,Chi Chil Tah Chapter
350319436013096,Pinedale Chapter
350319438032045,Fort Defiance Chapter
350319438032006,Fort Defiance Chapter
350319439071364,Tsayatoh Chapter
350319435001191,Becenti Chapter
350319435001352,Crownpoint Chapter
350319439031045,Red Rock Chapter
350319439071068,Tsayatoh Chapter
350319439051162,Red Rock Chapter
350319440001065,White Horse Lake Chapter
350319457021022,Chi Chil Tah Chapter
350319440002049,Pueblo Pintado Chapter
350019406021015,Cañoncito Chapter
350439409002010,Torreon Chapter
350459432012395,Lake Valley Chapter
350539400001023,Alamo Chapter
350459430003173,Burnham Chapter
350459432012413,White Rock Chapter
350459429005016,Newcomb Chapter
350459432013435,Huerfano Chapter
350459432013369,Huerfano Chapter
350459429005087,Two Grey Hills Chapter
350459430001012,Fruitland Chapter
350459429003011,Sanostee Chapter
350459432013330,Huerfano Chapter
350459431002058,Two Grey Hills Chapter
350459431002024,Naschitti Chapter
350459429001091,Sanostee Chapter
350459428011005,Hogback Chapter
350459430003174,Burnham Chapter
350459432012333,White Rock Chapter
350459431002145,Crystal Chapter
350069458002049,Ramah Chapter
350459429006047,Sheep Springs Chapter
350459432012484,Lake Valley Chapter
350459429003058,Sanostee Chapter
350069458002249,Ramah Chapter
350069458001238,Ramah Chapter
350459430003075,Burnham Chapter
350459429002158,Sanostee Chapter
350459429003006,Sanostee Chapter
350459428012087,Gadii'ahi Chapter
350459429005116,Two Grey Hills Chapter
350459432013501,Huerfano Chapter
350459432012355,Lake Valley Chapter
350459430002081,Nenahnezad/San Juan Chapter
350459432015076,Huerfano Chapter
350459432013339,Huerfano Chapter
350459432012261,White Rock Chapter
350459430002034,Nenahnezad/San Juan Chapter
350459428013192,Shiprock Chapter
350459428013255,Shiprock Chapter
350069458001187,Ramah Chapter
350069458002046,Ramah Chapter
350459428024028,Shiprock Chapter
350459431002074,Crystal Chapter
350459432012253,White Rock Chapter
350319457011024,Bread Springs Chapter
350319435001410,Crownpoint Chapter
350319460031086,Baca Chapter
350319436023091,Mariano Lake Chapter
350319436023094,Mariano Lake Chapter
350319436023141,Mariano Lake Chapter
350319460032061,Smith Lake Chapter
350319435002029,Crownpoint Chapter
350459429002111,Sanostee Chapter
350459431002070,Two Grey Hills Chapter
350459430003023,Nenahnezad/San Juan Chapter
350459428012185,Gadii'ahi Chapter
350459431002004,Naschitti Chapter
350459432012145,Lake Valley Chapter
350459430002123,Nenahnezad/San Juan Chapter
350539400001130,Alamo Chapter
350319439071320,Manuelito Chapter
350319457011123,Chi Chil Tah Chapter
350319440002208,White Horse Lake Chapter
350319440002352,Torreon Chapter
350319440002377,Pueblo Pintado Chapter
350319440001634,White Horse Lake Chapter
350319460032055,Smith Lake Chapter
350319438022172,Crystal Chapter
350439409001291,Counselor Chapter
350319435001114,Becenti Chapter
350319440002134,Ojo Encino Chapter
350319439051227,Manuelito Chapter
350319435002061,Crownpoint Chapter
350319437012061,Coyote Canyon Chapter
350459432013025,Huerfano Chapter
350459432013124,Huerfano Chapter
350319436013024,Pinedale Chapter
350319457011053,Bread Springs Chapter
350319439031054,Red Rock Chapter
350319457021059,Manuelito Chapter
350319440001139,White Horse Lake Chapter
350319436012068,Church Rock Chapter
350319439061097,Rock Springs Chapter
350319435001103,Lake Valley Chapter
350319439051017,Tsayatoh Chapter
350319435001468,Crownpoint Chapter
350319437021016,Standing Rock Chapter
350319437022112,Twin Lakes Chapter
350319435001351,Crownpoint Chapter
350319439032012,Church Rock Chapter
350319457011146,Chi Chil Tah Chapter
350019406021090,Cañoncito Chapter
350319436023052,Mariano Lake Chapter
350319439071388,Manuelito Chapter
350319440001140,White Horse Lake Chapter
350319437022041,Coyote Canyon Chapter
350319439051092,Manuelito Chapter
350319439042015,Red Rock Chapter
350319436021028,Mariano Lake Chapter
350319439041000,Red Rock Chapter
350319440001223,White Horse Lake Chapter
350439409001248,Counselor Chapter
350319439051027,Red Rock Chapter
350319437021108,Nahodishgish Chapter
350319438022072,Mexican Springs Chapter
350319436023060,Pinedale Chapter
350319439071295,Tsayatoh Chapter
350319436013073,Pinedale Chapter
350319439042043,Bread Springs Chapter
350319439051315,Chi Chil Tah Chapter
350319439071497,Manuelito Chapter
350319437022052,Standing Rock Chapter
350319435002021,Crownpoint Chapter
350319436022038,Iyanbito Chapter
350319437021100,Nahodishgish Chapter
350319439071280,Tsayatoh Chapter
350439409001334,Counselor Chapter
350439409001332,Counselor Chapter
350459428024023,Shiprock Chapter
350459432012492,White Rock Chapter
350459432012093,Huerfano Chapter
350459429004077,Sheep Springs Chapter
350459430003170,Burnham Chapter
350459429004039,Newcomb Chapter
350459432013102,Huerfano Chapter
350459432013086,Huerfano Chapter
350069458002230,Ramah Chapter
350459432013266,Huerfano Chapter
350459428024009,Shiprock Chapter
350459431001015,Naschitti Chapter
350459428011018,Hogback Chapter
350069458002019,Ramah Chapter
350459430002127,Nenahnezad/San Juan Chapter
350459429002109,Newcomb Chapter
350459432013381,Huerfano Chapter
350459428013084,Beclabito Chapter
350459429006007,Sheep Springs Chapter
350459429006057,Sheep Springs Chapter
350459431001112,Naschitti Chapter
350459432013407,Huerfano Chapter
350459429003048,Sanostee Chapter
350069458001290,Ramah Chapter
350459431002031,Sheep Springs Chapter
350459432012173,Huerfano Chapter
350459432015091,Huerfano Chapter
350459432013520,Huerfano Chapter
350459428022013,Shiprock Chapter
350459430002058,Nenahnezad/San Juan Chapter
350459428012042,Gadii'ahi Chapter
350459428012133,Hogback Chapter
350459428012186,Hogback Chapter
350459432012018,Nageezi Chapter
350459428013241,Shiprock Chapter
350459429001058,Red Valley Chapter
350459428013053,Beclabito Chapter
350069458001065,Ramah Chapter
350069458002124,Ramah Chapter
350459428012092,Gadii'ahi Chapter
350459430003162,Newcomb Chapter
350459428013178,Shiprock Chapter
350459430002074,Nenahnezad/San Juan Chapter
350319435001420,Crownpoint Chapter
350459432013219,Huerfano Chapter
350439409001146,Counselor Chapter
350459432012159,Huerfano Chapter
350319436013062,Pinedale Chapter
350319439061132,Rock Springs Chapter
350019406021044,Cañoncito Chapter
350319439051387,Red Rock Chapter
350459429004023,Sanostee Chapter
350459429002169,Sanostee Chapter
350459428024008,Shiprock Chapter
350539400001028,Alamo Chapter
350319435003021,Crownpoint Chapter
350319436023169,Crownpoint Chapter
350319440002224,Pueblo Pintado Chapter
350319435003007,Crownpoint Chapter
350319440001078,White Horse Lake Chapter
350319436021107,Mariano Lake Chapter
350319436011062,Church Rock Chapter
350319440002261,Ojo Encino Chapter
350319438021002,Tohatchi Chapter
350319439051225,Manuelito Chapter
350319435001437,Crownpoint Chapter
350319435003014,Crownpoint Chapter
350319438011006,Red Lake Chapter
350319437011037,Tohatchi Chapter
350459430002100,Nenahnezad/San Juan Chapter
350319439071542,Rock Springs Chapter
350319457011047,Bread Springs Chapter
350439409002016,Torreon Chapter
350430109002925,Cañoncito Chapter
350319439061137,Rock Springs Chapter
350319440001450,Littlewater Chapter
350319460031044,Baca Chapter
350319436011096,Church Rock Chapter
350319436021083,Mariano Lake Chapter
350319437021088,Nahodishgish Chapter
350319439071147,Rock Springs Chapter
350319435003003,Crownpoint Chapter
350319435001367,Littlewater Chapter
350319437012022,Coyote Canyon Chapter
350319436011042,Church Rock Chapter
350319435002007,Becenti Chapter
350319457021288,Chi Chil Tah Chapter
350319439071498,Manuelito Chapter
350319439031035,Red Rock Chapter
350319436012053,Pinedale Chapter
350319439071166,Tsayatoh Chapter
350319457011164,Chi Chil Tah Chapter
350319439071301,Tsayatoh Chapter
350319460031023,Casamero Lake Chapter
350319460032181,Crownpoint Chapter
350319438011001,Mexican Springs Chapter
350319460032067,Smith Lake Chapter
350319436011120,Church Rock Chapter
350439409001049,Counselor Chapter
350319457021215,Chi Chil Tah Chapter
350319439051365,Manuelito Chapter
350319439071275,Tsayatoh Chapter
350319436021074,Mariano Lake Chapter
350319436011113,Church Rock Chapter
350319460011030,Thoreau Chapter
350319457021040,Chi Chil Tah Chapter
350319440002180,Pueblo Pintado Chapter
350319437022087,Coyote Canyon Chapter
350319439051347,Chi Chil Tah Chapter
350319460012001,Thoreau Chapter
350439409001046,Counselor Chapter
350459431002130,Naschitti Chapter
350459429001040,Red Valley Chapter
350459431001066,Naschitti Chapter
350459431002038,Sheep Springs Chapter
350459429005000,Two Grey Hills Chapter
350459431002107,Sheep Springs Chapter
350459432012405,Lake Valley Chapter
350459432013448,Huerfano Chapter
350459432012004,Nageezi Chapter
350459430003207,Burnham Chapter
350069458001216,Ramah Chapter
350069458002220,Ramah Chapter
350459428022022,Shiprock Chapter
350069458001348,Ramah Chapter
350069458001289,Ramah Chapter
350459431001030,Naschitti Chapter
350459432014106,Huerfano Chapter
350069458001006,Ramah Chapter
350459428023012,Hogback Chapter
350459432012371,Nageezi Chapter
350459432012241,White Rock Chapter
350459430001039,Fruitland Chapter
350459432013275,Huerfano Chapter
350069458001241,Ramah Chapter
350459429005006,Two Grey Hills Chapter
350459429005018,Two Grey Hills Chapter
350459432014095,Huerfano Chapter
350459432012487,White Rock Chapter
350459432014210,Huerfano Chapter
350459428013170,Shiprock Chapter
350459428013171,Shiprock Chapter
350459428013055,Beclabito Chapter
350459428013265,Shiprock Chapter
350459432013005,Huerfano Chapter
350069458002218,Ramah Chapter
350459429001110,Sanostee Chapter
350459432013069,Huerfano Chapter
350459428013207,Hogback Chapter
350319452012046,Red Rock Chapter
350459431002013,Naschitti Chapter
350439409001244,Counselor Chapter
350319439071386,Manuelito Chapter
350319437022003,Tohatchi Chapter
350319439071370,Tsayatoh Chapter
350319437021026,Standing Rock Chapter
350319439061001,Church Rock Chapter
350019406021009,Cañoncito Chapter
350319439061076,Rock Springs Chapter
350459432012630,Nageezi Chapter
350539400001050,Alamo Chapter
350319436022043,Iyanbito Chapter
350319457011159,Chi Chil Tah Chapter
350319439031125,Bread Springs Chapter
350319437011067,Tohatchi Chapter
350319435001051,Lake Valley Chapter
350319436012095,Pinedale Chapter
350319460032124,Casamero Lake Chapter
350319435001452,Littlewater Chapter
350319439031109,Bread Springs Chapter
350459429001017,Red Valley Chapter
350459432013080,Huerfano Chapter
350459432012015,Huerfano Chapter
350319436011115,Church Rock Chapter
350319438022115,Mexican Springs Chapter
350319731001022,Ramah Chapter
350319440002262,Ojo Encino Chapter
350319436021059,Smith Lake Chapter
350319436012046,Pinedale Chapter
350439409001175,Counselor Chapter
350319731001075,Ramah Chapter
350319438022046,Mexican Springs Chapter
350319439071062,Tsayatoh Chapter
350319439071312,Tsayatoh Chapter
350319437021024,Standing Rock Chapter
350319437021029,Standing Rock Chapter
350319437021137,Nahodishgish Chapter
350319436013059,Pinedale Chapter
350319440001240,White Horse Lake Chapter
350319440001058,White Horse Lake Chapter
350319435001455,Crownpoint Chapter
350439409001331,Counselor Chapter
350319439071346,Tsayatoh Chapter
350319437022039,Coyote Canyon Chapter
350319439071160,Tsayatoh Chapter
350319439031063,Red Rock Chapter
350319436022117,Mariano Lake Chapter
350319435001232,Becenti Chapter
350319460021139,Baca Chapter
350319436021002,Mariano Lake Chapter
350319436022030,Iyanbito Chapter
350319438022031,Mexican Springs Chapter
350319439051040,Red Rock Chapter
350319439061096,Rock Springs Chapter
350019406021048,Cañoncito Chapter
350439409001249,Counselor Chapter
350319437012044,Twin Lakes Chapter
350319438021040,Tohatchi Chapter
350319439071338,Tsayatoh Chapter
350319438032031,St. Michaels Chapter
350319439051240,Manuelito Chapter
350319439051337,Chi Chil Tah Chapter
350319457011116,Chi Chil Tah Chapter
350319439051185,Bread Springs Chapter
350319435001323,Becenti Chapter
350319439051163,Red Rock Chapter
350319460032150,Thoreau Chapter
350319457021287,Chi Chil Tah Chapter
350319460031003,Casamero Lake Chapter
350319440001572,Baca Chapter
350319439051037,Red Rock Chapter
350319438021063,Tohatchi Chapter
350319436011128,Church Rock Chapter
350319439051286,Manuelito Chapter
350319460031146,Baca Chapter
350319437011083,Twin Lakes Chapter
350459428031003,Shiprock Chapter
350459429004101,Two Grey Hills Chapter
350459428012045,Gadii'ahi Chapter
350459432014248,Nageezi Chapter
350459429002029,Sanostee Chapter
350459429002083,Sanostee Chapter
350459430003180,Burnham Chapter
350459432012164,Huerfano Chapter
350459432012323,Lake Valley Chapter
350459432013163,Huerfano Chapter
350459429002064,Sanostee Chapter
350459432013374,Huerfano Chapter
350069458001305,Ramah Chapter
350069458001254,Ramah Chapter
350459432012625,Nageezi Chapter
350069458002077,Ramah Chapter
350459428013059,Beclabito Chapter
350459430003080,Burnham Chapter
350459429005111,Sheep Springs Chapter
350459428012161,Hogback Chapter
350459432013411,Huerfano Chapter
350069458001044,Ramah Chapter
350459432014288,Nageezi Chapter
350459432012572,Nageezi Chapter
350459432013140,Huerfano Chapter
350069458001239,Ramah Chapter
350459428011036,Hogback Chapter
350459428012157,Hogback Chapter
350459432013485,Huerfano Chapter
350459429003065,Sanostee Chapter
350459432012515,Lake Valley Chapter
350459432013004,Huerfano Chapter
350459432013173,Huerfano Chapter
350069747015118,Baca Chapter
350459431001102,Naschitti Chapter
350459430002008,Nenahnezad/San Juan Chapter
350069458001055,Ramah Chapter
350069458001379,Ramah Chapter
350459432013510,Huerfano Chapter
350459430002066,Nenahnezad/San Juan Chapter
350459432012301,White Rock Chapter
350459430003013,Fruitland Chapter
350459428013076,Beclabito Chapter
350459431002180,Naschitti Chapter
350459430003156,Burnham Chapter
350459429004042,Newcomb Chapter
350459428012063,Gadii'ahi Chapter
350459432012308,White Rock Chapter
350459432012595,Nageezi Chapter
350319439051206,Bread Springs Chapter
350319436012017,Church Rock Chapter
350319439032004,Church Rock Chapter
350319435002036,Crownpoint Chapter
350319436021057,Mariano Lake Chapter
350319436012094,Pinedale Chapter
350319439051348,Manuelito Chapter
350319460021006,Baca Chapter
350459428013269,Hogback Chapter
350459432014261,Nageezi Chapter
350459430003113,Burnham Chapter
350459432013527,Huerfano Chapter
350459432013402,Huerfano Chapter
350459428013283,Sanostee Chapter
350319436011118,Church Rock Chapter
350319435001406,Crownpoint Chapter
350319439061142,Rock Springs Chapter
350319439071255,Tsayatoh Chapter
350319439051002,Tsayatoh Chapter
350319438021043,Tohatchi Chapter
350319438031009,Twin Lakes Chapter
350319437022078,Coyote Canyon Chapter
350319437011050,Tohatchi Chapter
350319440001437,Littlewater Chapter
350319436012001,Pinedale Chapter
350319435001063,Lake Valley Chapter
350319440001179,White Horse Lake Chapter
350319457021199,Chi Chil Tah Chapter
350319460032170,Thoreau Chapter
350319436011036,Church Rock Chapter
350319436012009,Pinedale Chapter
350319440002164,Pueblo Pintado Chapter
350319440002099,Pueblo Pintado Chapter
350319438021023,Tohatchi Chapter
350319435001112,Becenti Chapter
350319457021160,Chi Chil Tah Chapter
350319440002131,Ojo Encino Chapter
350319436021115,Thoreau Chapter
350319460032152,Thoreau Chapter
350319460032093,Smith Lake Chapter
350319435001038,Lake Valley Chapter
350319435002057,Crownpoint Chapter
350319440001117,White Horse Lake Chapter
350319438022036,Mexican Springs Chapter
350459432013024,Huerfano Chapter
350459432012101,Huerfano Chapter
350459428012115,Gadii'ahi Chapter
350459428012162,Shiprock Chapter
350319437012025,Coyote Canyon Chapter
350319438022119,Mexican Springs Chapter
350319436013118,Pinedale Chapter
350319436012109,Pinedale Chapter
350319436012000,Pinedale Chapter
350430109002946,Cañoncito Chapter
350439409001335,Counselor Chapter
350319439031018,Bread Springs Chapter
350539400001122,Alamo Chapter
350319439042035,Red Rock Chapter
350319439051157,Red Rock Chapter
350319435001391,Littlewater Chapter
350319436023040,Mariano Lake Chapter
350319439031070,Bread Springs Chapter
350319437022046,Coyote Canyon Chapter
350319438022167,Mexican Springs Chapter
350319438022107,Mexican Springs Chapter
350319440002212,White Horse Lake Chapter
350319440001594,Littlewater Chapter
350319436011121,Church Rock Chapter
350319435001343,Becenti Chapter
350319438021076,Tohatchi Chapter
350319460031174,Baca Chapter
350319436022118,Iyanbito Chapter
350439409002120,Torreon Chapter
350319440001102,White Horse Lake Chapter
350319439061048,Rock Springs Chapter
350319457021158,Chi Chil Tah Chapter
350319436022083,Iyanbito Chapter
350319439031132,Red Rock Chapter
350319438011024,Red Lake Chapter
350319437022086,Coyote Canyon Chapter
350319439051075,Tsayatoh Chapter
350319439051084,Tsayatoh Chapter
350319437022060,Standing Rock Chapter
350439409002099,Torreon Chapter
350459428012027,Gadii'ahi Chapter
350459429001047,Red Valley Chapter
350459428012012,Hogback Chapter
350459429002088,Sanostee Chapter
350459430003168,Burnham Chapter
350459430003125,Burnham Chapter
350459430003210,Burnham Chapter
350459432012332,Lake Valley Chapter
350459432013433,Huerfano Chapter
350069458001279,Ramah Chapter
350459429001003,Red Valley Chapter
350459428033015,Shiprock Chapter
350539400001053,Alamo Chapter
350069458001296,Ramah Chapter
350459428011020,Hogback Chapter
350459430003164,Burnham Chapter
350459429002171,Sanostee Chapter
350459432013248,Huerfano Chapter
350459431002050,Sheep Springs Chapter
350459432012264,White Rock Chapter
350459432012460,White Rock Chapter
350459432012095,Huerfano Chapter
350069458001168,Ramah Chapter
350459431002000,Naschitti Chapter
350459429004004,Newcomb Chapter
350459431001019,White Rock Chapter
350459431002138,Naschitti Chapter
350459432012480,White Rock Chapter
350459429005026,Two Grey Hills Chapter
350459432013292,Huerfano Chapter
350459432012427,White Rock Chapter
350459428013158,Shiprock Chapter
350459428013157,Shiprock Chapter
350459431001046,Naschitti Chapter
350459428013127,Beclabito Chapter
350069458002228,Ramah Chapter
350459432012227,White Rock Chapter
350459432012171,Huerfano Chapter
350459430002078,Nenahnezad/San Juan Chapter
350459432014273,Nageezi Chapter
350459428023000,Hogback Chapter
350459432013348,Huerfano Chapter
350459432012557,Nageezi Chapter
350459429002002,Sanostee Chapter
350319439051078,Tsayatoh Chapter
350069458002098,Ramah Chapter
350459432014279,Nageezi Chapter
350319460031111,Baca Chapter
350319460031284,Baca Chapter
350319439061008,Church Rock Chapter
350319437011004,Coyote Canyon Chapter
350459430002054,Nenahnezad/San Juan Chapter
350459429002168,Sanostee Chapter
350459432015087,Huerfano Chapter
350459428013117,Shiprock Chapter
350459428013146,Shiprock Chapter
350459429004092,Sanostee Chapter
350459431002026,Naschitti Chapter
350459432014292,Nageezi Chapter
350539400001064,Alamo Chapter
350459432012141,Nageezi Chapter
350459428013225,Hogback Chapter
350319439071240,Tsayatoh Chapter
350319437021001,Standing Rock Chapter
350319438031010,Twin Lakes Chapter
350319439051370,Manuelito Chapter
350319439042028,Red Rock Chapter
350319440002120,Pueblo Pintado Chapter
350319439051023,Red Rock Chapter
350319436023144,Mariano Lake Chapter
350319436023175,Mariano Lake Chapter
350319436013056,Pinedale Chapter
350319436021102,Thoreau Chapter
350319460032069,Thoreau Chapter
350319439031021,Bread Springs Chapter
350319436023118,Mariano Lake Chapter
350319435001462,Crownpoint Chapter
350459432012102,Huerfano Chapter
350439409002009,Torreon Chapter
350319435001093,Becenti Chapter
350319437011071,Mexican Springs Chapter
350319731001069,Ramah Chapter
350319460011015,Thoreau Chapter
350439409001324,Counselor Chapter
350319438021014,Tohatchi Chapter
350319438021030,Tohatchi Chapter
350319436012077,Church Rock Chapter
350319457011165,Chi Chil Tah Chapter
350319460031117,Baca Chapter
350319439042003,Red Rock Chapter
350319435003019,Crownpoint Chapter
350319435001262,Becenti Chapter
350319439071105,Tsayatoh Chapter
350319437022113,Twin Lakes Chapter
350319438011020,Red Lake Chapter
350319437012043,Twin Lakes Chapter
350319440001642,White Horse Lake Chapter
350319439051073,Tsayatoh Chapter
350319438022150,Twin Lakes Chapter
350319440001094,White Horse Lake Chapter
350319439051271,Manuelito Chapter
350319435001398,Littlewater Chapter
350319439071156,Rock Springs Chapter
350319435001457,Becenti Chapter
350319435001339,Becenti Chapter
350319435001466,Becenti Chapter
350319440002148,Pueblo Pintado Chapter
350319439071349,Tsayatoh Chapter
350319436023069,Pinedale Chapter
350319460032007,Casamero Lake Chapter
350319439031116,Bread Springs Chapter
350319456011076,Church Rock Chapter
350319437011069,Tohatchi Chapter
350319439071208,Tsayatoh Chapter
350439409001152,Counselor Chapter
350319438032020,Fort Defiance Chapter
350319436013001,Pinedale Chapter
350319460031280,Baca Chapter
350319440001497,Littlewater Chapter
350319437022085,Coyote Canyon Chapter
350319436011144,Church Rock Chapter
350319440001119,White Horse Lake Chapter
350319439061073,Rock Springs Chapter
350319438031040,Twin Lakes Chapter
350319435001450,Crownpoint Chapter
350319435001070,Becenti Chapter
350319435001157,White Horse Lake Chapter
350319435001192,Becenti Chapter
350319438021035,Tohatchi Chapter
350459429006026,Sheep Springs Chapter
350459428012014,Gadii'ahi Chapter
350459432012445,White Rock Chapter
350459432012502,White Rock Chapter
350459428024020,Shiprock Chapter
350459428012127,Gadii'ahi Chapter
350459429004016,Newcomb Chapter
350459429004033,Newcomb Chapter
350459430003124,Burnham Chapter
350459430002032,Nenahnezad/San Juan Chapter
350459430003151,Burnham Chapter
350539400001077,Alamo Chapter
350459432012212,White Rock Chapter
350069458001276,Ramah Chapter
350069458001014,Ramah Chapter
350459429005079,Two Grey Hills Chapter
350459429005059,Crystal Chapter
350459429005067,Two Grey Hills Chapter
350459429006060,Sheep Springs Chapter
350459428011024,Hogback Chapter
350069458001310,Ramah Chapter
350459432012299,White Rock Chapter
350459432013022,Huerfano Chapter
350459429004094,Two Grey Hills Chapter
350459430003183,Burnham Chapter
350459429005106,Two Grey Hills Chapter
350459429001004,Red Valley Chapter
350459429005009,Two Grey Hills Chapter
350459429005014,Two Grey Hills Chapter
350459432012200,Huerfano Chapter
350459432012161,Huerfano Chapter
350459428013016,Beclabito Chapter
350459428013080,Beclabito Chapter
350459428012071,Beclabito Chapter
350459428013122,Beclabito Chapter
350459428013052,Beclabito Chapter
350069458002219,Ramah Chapter
350069458001181,Ramah Chapter
350459428022017,Shiprock Chapter
350459428013103,Shiprock Chapter
350459428013112,Shiprock Chapter
350459432012024,Nageezi Chapter
350459432014357,Nageezi Chapter
350459430003116,Burnham Chapter
350319460031298,Baca Chapter
350319460011106,Thoreau Chapter
350319460031324,Baca Chapter
350319436023100,Mariano Lake Chapter
350319440001019,White Horse Lake Chapter
350319440002171,Pueblo Pintado Chapter
350319460032171,Thoreau Chapter
350459429002172,Sanostee Chapter
350459429001071,Sanostee Chapter
350459428013137,Shiprock Chapter
350459429001000,Red Valley Chapter
350459430003127,Burnham Chapter
350539400001104,Alamo Chapter
350459430003067,Fruitland Chapter
350459432012137,Nageezi Chapter
350459431002148,Crystal Chapter
350319439032050,Church Rock Chapter
350319437022020,Coyote Canyon Chapter
350319438021050,Tohatchi Chapter
350319457021117,Chi Chil Tah Chapter
350319439051201,Bread Springs Chapter
350319438031035,Fort Defiance Chapter
350319440002307,Torreon Chapter
350319460032058,Crownpoint Chapter
350319457011130,Chi Chil Tah Chapter
350319440002109,Pueblo Pintado Chapter
350319439071136,Rock Springs Chapter
350319437012042,Twin Lakes Chapter
350439409002121,Torreon Chapter
350319457021133,Chi Chil Tah Chapter
350319435001036,Lake Valley Chapter
350319440001184,White Horse Lake Chapter
350319435001300,Becenti Chapter
350319435001310,Becenti Chapter
350319438011031,Red Lake Chapter
350319438021019,Tohatchi Chapter
350459428012125,Gadii'ahi Chapter
350319440002311,Torreon Chapter
350319436013032,Pinedale Chapter
350319439071367,Tsayatoh Chapter
350319439031084,Bread Springs Chapter
350319439061045,Rock Springs Chapter
350319460032024,Crownpoint Chapter
350319460032111,Casamero Lake Chapter
350319438022074,Mexican Springs Chapter
350319439061173,Rock Springs Chapter
350319460021035,Baca Chapter
350319731001024,Ramah Chapter
350319439071375,Manuelito Chapter
350319439071329,Tsayatoh Chapter
350319439071473,Manuelito Chapter
350319438022159,Fort Defiance Chapter
350319437021064,Standing Rock Chapter
350319435001403,Crownpoint Chapter
350319439071123,Tsayatoh Chapter
350319435001229,Becenti Chapter
350319435001273,Becenti Chapter
350319438022083,Mexican Springs Chapter
350319440001533,Littlewater Chapter
350319436023049,Mariano Lake Chapter
350319435001364,Littlewater Chapter
350319460032138,Smith Lake Chapter
350439409002113,Torreon Chapter
350439409002017,Torreon Chapter
350319440002011,Ojo Encino Chapter
350319438022085,Mexican Springs Chapter
350319439071098,Tsayatoh Chapter
350319439051392,Chi Chil Tah Chapter
350319436022017,Iyanbito Chapter
350319436021036,Iyanbito Chapter
350319436012005,Pinedale Chapter
350319439071427,Manuelito Chapter
350319439061191,Rock Springs Chapter
350319439071244,Tsayatoh Chapter
350319436023162,Pinedale Chapter
350319438032038,Fort Defiance Chapter
350319438032030,Fort Defiance Chapter
350319439031122,Bread Springs Chapter
350319440002102,Pueblo Pintado Chapter
350319435001415,Crownpoint Chapter
350319439071543,Rock Springs Chapter
350319457021015,Chi Chil Tah Chapter
350319436022044,Iyanbito Chapter
350319439051285,Manuelito Chapter
350319439051360,Manuelito Chapter
350319460031151,Baca Chapter
350319457021090,Chi Chil Tah Chapter
350439409002119,Torreon Chapter
350459428023015,Shiprock Chapter
350459429006053,Sheep Springs Chapter
350459429004041,Newcomb Chapter
350459429001009,Red Valley Chapter
350459429002153,Sanostee Chapter
350459429004044,Newcomb Chapter
350539400001030,Alamo Chapter
350459428013069,Beclabito Chapter
350069458001330,Ramah Chapter
350459432013363,Huerfano Chapter
350459432013344,Huerfano Chapter
350459430003090,Burnham Chapter
350459432013290,Huerfano Chapter
350459430003149,Burnham Chapter
350069458002081,Ramah Chapter
350459428013296,Teec Nos Pos Chapter
350459432013240,Huerfano Chapter
350459429002105,Newcomb Chapter
350459429001054,Red Valley Chapter
350069458002197,Ramah Chapter
350459432012309,White Rock Chapter
350069458001117,Ramah Chapter
350459428012166,Shiprock Chapter
350459429003052,Sanostee Chapter
350459429002156,Sanostee Chapter
350459431002172,Naschitti Chapter
350459428012134,Hogback Chapter
350459428013224,Shiprock Chapter
350459432012644,Lake Valley Chapter
350069458001033,Ramah Chapter
350459428013200,Shiprock Chapter
350459432012521,Lake Valley Chapter
350459430003044,Fruitland Chapter
350459432014054,Huerfano Chapter
350459432013114,Huerfano Chapter
350459428012050,Gadii'ahi Chapter
350069458002256,Ramah Chapter
350069458001337,Ramah Chapter
350459428032000,Shiprock Chapter
350459432013533,Huerfano Chapter
350459429002099,Newcomb Chapter
350459428013290,Red Valley Chapter
350459429002003,Sanostee Chapter
350319439041008,Red Rock Chapter
350319436012040,Pinedale Chapter
350319460031247,Baca Chapter
350319436023160,Mariano Lake Chapter
350319440002181,Pueblo Pintado Chapter
350319460031133,Baca Chapter
350319439051187,Bread Springs Chapter
350459432012603,Nageezi Chapter
350459429002124,Sanostee Chapter
350459432013429,Huerfano Chapter
350459431001024,White Rock Chapter
350539400001063,Alamo Chapter
350319457021223,Chi Chil Tah Chapter
350319440001440,Littlewater Chapter
350319436011039,Pinedale Chapter
350539400001051,Alamo Chapter
350319440001017,White Horse Lake Chapter
350319435001504,White Horse Lake Chapter
350319440002294,Ojo Encino Chapter
350319440002007,Ojo Encino Chapter
350319440001101,White Horse Lake Chapter
350319438021010,Tohatchi Chapter
350319438021007,Tohatchi Chapter
350319436012168,Church Rock Chapter
350319440001528,Casamero Lake Chapter
350319440001415,Littlewater Chapter
350459429001072,Red Valley Chapter
350459432013119,Huerfano Chapter
350319438021018,Tohatchi Chapter
350459432013437,Huerfano Chapter
350459430002108,Nenahnezad/San Juan Chapter
350459429005101,Two Grey Hills Chapter
350319438022123,Mexican Springs Chapter
350439409002064,Torreon Chapter
350319440001635,White Horse Lake Chapter
350319440002319,Torreon Chapter
350319437021126,Nahodishgish Chapter
350319436013025,Pinedale Chapter
350319457011177,Chi Chil Tah Chapter
350459432013556,Huerfano Chapter
350319460031234,Baca Chapter
350319460031035,Baca Chapter
350319436013121,Iyanbito Chapter
350319460032156,Thoreau Chapter
350319436013018,Pinedale Chapter
350319438022060,Mexican Springs Chapter
350319438032004,Red Lake Chapter
350319460011038,Thoreau Chapter
350319439061062,Rock Springs Chapter
350319435001254,Becenti Chapter
350319439061086,Rock Springs Chapter
350319457021121,Chi Chil Tah Chapter
350319440002066,Pueblo Pintado Chapter
350319437022053,Coyote Canyon Chapter
350439409001202,Counselor Chapter
350439409001283,Torreon Chapter
350319435001294,Becenti Chapter
350319435001237,Becenti Chapter
350319437022044,Standing Rock Chapter
350319440001548,Casamero Lake Chapter
350319436023150,Smith Lake Chapter
350319439071289,Tsayatoh Chapter
350319440002060,Pueblo Pintado Chapter
350319438022043,Mexican Springs Chapter
350319457011066,Chi Chil Tah Chapter
350319439071360,Tsayatoh Chapter
350319439051346,Chi Chil Tah Chapter
350319439042001,Red Rock Chapter
350319436022082,Iyanbito Chapter
350319460032032,Casamero Lake Chapter
350319457021106,Chi Chil Tah Chapter
350319437021042,Standing Rock Chapter
350319460031318,Baca Chapter
350319439051234,Chi Chil Tah Chapter
350319435001143,White Horse Lake Chapter
350319437021047,Standing Rock Chapter
350319439071413,Manuelito Chapter
350319439071199,Tsayatoh Chapter
350319439051127,Manuelito Chapter
350319435001425,Littlewater Chapter
350319438022062,Mexican Springs Chapter
350319438032019,Fort Defiance Chapter
350319439051306,Manuelito Chapter
350439409002078,Torreon Chapter
350459428012025,Gadii'ahi Chapter
350459428012011,Hogback Chapter
350459431001111,Naschitti Chapter
350459428033003,Shiprock Chapter
350459431002086,Crystal Chapter
350539400001026,Alamo Chapter
350459429004111,Two Grey Hills Chapter
350459432012415,Lake Valley Chapter
350459429005005,Two Grey Hills Chapter
350539400001173,Alamo Chapter
350069458001286,Ramah Chapter
350459428022020,Shiprock Chapter
350069458001309,Ramah Chapter
350459429004066,Newcomb Chapter
350069458002050,Ramah Chapter
350459432013236,Huerfano Chapter
350459432012209,Huerfano Chapter
350459428024011,Shiprock Chapter
350069461001077,Cañoncito Chapter
350459431001003,White Rock Chapter
350459429004112,Two Grey Hills Chapter
350459432014185,Huerfano Chapter
350459430003110,Burnham Chapter
350069458001223,Ramah Chapter
350459432012244,White Rock Chapter
350459428023004,Hogback Chapter
350459429003049,Sanostee Chapter
350459430003062,Fruitland Chapter
350459432012027,Nageezi Chapter
350459429005075,Crystal Chapter
350459431002035,Naschitti Chapter
350459428012135,Hogback Chapter
350459429003074,Two Grey Hills Chapter
350459429004098,Two Grey Hills Chapter
350459432012649,White Rock Chapter
350459430002004,Nenahnezad/San Juan Chapter
350069458001017,Ramah Chapter
350459429005011,Two Grey Hills Chapter
350459430002047,Nenahnezad/San Juan Chapter
350459432013032,Huerfano Chapter
350459428013250,Shiprock Chapter
350459429002071,Sanostee Chapter
350459430003035,Fruitland Chapter
350459430003005,Fruitland Chapter
350069458001170,Ramah Chapter
350459428012086,Gadii'ahi Chapter
350459432012239,White Rock Chapter
350459432012046,Nageezi Chapter
350319435002018,Crownpoint Chapter
350319457021253,Chi Chil Tah Chapter
350019406021032,Cañoncito Chapter
350459429002043,Sanostee Chapter
350459429004009,Newcomb Chapter
350459428023009,Hogback Chapter
350319439031033,Red Rock Chapter
350319438031036,Fort Defiance Chapter
350319439051385,Manuelito Chapter
350319439071141,Rock Springs Chapter
350319436023180,Crownpoint Chapter
350319440002327,Torreon Chapter
350319436022087,Thoreau Chapter
350319440001050,White Horse Lake Chapter
350319436023121,Mariano Lake Chapter
350319439051243,Manuelito Chapter
350319436021104,Thoreau Chapter
350319440001462,Littlewater Chapter
350319438011013,Red Lake Chapter
350319435001293,Becenti Chapter
350319460031119,Thoreau Chapter
350319460021012,Baca Chapter
350019406021057,Cañoncito Chapter
350319438021008,Tohatchi Chapter
350319439071361,Tsayatoh Chapter
350319440002065,Pueblo Pintado Chapter
350319440002274,Ojo Encino Chapter
350019406021042,Cañoncito Chapter
350319435001086,Becenti Chapter
350319435002033,Crownpoint Chapter
350319436013108,Iyanbito Chapter
350319439031076,Red Rock Chapter
350319435001304,Becenti Chapter
350319439051153,Red Rock Chapter
350319440001411,Littlewater Chapter
350319460031321,Casamero Lake Chapter
350019406021046,Cañoncito Chapter
350319439051397,Red Rock Chapter
350319436011109,Church Rock Chapter
350319457021094,Chi Chil Tah Chapter
350319457021281,Chi Chil Tah Chapter
350319438021021,Tohatchi Chapter
350319439061098,Rock Springs Chapter
350319439061083,Rock Springs Chapter
350319460021137,Baca Chapter
350319436022057,Iyanbito Chapter
350319440001051,White Horse Lake Chapter
350439409001156,Counselor Chapter
350439409001284,Torreon Chapter
350439409001325,Counselor Chapter
350459428033017,Shiprock Chapter
350459428032001,Shiprock Chapter
350459429001096,Sanostee Chapter
350459432013156,Huerfano Chapter
350459432012393,Lake Valley Chapter
350459432012311,White Rock Chapter
350539400001009,Alamo Chapter
350459432013212,Huerfano Chapter
350459430003208,Burnham Chapter
350459432012280,White Rock Chapter
350459432013288,Huerfano Chapter
350459429002122,Sanostee Chapter
350459430003139,Burnham Chapter
350459432012629,Nageezi Chapter
350459431002162,Naschitti Chapter
350459429006059,Sheep Springs Chapter
350459429006006,Sheep Springs Chapter
350069458001255,Ramah Chapter
350459431002108,Sheep Springs Chapter
350069458001374,Ramah Chapter
350459430001024,Fruitland Chapter
350459428013022,Teec Nos Pos Chapter
350459429006044,Sheep Springs Chapter
350459428013135,Red Valley Chapter
350459430002084,Nenahnezad/San Juan Chapter
350459432013366,Huerfano Chapter
350459430002059,Nenahnezad/San Juan Chapter
350459430001003,Fruitland Chapter
350459430003055,Fruitland Chapter
350459428012007,Gadii'ahi Chapter
350459432012133,Nageezi Chapter
350459428013243,Shiprock Chapter
350459429002148,Sanostee Chapter
350459428013081,Beclabito Chapter
350459428013128,Red Valley Chapter
350459428024015,Shiprock Chapter
350069458002243,Ramah Chapter
350069458002222,Ramah Chapter
350459428013149,Shiprock Chapter
350459429002152,Sanostee Chapter
350459432014344,Counselor Chapter
350319435001255,Becenti Chapter
350319436012129,Church Rock Chapter
350459431001047,Naschitti Chapter
350459431001083,Naschitti Chapter
350319436011082,Church Rock Chapter
350319437021104,Standing Rock Chapter
350319436023137,Smith Lake Chapter
350319460032065,Smith Lake Chapter
350319460032066,Smith Lake Chapter
350019406022013,Cañoncito Chapter
350319436011105,Church Rock Chapter
350319436011070,Church Rock Chapter
350459428013264,Shiprock Chapter
350459429002036,Sanostee Chapter
350459430003030,Nenahnezad/San Juan Chapter
350459428022005,Shiprock Chapter
350459431002144,Crystal Chapter
350319437022021,Coyote Canyon Chapter
350319440001451,Littlewater Chapter
350319436012122,Church Rock Chapter
350319439041039,Red Rock Chapter
350319438032021,Fort Defiance Chapter
350319439051050,Red Rock Chapter
350319439071081,Tsayatoh Chapter
350319439071097,Tsayatoh Chapter
350319436011032,Church Rock Chapter
350319436011017,Church Rock Chapter
350319440002225,Pueblo Pintado Chapter
350319460032176,Baca Chapter
350319436012032,Pinedale Chapter
350319436021081,Smith Lake Chapter
350319460031186,Baca Chapter
350319460031025,Casamero Lake Chapter
350319438022045,Mexican Springs Chapter
350319436013045,Pinedale Chapter
350459432013014,Huerfano Chapter
350319457011076,Bread Springs Chapter
350319439051200,Chi Chil Tah Chapter
350319440001234,White Horse Lake Chapter
350399410002738,Counselor Chapter
350319436012065,Church Rock Chapter
350319436012062,Pinedale Chapter
350319437011070,Tohatchi Chapter
350319460011053,Thoreau Chapter
350319436023062,Pinedale Chapter
350319440001495,Littlewater Chapter
350459432013048,Huerfano Chapter
350319437022114,Twin Lakes Chapter
350319437021079,Nahodishgish Chapter
350319439071139,Rock Springs Chapter
350319435001111,Becenti Chapter
350319439061171,Rock Springs Chapter
350319439051236,Manuelito Chapter
350319437021127,Standing Rock Chapter
350319436023029,Crownpoint Chapter
350319439032002,Church Rock Chapter
350319437022049,Standing Rock Chapter
350319438022114,Mexican Springs Chapter
350319460032146,Thoreau Chapter
350319436021024,Mariano Lake Chapter
350319438022011,Mexican Springs Chapter
350319438021053,Tohatchi Chapter
350319439071109,Tsayatoh Chapter
350319439051199,Bread Springs Chapter
350319438021061,Tohatchi Chapter
350319438032002,Fort Defiance Chapter
350319436023031,Crownpoint Chapter
350319436013043,Pinedale Chapter
350319439031031,Red Rock Chapter
350319440002334,Torreon Chapter
350319435001372,Littlewater Chapter
350319457021023,Chi Chil Tah Chapter
350319439051320,Chi Chil Tah Chapter
350319436021033,Iyanbito Chapter
350319457021125,Chi Chil Tah Chapter
350319438031033,Twin Lakes Chapter
350319438032008,Fort Defiance Chapter
350319460032118,Casamero Lake Chapter
350319437012018,Twin Lakes Chapter
350319440002269,Ojo Encino Chapter
350319437011064,Mexican Springs Chapter
350319440001476,Crownpoint Chapter
350319457011160,Chi Chil Tah Chapter
350319435001478,Becenti Chapter
350319460011063,Thoreau Chapter
350319435001006,White Horse Lake Chapter
350019406021026,Cañoncito Chapter
350459429006031,Two Grey Hills Chapter
350539400001163,Alamo Chapter
350459432013199,Huerfano Chapter
350459429002094,Sanostee Chapter
350459428013116,Beclabito Chapter
350459428021034,Hogback Chapter
350459432014222,Nageezi Chapter
350459428022003,Shiprock Chapter
350459429001102,Sanostee Chapter
350459432013056,Huerfano Chapter
350459429005063,Two Grey Hills Chapter
350069458001303,Ramah Chapter
350459428012142,Hogback Chapter
350459429003029,Sanostee Chapter
350459429002117,Sanostee Chapter
350069461001074,Cañoncito Chapter
350069747015049,Baca Chapter
350459432013272,Huerfano Chapter
350459432014294,Nageezi Chapter
350459432013129,Huerfano Chapter
350069458002226,Ramah Chapter
350459430003074,Burnham Chapter
350459429005088,Two Grey Hills Chapter
350459431002030,Sheep Springs Chapter
350459431002068,Crystal Chapter
350459430003012,Fruitland Chapter
350069458001298,Ramah Chapter
350069458001203,Ramah Chapter
350459432013312,Huerfano Chapter
350459431002041,Naschitti Chapter
350459431001038,Naschitti Chapter
350459429001070,Shiprock Chapter
350459428012079,Gadii'ahi Chapter
350459428024013,Shiprock Chapter
350459428011016,Hogback Chapter
350319457011114,Chi Chil Tah Chapter
350319435002064,Crownpoint Chapter
350319435001411,Crownpoint Chapter
350459432013255,Huerfano Chapter
350439409001246,Counselor Chapter
350459432014166,Huerfano Chapter
350459429002007,Sanostee Chapter
350459428013262,Shiprock Chapter
350459429002026,Shiprock Chapter
350459429002025,Sanostee Chapter
350459428012168,Shiprock Chapter
350459429002093,Sanostee Chapter
350459429002101,Newcomb Chapter
350459432013242,Huerfano Chapter
350459432014258,Nageezi Chapter
350459431002101,Crystal Chapter
350459431002139,Crystal Chapter
350319435001144,White Horse Lake Chapter
350539400001075,Alamo Chapter
350439409001032,Counselor Chapter
350319435001197,Becenti Chapter
350319440002044,Pueblo Pintado Chapter
350319440001036,White Horse Lake Chapter
350319435002086,Crownpoint Chapter
350319439051079,Tsayatoh Chapter
350319460031172,Baca Chapter
350319460032005,Littlewater Chapter
350459428013288,Red Valley Chapter
350459430001028,Fruitland Chapter
350459429001061,Red Valley Chapter
350459432013423,Huerfano Chapter
350459432012096,Huerfano Chapter
350459430002085,Nenahnezad/San Juan Chapter
350319436022144,Iyanbito Chapter
350319460031187,Baca Chapter
350459432013058,Huerfano Chapter
350459428021010,Shiprock Chapter
350319457011042,Bread Springs Chapter
350319457021142,Chi Chil Tah Chapter
350319435001250,Becenti Chapter
350319439032005,Church Rock Chapter
350319437021017,Standing Rock Chapter
350319437012021,Twin Lakes Chapter
350319440001532,Littlewater Chapter
350319440001628,Littlewater Chapter
350319439051033,Red Rock Chapter
350319438011002,Red Lake Chapter
350319457021080,Chi Chil Tah Chapter
350319439031062,Bread Springs Chapter
350319439051191,Bread Springs Chapter
350439409002129,Torreon Chapter
350319438022175,Crystal Chapter
350319440002264,Ojo Encino Chapter
350319460032050,Crownpoint Chapter
350319436012163,Church Rock Chapter
350319439071298,Tsayatoh Chapter
350319435002003,Becenti Chapter
350319435001356,Crownpoint Chapter
350319439061227,Rock Springs Chapter
350319439032060,Church Rock Chapter
350019406021028,Cañoncito Chapter
350319457021001,Chi Chil Tah Chapter
350319457021206,Chi Chil Tah Chapter
350319457021188,Chi Chil Tah Chapter
350319440002308,Torreon Chapter
350319438021062,Tohatchi Chapter
350319439071476,Manuelito Chapter
350319436012115,Church Rock Chapter
350319439051160,Red Rock Chapter
350319440001138,White Horse Lake Chapter
350319439061100,Rock Springs Chapter
350319439061072,Rock Springs Chapter
350319436022058,Iyanbito Chapter
350319436013057,Pinedale Chapter
350319435001428,Littlewater Chapter
350319460031242,Baca Chapter
350319440002046,Pueblo Pintado Chapter
350319436012014,Church Rock Chapter
350319460011064,Thoreau Chapter
350319435002002,Becenti Chapter
350319436022054,Iyanbito Chapter
350319439071467,Manuelito Chapter
350319435001376,Littlewater Chapter
350019406021041,Cañoncito Chapter
350319440002106,Pueblo Pintado Chapter
350319457021083,Chi Chil Tah Chapter
350439409001240,Counselor Chapter
350459429003037,Sanostee Chapter
350459432012296,White Rock Chapter
350459428012175,Gadii'ahi Chapter
350459428013202,Hogback Chapter
350459429001030,Red Valley Chapter
350459432013164,Huerfano Chapter
350459430003147,Burnham Chapter
350459432012115,Huerfano Chapter
350459431002057,Two Grey Hills Chapter
350459429006058,Sheep Springs Chapter
350459428011022,Hogback Chapter
350459430002001,Nenahnezad/San Juan Chapter
350459431001044,Naschitti Chapter
350459432012313,Huerfano Chapter
350069747015047,Baca Chapter
350459428011023,Hogback Chapter
350459428012109,Gadii'ahi Chapter
350459429003018,Sanostee Chapter
350459429001035,Red Valley Chapter
350459429006030,Two Grey Hills Chapter
350459432013203,Huerfano Chapter
350459429002119,Sanostee Chapter
350459430001002,Fruitland Chapter
350459428013226,Hogback Chapter
350459428011035,Hogback Chapter
350459429001038,Red Valley Chapter
350459430001023,Fruitland Chapter
350069458001271,Ramah Chapter
350459428012099,Gadii'ahi Chapter
350459432013001,Huerfano Chapter
350319457021232,Chi Chil Tah Chapter
350319460031152,Baca Chapter
350319436011088,Church Rock Chapter
350319439071362,Tsayatoh Chapter
350319437021010,Tohatchi Chapter
350319439051367,Chi Chil Tah Chapter
350069458001301,Ramah Chapter
350319460031181,Baca Chapter
350019406021014,Cañoncito Chapter
350459428013273,Sanostee Chapter
350459429004013,Newcomb Chapter
350539400001031,Alamo Chapter
350459429002009,Sanostee Chapter
350459431002111,Crystal Chapter
350319437022028,Coyote Canyon Chapter
350319438031006,Twin Lakes Chapter
350319439071023,Rock Springs Chapter
350319436011007,Pinedale Chapter
350319436022088,Thoreau Chapter
350319440001008,White Horse Lake Chapter
350319440001482,Crownpoint Chapter
350319457011132,Chi Chil Tah Chapter
350319437021009,Standing Rock Chapter
350319436021053,Mariano Lake Chapter
350319460021132,Baca Chapter
350319436023152,Smith Lake Chapter
350319436013104,Pinedale Chapter
350319435003024,Crownpoint Chapter
350319435001306,Becenti Chapter
350459428013294,Shiprock Chapter
350459428012124,Shiprock Chapter
350319440002357,Torreon Chapter
350319436023105,Mariano Lake Chapter
350319436012092,Church Rock Chapter
350439409002047,Torreon Chapter
350319439061165,Church Rock Chapter
350319439042076,Red Rock Chapter
350319440001470,Littlewater Chapter
350319437022064,Coyote Canyon Chapter
350319438022192,Crystal Chapter
350439409002059,Torreon Chapter
350439409002072,Torreon Chapter
350439409002174,Torreon Chapter
350319436022023,Iyanbito Chapter
350319436011142,Church Rock Chapter
350319440001419,Littlewater Chapter
350319440001416,Littlewater Chapter
350319435001453,Littlewater Chapter
350319457021245,Chi Chil Tah Chapter
350319437022057,Standing Rock Chapter
350319436023024,Mariano Lake Chapter
350319440002139,Ojo Encino Chapter
350319440001112,White Horse Lake Chapter
350319457021148,Chi Chil Tah Chapter
350319439061112,Rock Springs Chapter
350319437021039,Standing Rock Chapter
350319437022084,Coyote Canyon Chapter
350319460011010,Thoreau Chapter
350319436022092,Thoreau Chapter
350319438021038,Tohatchi Chapter
350459428012002,Hogback Chapter
350459432012452,White Rock Chapter
350459429004080,Newcomb Chapter
350459429004089,Two Grey Hills Chapter
350459432014157,Huerfano Chapter
350459430003091,Burnham Chapter
350459431001032,Naschitti Chapter
350069458001297,Ramah Chapter
350459429004095,Two Grey Hills Chapter
350459431002039,Sheep Springs Chapter
350459432013244,Huerfano Chapter
350459429001002,Red Valley Chapter
350069458002059,Ramah Chapter
350459431002143,Crystal Chapter
350459428011017,Hogback Chapter
350069461001079,Cañoncito Chapter
350069458002139,Ramah Chapter
350069458002008,Ramah Chapter
350069458002100,Ramah Chapter
350459432014198,Huerfano Chapter
350459430002037,Nenahnezad/San Juan Chapter
350459431002007,Naschitti Chapter
350069458002010,Ramah Chapter
350459430003213,Burnham Chapter
350459429005038,Two Grey Hills Chapter
350459432014188,Huerfano Chapter
350459432013389,Huerfano Chapter
350459429005031,Two Grey Hills Chapter
350459429006014,Sheep Springs Chapter
350459431002195,Naschitti Chapter
350459432012292,White Rock Chapter
350459432012254,Huerfano Chapter
350459431002064,Two Grey Hills Chapter
350459432013008,Huerfano Chapter
350459430001058,Fruitland Chapter
350459430002053,Nenahnezad/San Juan Chapter
350459428013270,Hogback Chapter
350459429004088,Two Grey Hills Chapter
350459432013421,Huerfano Chapter
350459432013160,Huerfano Chapter
350459429002115,Sanostee Chapter
350459430001026,Fruitland Chapter
350069458002211,Ramah Chapter
350069458001177,Ramah Chapter
350069458001201,Ramah Chapter
350459428012035,Gadii'ahi Chapter
350459428022015,Shiprock Chapter
350459432014039,Huerfano Chapter
350319457011185,Bread Springs Chapter
350319436011057,Church Rock Chapter
350319436012069,Church Rock Chapter
350459431002163,Naschitti Chapter
350319439071381,Manuelito Chapter
350019406022038,Cañoncito Chapter
350019406021050,Cañoncito Chapter
350459428013216,Hogback Chapter
350459429002027,Sanostee Chapter
350459428013274,Sanostee Chapter
350459429002084,Sanostee Chapter
350459428021017,Shiprock Chapter
350459432012507,Lake Valley Chapter
350459432012187,Huerfano Chapter
350459432012498,White Rock Chapter
350319436013088,Pinedale Chapter
350319436013102,Pinedale Chapter
350319439051088,Tsayatoh Chapter
350319436023006,Mariano Lake Chapter
350319440002029,Ojo Encino Chapter
350319439061111,Rock Springs Chapter
350319457021068,Manuelito Chapter
350319460032087,Smith Lake Chapter
350319440002048,Pueblo Pintado Chapter
350319439051080,Tsayatoh Chapter
350319440001587,Littlewater Chapter
350319440001564,Casamero Lake Chapter
350319457021138,Chi Chil Tah Chapter
350319438022048,Mexican Springs Chapter
350319438022037,Mexican Springs Chapter
350459432013023,Huerfano Chapter
350319439032021,Church Rock Chapter
350319436012036,Pinedale Chapter
350319436021020,Mariano Lake Chapter
350319457011051,Bread Springs Chapter
350459432013037,Huerfano Chapter
350439409002106,Torreon Chapter
350439409001134,Counselor Chapter
350319439051186,Bread Springs Chapter
350319439042082,Red Rock Chapter
350319436012073,Pinedale Chapter
350319439071508,Manuelito Chapter
350319436012075,Pinedale Chapter
350319435001096,Becenti Chapter
350319439071377,Manuelito Chapter
350319437011048,Tohatchi Chapter
350319460032159,Thoreau Chapter
350319439051167,Red Rock Chapter
350319436021044,Iyanbito Chapter
350319435001490,White Horse Lake Chapter
350319437012026,Coyote Canyon Chapter
350319437021015,Standing Rock Chapter
350319439051136,Manuelito Chapter
350319460021047,Baca Chapter
350319435001336,Crownpoint Chapter
350319437021107,Nahodishgish Chapter
350319731001043,Ramah Chapter
350319439042081,Red Rock Chapter
350319437021063,Standing Rock Chapter
350319437022054,Coyote Canyon Chapter
350319437021132,Standing Rock Chapter
350319457011186,Bread Springs Chapter
350319460032049,Mariano Lake Chapter
350319460032128,Smith Lake Chapter
350439409002145,Torreon Chapter
350319437021086,Nahodishgish Chapter
350319439051339,Chi Chil Tah Chapter
350319439071071,Tsayatoh Chapter
350319439071461,Tsayatoh Chapter
350319439031111,Bread Springs Chapter
350319439061109,Rock Springs Chapter
350319439032015,Church Rock Chapter
350319457011098,Chi Chil Tah Chapter
350319435001357,Crownpoint Chapter
350319435001341,Becenti Chapter
350319439051384,Manuelito Chapter
350319439061237,Rock Springs Chapter
350319435001386,Littlewater Chapter
350319460031132,Baca Chapter
350319457021013,Chi Chil Tah Chapter
350319438022160,Fort Defiance Chapter
350439409001253,Counselor Chapter
350019406021024,Cañoncito Chapter
350459431002183,Naschitti Chapter
350459431002184,Naschitti Chapter
350459431001068,Naschitti Chapter
350459428033005,Shiprock Chapter
350459432012370,Nageezi Chapter
350459432013355,Huerfano Chapter
350459432012598,Nageezi Chapter
350459431002056,Two Grey Hills Chapter
350459431002008,Naschitti Chapter
350459429004026,Two Grey Hills Chapter
350459431001099,Naschitti Chapter
350459428011019,Hogback Chapter
350069458001029,Ramah Chapter
350459428023008,Hogback Chapter
350459431001009,Burnham Chapter
350459432012094,Huerfano Chapter
350459430003059,Fruitland Chapter
350069458001244,Ramah Chapter
350459428012187,Shiprock Chapter
350459432012561,Nageezi Chapter
350459429003040,Sanostee Chapter
350069747015048,Baca Chapter
350459431002154,Crystal Chapter
350459432013251,Huerfano Chapter
350459428013141,Shiprock Chapter
350459429001015,Red Valley Chapter
350459432012337,Lake Valley Chapter
350459432012192,Huerfano Chapter
350319460032001,Littlewater Chapter
350319439071235,Tsayatoh Chapter
350319435001401,Crownpoint Chapter
350319436023178,Mariano Lake Chapter
350459432014225,Nageezi Chapter
350319460011005,Baca Chapter
350319435001460,Becenti Chapter
350319439061211,Rock Springs Chapter
350459428013256,Shiprock Chapter
350459429003071,Sanostee Chapter
350459429001067,Red Valley Chapter
350459432014043,Huerfano Chapter
350459432014098,Huerfano Chapter
350459428013078,Beclabito Chapter
350459432012344,Lake Valley Chapter
350459430002024,Nenahnezad/San Juan Chapter
350459428023027,Shiprock Chapter
350319437022014,Coyote Canyon Chapter
350319439061144,Rock Springs Chapter
350319436012117,Church Rock Chapter
350319438022110,Mexican Springs Chapter
350319437012000,Coyote Canyon Chapter
350319437011073,Mexican Springs Chapter
350319436023039,Mariano Lake Chapter
350319435001427,Littlewater Chapter
350319436011015,Church Rock Chapter
350319440002240,Pueblo Pintado Chapter
350319436023001,Crownpoint Chapter
350319440001031,White Horse Lake Chapter
350319436021106,Mariano Lake Chapter
350319440001454,Littlewater Chapter
350319440002291,Ojo Encino Chapter
350319437011017,Tohatchi Chapter
350319436012070,Church Rock Chapter
350319440001044,White Horse Lake Chapter
350319435001216,Becenti Chapter
350319439061138,Rock Springs Chapter
350319440001619,Casamero Lake Chapter
350319438031017,Twin Lakes Chapter
350319436023166,Crownpoint Chapter
350319460011096,Thoreau Chapter
350319440001192,White Horse Lake Chapter
350319440001195,White Horse Lake Chapter
350319438011028,Red Lake Chapter
350459429001019,Red Valley Chapter
350459430001043,Fruitland Chapter
350319436022020,Iyanbito Chapter
350459429006019,Sheep Springs Chapter
350319436011018,Church Rock Chapter
350319439032035,Church Rock Chapter
350319439071308,Rock Springs Chapter
350319439071532,Tsayatoh Chapter
350319731001045,Ramah Chapter
350459432015069,Huerfano Chapter
350319438021031,Tohatchi Chapter
350319435002065,Crownpoint Chapter
350319460011013,Thoreau Chapter
350319440002006,Ojo Encino Chapter
350319439031080,Red Rock Chapter
350319460032166,Casamero Lake Chapter
350319437022116,Twin Lakes Chapter
350319437012062,Twin Lakes Chapter
350319440001016,White Horse Lake Chapter
350319435001326,Becenti Chapter
350319437021119,Nahodishgish Chapter
350319460032123,Casamero Lake Chapter
350319439051194,Red Rock Chapter
350319460032174,Crownpoint Chapter
350319435001278,Becenti Chapter
350319438022024,Mexican Springs Chapter
350319437011061,Tohatchi Chapter
350319438021069,Mexican Springs Chapter
350319460031135,Baca Chapter
350319439031095,Bread Springs Chapter
350319439051390,Red Rock Chapter
350319439051106,Manuelito Chapter
350319438032003,Fort Defiance Chapter
350319439071174,Tsayatoh Chapter
350319436013120,Iyanbito Chapter
350319435001384,Littlewater Chapter
350319439051145,Manuelito Chapter
350319439071261,Tsayatoh Chapter
350319435001309,Becenti Chapter
350319436021069,Mariano Lake Chapter
350319439051342,Chi Chil Tah Chapter
350319436022049,Iyanbito Chapter
350319437022091,Coyote Canyon Chapter
350319439042008,Red Rock Chapter
350319439061155,Rock Springs Chapter
350319460032120,Casamero Lake Chapter
350319438022040,Mexican Springs Chapter
350319437021070,Standing Rock Chapter
350319439051354,Chi Chil Tah Chapter
350319439051131,Manuelito Chapter
350319440001423,Littlewater Chapter
350319440001597,Littlewater Chapter
350319440002331,Torreon Chapter
350459428012024,Gadii'ahi Chapter
350459431001086,Naschitti Chapter
350459428012013,Hogback Chapter
350459429004018,Newcomb Chapter
350459432013202,Huerfano Chapter
350459429002144,Sanostee Chapter
350459429002053,Sanostee Chapter
350459428013233,Hogback Chapter
350459431001037,Sheep Springs Chapter
350459430003120,Burnham Chapter
350459428022010,Shiprock Chapter
350069458001273,Ramah Chapter
350069458001282,Ramah Chapter
350459430003187,Burnham Chapter
350459432013090,Huerfano Chapter
350459432013351,Huerfano Chapter
350459428013071,Beclabito Chapter
350069458002009,Ramah Chapter
350459432012456,White Rock Chapter
350459428021001,Hogback Chapter
350459428012160,Hogback Chapter
350459428012152,Hogback Chapter
350459429001046,Red Valley Chapter
350459429002100,Newcomb Chapter
350459428013008,Teec Nos Pos Chapter
350069458001023,Ramah Chapter
350069458002178,Ramah Chapter
350459432012483,Lake Valley Chapter
350459429004110,Two Grey Hills Chapter
350459429003068,Sanostee Chapter
350459428013075,Beclabito Chapter
350459432013112,Huerfano Chapter
350459430002036,Nenahnezad/San Juan Chapter
350459431001090,Naschitti Chapter
350459432012215,White Rock Chapter
350459432012651,White Rock Chapter
350459428023002,Hogback Chapter
350459432013103,Huerfano Chapter
350539400001172,Alamo Chapter
350459429005023,Two Grey Hills Chapter
350459432013293,Huerfano Chapter
350459432013343,Huerfano Chapter
350459428024007,Shiprock Chapter
350459428013021,Teec Nos Pos Chapter
350459428013091,Beclabito Chapter
350069458001204,Ramah Chapter
350069458001302,Ramah Chapter
350069458001293,Ramah Chapter
350069458001300,Ramah Chapter
350459428023010,Shiprock Chapter
350459431001008,Burnham Chapter
350319437021044,Coyote Canyon Chapter
350319436021088,Mariano Lake Chapter
350319437021094,Nahodishgish Chapter
350459431002084,Tsaile-Wheatfields Chapter
350459428013140,Shiprock Chapter
350459430001033,Fruitland Chapter
350459429001064,Red Valley Chapter
350459432013528,Huerfano Chapter
350459432012034,Nageezi Chapter
350319439042030,Red Rock Chapter
350319436012130,Church Rock Chapter
350319435001514,Becenti Chapter
350319439051054,Red Rock Chapter
350319440001029,White Horse Lake Chapter
350319436023083,Pinedale Chapter
350319437011076,Mexican Springs Chapter
350319437011032,Tohatchi Chapter
350319440002244,Pueblo Pintado Chapter
350319440001137,White Horse Lake Chapter
350319440002380,Pueblo Pintado Chapter
350319439051382,Manuelito Chapter
350319436023004,Crownpoint Chapter
350319437012006,Twin Lakes Chapter
350319440002299,Torreon Chapter
350319437011018,Tohatchi Chapter
350319438022007,Crystal Chapter
350319440001039,White Horse Lake Chapter
350319437011010,Tohatchi Chapter
350319439031047,Red Rock Chapter
350319436021030,Mariano Lake Chapter
350319436021051,Mariano Lake Chapter
350319438021080,Tohatchi Chapter
350459432013436,Huerfano Chapter
350319436012013,Church Rock Chapter
350319439031094,Bread Springs Chapter
350319457011006,Bread Springs Chapter
350319460031120,Thoreau Chapter
350539400001160,Alamo Chapter
350319439071389,Manuelito Chapter
350319440001168,White Horse Lake Chapter
350319457011058,Chi Chil Tah Chapter
350319437011081,Twin Lakes Chapter
350459432014191,Huerfano Chapter
350319438022189,Mexican Springs Chapter
350319437021055,Nahodishgish Chapter
350319438011026,Red Lake Chapter
350319457021282,Chi Chil Tah Chapter
350319435001075,Lake Valley Chapter
350439409001155,Counselor Chapter
350319438022132,Mexican Springs Chapter
350319437021121,Nahodishgish Chapter
350319439031034,Red Rock Chapter
350319439031071,Bread Springs Chapter
350319439051211,Red Rock Chapter
350319436023015,Crownpoint Chapter
350319440001148,White Horse Lake Chapter
350319440001146,White Horse Lake Chapter
350319438022069,Mexican Springs Chapter
350319460032045,Smith Lake Chapter
350319439061131,Rock Springs Chapter
350319437021060,Standing Rock Chapter
350319437021032,Standing Rock Chapter
350319439071336,Tsayatoh Chapter
350319439051264,Manuelito Chapter
350319436013010,Pinedale Chapter
350319439061206,Rock Springs Chapter
350319439071146,Rock Springs Chapter
350319436022042,Iyanbito Chapter
350319457011121,Chi Chil Tah Chapter
350319439051294,Manuelito Chapter
350019406021025,Cañoncito Chapter
350319440002129,Ojo Encino Chapter
350319438021034,Tohatchi Chapter
350319435001268,Becenti Chapter
350019406021031,Cañoncito Chapter
350439409002156,Torreon Chapter
350459428032010,Shiprock Chapter
350459432013117,Huerfano Chapter
350459429005071,Tsaile-Wheatfields Chapter
350459432013282,Huerfano Chapter
350459428013107,Shiprock Chapter
350459432012380,Lake Valley Chapter
350459431001013,White Rock Chapter
350459432013175,Huerfano Chapter
350459432012057,Nageezi Chapter
350459432013517,Huerfano Chapter
350459431001117,Naschitti Chapter
350069458001208,Ramah Chapter
350459430001013,Fruitland Chapter
350459431002062,Two Grey Hills Chapter
350459428022021,Shiprock Chapter
350459429006036,Sheep Springs Chapter
350459429006069,Sheep Springs Chapter
350459430003178,Burnham Chapter
350069458002056,Ramah Chapter
350069458002012,Ramah Chapter
350459429006065,Sheep Springs Chapter
350459428013303,Teec Nos Pos Chapter
350459431002077,Crystal Chapter
350459430003190,Burnham Chapter
350459432012201,Huerfano Chapter
350459428013060,Beclabito Chapter
350069747015017,Baca Chapter
350459428012170,Shiprock Chapter
350069458001367,Ramah Chapter
350459432012645,Lake Valley Chapter
350459429005042,Two Grey Hills Chapter
350459430003082,Burnham Chapter
350459428021022,Shiprock Chapter
350459429001104,Sanostee Chapter
350459432013020,Huerfano Chapter
350459432012045,Nageezi Chapter
350459429005022,Two Grey Hills Chapter
350459429005084,Two Grey Hills Chapter
350459432012422,Lake Valley Chapter
350459432012414,White Rock Chapter
350459430001036,Fruitland Chapter
350459432012270,White Rock Chapter
350459429004119,Two Grey Hills Chapter
350459432013204,Huerfano Chapter
350459432012127,Nageezi Chapter
350459428013152,Shiprock Chapter
350459429004056,Newcomb Chapter
350459428013092,Beclabito Chapter
350459428013106,Shiprock Chapter
350069458001104,Ramah Chapter
350069458002191,Ramah Chapter
350459432014053,Huerfano Chapter
350319435001287,Becenti Chapter
350459431001051,Naschitti Chapter
350459431002164,Naschitti Chapter
350459429002062,Sanostee Chapter
350319437021004,Tohatchi Chapter
350319435002088,Crownpoint Chapter
350459429002010,Sanostee Chapter
350459429002019,Shiprock Chapter
350459432012593,Nageezi Chapter
350459432012652,Huerfano Chapter
350459432014226,Huerfano Chapter
350459431002119,Crystal Chapter
350539400001159,Alamo Chapter
350459428021030,Shiprock Chapter
350459429002129,Sanostee Chapter
350319438031037,Fort Defiance Chapter
350319731001083,Ramah Chapter
350319435001003,White Horse Lake Chapter
350319436023125,Mariano Lake Chapter
350319440001443,Littlewater Chapter
350319436012056,Pinedale Chapter
350319436013008,Pinedale Chapter
350319439061257,Rock Springs Chapter
350319440002330,Torreon Chapter
350319460032073,Smith Lake Chapter
350319460032072,Smith Lake Chapter
350319435001212,Becenti Chapter
350319439031026,Bread Springs Chapter
350319439051228,Manuelito Chapter
350319457021007,Chi Chil Tah Chapter
350319435002056,Crownpoint Chapter
350319436013053,Pinedale Chapter
350319439031066,Bread Springs Chapter
350459429001056,Red Valley Chapter
350459432015071,Huerfano Chapter
350459432013054,Huerfano Chapter
350319437011029,Tohatchi Chapter
350439409001311,Counselor Chapter
350319435001094,Becenti Chapter
350319457021006,Chi Chil Tah Chapter
350319440002260,Ojo Encino Chapter
350319440001526,Littlewater Chapter
350319436021094,Mariano Lake Chapter
350319435003040,Mariano Lake Chapter
350319439042032,Red Rock Chapter
350319439071307,Tsayatoh Chapter
350319460032029,Casamero Lake Chapter
350319440001509,Littlewater Chapter
350319438022184,Red Lake Chapter
350319440002303,Ojo Encino Chapter
350319435001037,Lake Valley Chapter
350319435001418,Crownpoint Chapter
350319437021139,Coyote Canyon Chapter
350319457021016,Chi Chil Tah Chapter
350439409002046,Torreon Chapter
350439409001293,Counselor Chapter
350319437021140,Nahodishgish Chapter
350319436023148,Mariano Lake Chapter
350319731001034,Ramah Chapter
350319439071102,Tsayatoh Chapter
350319457021207,Chi Chil Tah Chapter
350319438022004,Mexican Springs Chapter
350319438022190,Mexican Springs Chapter
350319437011042,Tohatchi Chapter
350319438022120,Mexican Springs Chapter
350319460032167,Littlewater Chapter
350319460031004,Casamero Lake Chapter
350319438021060,Tohatchi Chapter
350319435001421,Crownpoint Chapter
350319435003006,Crownpoint Chapter
350439409001273,Torreon Chapter
350439409001219,Counselor Chapter
350319457011009,Bread Springs Chapter
350319457021163,Chi Chil Tah Chapter
350319438032032,Fort Defiance Chapter
350319437011006,Coyote Canyon Chapter
350319436011110,Church Rock Chapter
350319439061163,Rock Springs Chapter
350319439061180,Rock Springs Chapter
350319439031068,Bread Springs Chapter
350319440002192,Pueblo Pintado Chapter
350319435001150,White Horse Lake Chapter
350319440002288,Ojo Encino Chapter
350319439051239,Manuelito Chapter
350319439071479,Manuelito Chapter
350319439061120,Rock Springs Chapter
350459428012026,Gadii'ahi Chapter
350459428031010,Shiprock Chapter
350459429004032,Newcomb Chapter
350459432014042,Huerfano Chapter
350459429001025,Red Valley Chapter
350459430003175,Burnham Chapter
350459429004060,Newcomb Chapter
350459430003163,Burnham Chapter
350459432014232,Nageezi Chapter
350069458002120,Ramah Chapter
350069458002051,Ramah Chapter
350459430003099,Burnham Chapter
350459432012278,White Rock Chapter
350459431002118,Crystal Chapter
350459428013051,Beclabito Chapter
350459428013036,Beclabito Chapter
350459428013049,Beclabito Chapter
350459431002002,Naschitti Chapter
350459428012145,Hogback Chapter
350069458002251,Ramah Chapter
350459432012074,Nageezi Chapter
350459430003066,Fruitland Chapter
350459429005034,Two Grey Hills Chapter
350459428011026,Hogback Chapter
350459428021008,Shiprock Chapter
350459429003000,Sanostee Chapter
350459432012188,Huerfano Chapter
350459429004079,Newcomb Chapter
350459432013179,Huerfano Chapter
350459432013045,Huerfano Chapter
350459430001067,Fruitland Chapter
350459430003038,Fruitland Chapter
350459428013150,Shiprock Chapter
350459428024026,Shiprock Chapter
350459432012656,Huerfano Chapter
350459432013532,Huerfano Chapter
350459430003203,White Rock Chapter
350319440001185,White Horse Lake Chapter
350319460021142,Baca Chapter
350319436023151,Mariano Lake Chapter
350319436013094,Pinedale Chapter
350459428024022,Shiprock Chapter
350459429002089,Sanostee Chapter
350459430002130,Burnham Chapter
350459432013354,Huerfano Chapter
350459428013163,Shiprock Chapter
350459431001045,Naschitti Chapter
350539400001164,Alamo Chapter
350459432012047,Nageezi Chapter
350459432012584,Nageezi Chapter
350539400001121,Alamo Chapter
350319436011111,Church Rock Chapter
350319440002270,Ojo Encino Chapter
350319457021165,Chi Chil Tah Chapter
350319460031018,Casamero Lake Chapter
350319437011001,Tohatchi Chapter
350319439051057,Tsayatoh Chapter
350319460032043,Smith Lake Chapter
350319439042009,Red Rock Chapter
350319457021082,Chi Chil Tah Chapter
350319436022089,Mariano Lake Chapter
350319436021103,Thoreau Chapter
350319435001092,Becenti Chapter
350319437012057,Twin Lakes Chapter
350319460021065,Baca Chapter
350319439031120,Bread Springs Chapter
350430109002932,Cañoncito Chapter
350319436012025,Pinedale Chapter
350459428012113,Gadii'ahi Chapter
350319436011154,Church Rock Chapter
350319437021136,Nahodishgish Chapter
350319460011104,Thoreau Chapter
350319440002100,Pueblo Pintado Chapter
350319439071503,Manuelito Chapter
350319440001650,White Horse Lake Chapter
350319460032106,Casamero Lake Chapter
350319435001104,Becenti Chapter
350319439051237,Manuelito Chapter
350319435001467,Crownpoint Chapter
350319437022007,Coyote Canyon Chapter
350319435002017,Becenti Chapter
350319457021175,Chi Chil Tah Chapter
350319436023110,Pinedale Chapter
350319438022041,Mexican Springs Chapter
350319436012003,Pinedale Chapter
350319460032041,Smith Lake Chapter
350319435001305,Becenti Chapter
350319800001020,Church Rock Chapter
350319440002142,Torreon Chapter
350319436013022,Pinedale Chapter
350319439071014,Rock Springs Chapter
350319439051357,Chi Chil Tah Chapter
350319438031041,Twin Lakes Chapter
350319436021042,Pinedale Chapter
350319437021036,Standing Rock Chapter
350319440001525,Littlewater Chapter
350319435001412,Crownpoint Chapter
350319437011015,Tohatchi Chapter
350319437021033,Standing Rock Chapter
350319440001116,White Horse Lake Chapter
350319439051313,Chi Chil Tah Chapter
350439409001221,Counselor Chapter
350459428032003,Shiprock Chapter
350459432012453,White Rock Chapter
350459429005036,Two Grey Hills Chapter
350459430003107,Fruitland Chapter
350459429001105,Sanostee Chapter
350459430003123,Burnham Chapter
350459432012516,Lake Valley Chapter
350069458001226,Ramah Chapter
350069458002250,Ramah Chapter
350459429001088,Sanostee Chapter
350459431002088,Crystal Chapter
350459429004050,Newcomb Chapter
350459429006048,Sheep Springs Chapter
350459431001005,Burnham Chapter
350069458002066,Ramah Chapter
350459430001010,Fruitland Chapter
350459428021002,Shiprock Chapter
350459432013176,Huerfano Chapter
350459428012136,Hogback Chapter
350069458001012,Ramah Chapter
350459432013487,Huerfano Chapter
350459428012096,Gadii'ahi Chapter
350459428022002,Shiprock Chapter
350459428013161,Shiprock Chapter
350459428013184,Shiprock Chapter
350459428021035,Hogback Chapter
350459430001011,Fruitland Chapter
350459429004049,Newcomb Chapter
350069458002241,Ramah Chapter
350459428012155,Hogback Chapter
350459432012216,White Rock Chapter
350459432012249,Huerfano Chapter
350459428013281,Sanostee Chapter
350459428013215,Hogback Chapter
350319440001182,White Horse Lake Chapter
350319439032007,Church Rock Chapter
350319439051120,Manuelito Chapter
350319440002190,Pueblo Pintado Chapter
350319460032062,Smith Lake Chapter
350459430003000,Fruitland Chapter
350459428013164,Shiprock Chapter
350319439061063,Rock Springs Chapter
350459432014293,Nageezi Chapter
350539400001081,Alamo Chapter
350459432013186,Huerfano Chapter
350319438031016,Twin Lakes Chapter
350319439061232,Rock Springs Chapter
350319439041001,Red Rock Chapter
350319439051154,Red Rock Chapter
350319437011077,Mexican Springs Chapter
350319436023168,Crownpoint Chapter
350319460031115,Baca Chapter
350319436012027,Pinedale Chapter
350319440002367,Pueblo Pintado Chapter
350319440001045,White Horse Lake Chapter
350319460031030,Casamero Lake Chapter
350319460032126,Casamero Lake Chapter
350319435002051,Crownpoint Chapter
350319439071399,Manuelito Chapter
350319436021090,Smith Lake Chapter
350319438022008,Crystal Chapter
350459432013121,Huerfano Chapter
350319437022009,Coyote Canyon Chapter
350459430001040,Fruitland Chapter
350459430001041,Fruitland Chapter
350319731001031,Ramah Chapter
350459432013068,Huerfano Chapter
350319460032148,Thoreau Chapter
350319439032069,Church Rock Chapter
350319436012087,Church Rock Chapter
350319436012019,Church Rock Chapter
350319435001067,Becenti Chapter
350319435001196,Becenti Chapter
350319439042039,Red Rock Chapter
350319439041034,Red Rock Chapter
350319460032018,Littlewater Chapter
350319460011011,Thoreau Chapter
350319437021005,Standing Rock Chapter
350319440001492,Crownpoint Chapter
350319440001531,Littlewater Chapter
350319435001350,Crownpoint Chapter
350319435001330,Becenti Chapter
350319438022105,Mexican Springs Chapter
350319460031033,Smith Lake Chapter
350319438031012,Fort Defiance Chapter
350319437022040,Coyote Canyon Chapter
350319439061222,Rock Springs Chapter
350319435001031,Lake Valley Chapter
350319435001234,Becenti Chapter
350319438022038,Mexican Springs Chapter
350319437011062,Tohatchi Chapter
350319438022124,Mexican Springs Chapter
350319436023081,Pinedale Chapter
350319439071233,Tsayatoh Chapter
350439409001124,Counselor Chapter
350319437021028,Standing Rock Chapter
350319438032000,Red Lake Chapter
350319438022073,Mexican Springs Chapter
350319440001466,Littlewater Chapter
350319436011136,Church Rock Chapter
350319436022040,Iyanbito Chapter
350319436021079,Thoreau Chapter
350319436021019,Mariano Lake Chapter
350319440002268,Ojo Encino Chapter
350319438032007,Fort Defiance Chapter
350319439031019,Bread Springs Chapter
350019406021022,Cañoncito Chapter
350019406021016,Cañoncito Chapter
350439409002114,Torreon Chapter
350439409001066,Counselor Chapter
350459428012000,Hogback Chapter
350459432012451,White Rock Chapter
350459432013207,Huerfano Chapter
350459432013198,Huerfano Chapter
350459429001011,Red Valley Chapter
350459430003056,Fruitland Chapter
350459432013390,Huerfano Chapter
350459429005114,Sheep Springs Chapter
350459432013551,Huerfano Chapter
350459428013062,Beclabito Chapter
350539400001149,Alamo Chapter
350069458001275,Ramah Chapter
350459428012151,Hogback Chapter
350459432013410,Huerfano Chapter
350459431002152,Crystal Chapter
350459431002123,Naschitti Chapter
350459432012510,Lake Valley Chapter
350459428012060,Gadii'ahi Chapter
350459428012068,Gadii'ahi Chapter
350459428013042,Beclabito Chapter
350459432014287,Nageezi Chapter
350459431001087,Naschitti Chapter
350459431001113,Naschitti Chapter
350459428011006,Hogback Chapter
350459430003071,Fruitland Chapter
350459430003109,Burnham Chapter
350069458001240,Ramah Chapter
350459429005030,Two Grey Hills Chapter
350459429003008,Sanostee Chapter
350459432013157,Huerfano Chapter
350459429005102,Two Grey Hills Chapter
350459432013234,Huerfano Chapter
350459428013271,Hogback Chapter
350459432013518,Huerfano Chapter
350459430003065,Fruitland Chapter
350459432015039,Huerfano Chapter
350459432012401,Lake Valley Chapter
350459430002030,Nenahnezad/San Juan Chapter
350459428013244,Shiprock Chapter
350459430003015,Fruitland Chapter
350459429002070,Sanostee Chapter
350459428013123,Beclabito Chapter
350459428013193,Shiprock Chapter
350459430003222,Fruitland Chapter
350459430003006,Fruitland Chapter
350459428012066,Gadii'ahi Chapter
350069458002201,Ramah Chapter
350459432012196,Huerfano Chapter
350459430003014,Fruitland Chapter
350459428013205,Hogback Chapter
350319439071405,Manuelito Chapter
350319435003023,Crownpoint Chapter
350319435002068,Crownpoint Chapter
350319436011161,Pinedale Chapter
350319436011029,Pinedale Chapter
350459431001084,Naschitti Chapter
350069458001389,Ramah Chapter
350319437022001,Tohatchi Chapter
350319436023095,Mariano Lake Chapter
350319437022043,Standing Rock Chapter
350019406021054,Cañoncito Chapter
350319436022021,Iyanbito Chapter
350459428013235,Hogback Chapter
350459430003001,Fruitland Chapter
350459428013167,Shiprock Chapter
350459430001019,Fruitland Chapter
350459431002113,Crystal Chapter
350459432012243,White Rock Chapter
350539400001165,Alamo Chapter
350459432012364,Lake Valley Chapter
350459430002075,Nenahnezad/San Juan Chapter
350319436012140,Church Rock Chapter
350319436023010,Mariano Lake Chapter
350319435003036,Crownpoint Chapter
350319438021000,Tohatchi Chapter
350319438022018,Tohatchi Chapter
350319435001194,Becenti Chapter
350319435001222,Becenti Chapter
350319440002368,White Horse Lake Chapter
350319439031027,Bread Springs Chapter
350319439042083,Red Rock Chapter
350319460032009,Littlewater Chapter
350319435002074,Crownpoint Chapter
350319438011027,Red Lake Chapter
350459432013538,Huerfano Chapter
350319460031312,Baca Chapter
350319460031094,Baca Chapter
350439409001186,Counselor Chapter
350319457021026,Chi Chil Tah Chapter
350319436013091,Pinedale Chapter
350319440001452,Littlewater Chapter
350319439071515,Manuelito Chapter
350319439051378,Chi Chil Tah Chapter
350319460032088,Smith Lake Chapter
350319439051321,Chi Chil Tah Chapter
350319460031177,Baca Chapter
350319439071410,Tsayatoh Chapter
350439409002126,Torreon Chapter
350439409001059,Counselor Chapter
350319437021106,Nahodishgish Chapter
350319437021116,Nahodishgish Chapter
350319436021070,Mariano Lake Chapter
350319439042021,Red Rock Chapter
350319457011169,Chi Chil Tah Chapter
350319440002151,Pueblo Pintado Chapter
350319460031022,Casamero Lake Chapter
350319436021072,Mariano Lake Chapter
350319439051188,Bread Springs Chapter
350319452011035,Red Rock Chapter
350019406022008,Cañoncito Chapter
350439409002022,Torreon Chapter
350319457021162,Chi Chil Tah Chapter
350319439032003,Church Rock Chapter
350319457011031,Chi Chil Tah Chapter
350319439051156,Red Rock Chapter
350319435001284,Becenti Chapter
350319439051325,Chi Chil Tah Chapter
350319439061167,Rock Springs Chapter
350319438031029,Twin Lakes Chapter
350319436021092,Smith Lake Chapter
350319439071213,Tsayatoh Chapter
350319439051031,Tsayatoh Chapter
350319437012055,Twin Lakes Chapter
350319436022026,Iyanbito Chapter
350319439031050,Red Rock Chapter
350319437011038,Tohatchi Chapter
350319437021087,Nahodishgish Chapter
350319436021011,Pinedale Chapter
350319439051307,Manuelito Chapter
350319460012000,Thoreau Chapter
350319440001077,White Horse Lake Chapter
350019406021063,Cañoncito Chapter
350439409001199,Counselor Chapter
350459429001010,Red Valley Chapter
350459432014086,Huerfano Chapter
350459429006002,Sheep Springs Chapter
350459429002138,Sanostee Chapter
350459429003023,Sanostee Chapter
350459432014046,Huerfano Chapter
350459432013370,Huerfano Chapter
350459428013293,Beclabito Chapter
350459431001028,Naschitti Chapter
350459428011007,Hogback Chapter
350459429002108,Newcomb Chapter
350069458001128,Ramah Chapter
350069461001081,Cañoncito Chapter
350459428013010,Beclabito Chapter
350459430003060,Huerfano Chapter
350459430002041,Nenahnezad/San Juan Chapter
350459429006027,Sheep Springs Chapter
350069458001191,Ramah Chapter
350459429004087,Two Grey Hills Chapter
350459432015048,Huerfano Chapter
350459432013299,Huerfano Chapter
350459432014051,Huerfano Chapter
350459430002104,Nenahnezad/San Juan Chapter
350459432015073,Huerfano Chapter
350459432012441,White Rock Chapter
350459428013242,Shiprock Chapter
350459428013221,Hogback Chapter
350459428012056,Gadii'ahi Chapter
350459428013108,Shiprock Chapter
350459429005047,Tsaile-Wheatfields Chapter
350319435001088,Becenti Chapter
350459432014350,Nageezi Chapter
350459432014260,Nageezi Chapter
350319436023021,Mariano Lake Chapter
350459429005089,Newcomb Chapter
350459431002181,Naschitti Chapter
350319437011057,Tohatchi Chapter
350459428012116,Gadii'ahi Chapter
350459432012438,White Rock Chapter
350459429002051,Sanostee Chapter
350539400001135,Alamo Chapter
350319439061203,Rock Springs Chapter
350319439071462,Tsayatoh Chapter
350319436023084,Pinedale Chapter
350459428013156,Shiprock Chapter
350319439071032,Tsayatoh Chapter
350319435003020,Crownpoint Chapter
350319437022101,Coyote Canyon Chapter
350319440002167,Pueblo Pintado Chapter
350319437011025,Tohatchi Chapter
350319437011000,Tohatchi Chapter
350319436022047,Iyanbito Chapter
350319435001033,Lake Valley Chapter
350319439031038,Red Rock Chapter
350319439031090,Bread Springs Chapter
350319460032016,Casamero Lake Chapter
350319435001295,Becenti Chapter
350459429001063,Red Valley Chapter
350319437011036,Tohatchi Chapter
350459432013185,Huerfano Chapter
350459430002088,Nenahnezad/San Juan Chapter
350459432012447,White Rock Chapter
350319438022100,Mexican Springs Chapter
350319440002257,Ojo Encino Chapter
350319436023113,Mariano Lake Chapter
350439409001135,Counselor Chapter
350319439061102,Rock Springs Chapter
350319436013105,Pinedale Chapter
350319457021089,Chi Chil Tah Chapter
350319436021098,Smith Lake Chapter
350319439071297,Tsayatoh Chapter
350319435001302,Becenti Chapter
350319437021019,Standing Rock Chapter
350319435001244,Becenti Chapter
350319440002074,Pueblo Pintado Chapter
350319439042006,Red Rock Chapter
350319438022139,Twin Lakes Chapter
350319440001153,White Horse Lake Chapter
350319438022147,Twin Lakes Chapter
350319436012021,Church Rock Chapter
350319437012060,Twin Lakes Chapter
350439409002098,Torreon Chapter
350439409002070,Torreon Chapter
350319439071132,Tsayatoh Chapter
350319436021091,Smith Lake Chapter
350319435001045,Lake Valley Chapter
350319439071446,Tsayatoh Chapter
350319436023018,Mariano Lake Chapter
350319439061243,Church Rock Chapter
350319435001445,Crownpoint Chapter
350319437021035,Standing Rock Chapter
350439409001065,Counselor Chapter
350319439031082,Bread Springs Chapter
350319439061194,Rock Springs Chapter
350319457021126,Chi Chil Tah Chapter
350319457021037,Chi Chil Tah Chapter
350319438032048,Fort Defiance Chapter
350319437022006,Coyote Canyon Chapter
350319435001147,White Horse Lake Chapter
350319436022035,Iyanbito Chapter
350319439042077,Red Rock Chapter
350319439051318,Chi Chil Tah Chapter
350319439051235,Chi Chil Tah Chapter
350319436022016,Iyanbito Chapter
350319438022151,Twin Lakes Chapter
350019406021069,Cañoncito Chapter
350459432014280,Nageezi Chapter
350459431002185,Naschitti Chapter
350459432013384,Huerfano Chapter
350459432013193,Huerfano Chapter
350459429002054,Sanostee Chapter
350459429002077,Sanostee Chapter
350459431001033,Naschitti Chapter
350459430003221,Burnham Chapter
350459429006033,Two Grey Hills Chapter
350069458002217,Ramah Chapter
350459432013302,Huerfano Chapter
350459431002188,Naschitti Chapter
350459432013256,Huerfano Chapter
350459432014269,Nageezi Chapter
350069458001004,Ramah Chapter
350459428021005,Shiprock Chapter
350459429006008,Newcomb Chapter
350459429003003,Sanostee Chapter
350069458001176,Ramah Chapter
350459428013143,Shiprock Chapter
350459431001017,White Rock Chapter
350459431002191,Naschitti Chapter
350459431002014,Naschitti Chapter
350459432015075,Huerfano Chapter
350459432012461,White Rock Chapter
350459429001062,Red Valley Chapter
350459429005004,Newcomb Chapter
350459428011041,Hogback Chapter
350459428013180,Shiprock Chapter
350459430003037,Fruitland Chapter
350069458001133,Ramah Chapter
350319436013083,Pinedale Chapter
350069458002041,Ramah Chapter
350319436011080,Church Rock Chapter
350319457011002,Bread Springs Chapter
350319438011012,Mexican Springs Chapter
350319439051366,Chi Chil Tah Chapter
350459429002047,Sanostee Chapter
350459432012566,Nageezi Chapter
350319440001566,Casamero Lake Chapter
350459429002114,Sanostee Chapter
350459429002112,Sanostee Chapter
350459432012663,Huerfano Chapter
350319436023157,Smith Lake Chapter
350319437022004,Coyote Canyon Chapter
350319440002093,Nageezi Chapter
350319436012116,Church Rock Chapter
350319439071536,Tsayatoh Chapter
350319457021136,Chi Chil Tah Chapter
350319440001034,White Horse Lake Chapter
350319457021152,Chi Chil Tah Chapter
350539400001020,Alamo Chapter
350539400001049,Alamo Chapter
350319438031013,Fort Defiance Chapter
350319439071024,Rock Springs Chapter
350319437022075,Coyote Canyon Chapter
350319436023007,Crownpoint Chapter
350319440002370,White Horse Lake Chapter
350539400001065,Alamo Chapter
350319439051038,Red Rock Chapter
350319460031173,Baca Chapter
350319435001152,White Horse Lake Chapter
350319436021055,Smith Lake Chapter
350459429001051,Red Valley Chapter
350459432013424,Huerfano Chapter
350459428012128,Gadii'ahi Chapter
350459428012176,Gadii'ahi Chapter
350319436012012,Church Rock Chapter
350439409001285,Torreon Chapter
350439409001328,Counselor Chapter
350439409001330,Counselor Chapter
350319438021026,Tohatchi Chapter
350319438021032,Tohatchi Chapter
350319436012064,Church Rock Chapter
350319439071134,Rock Springs Chapter
350319436011056,Church Rock Chapter
350319435003031,Crownpoint Chapter
350319460032035,Smith Lake Chapter
350319457021252,Chi Chil Tah Chapter
350319439031115,Bread Springs Chapter
350319438011004,Red Lake Chapter
350319438022164,Red Lake Chapter
350319439071050,Tsayatoh Chapter
350319436023054,Mariano Lake Chapter
350319439071470,Manuelito Chapter
350319436012083,Church Rock Chapter
350319439032006,Church Rock Chapter
350319439071533,Tsayatoh Chapter
350319440001431,Littlewater Chapter
350319435001256,Becenti Chapter
350319435001298,Becenti Chapter
350319440001189,White Horse Lake Chapter
350319440001035,White Horse Lake Chapter
350319438022109,Mexican Springs Chapter
350319438022126,Mexican Springs Chapter
350319460032044,Smith Lake Chapter
350319437021115,Nahodishgish Chapter
350319439042044,Bread Springs Chapter
350319439041005,Red Rock Chapter
350319439061089,Rock Springs Chapter
350319438031030,Twin Lakes Chapter
350319437021074,Standing Rock Chapter
350319437012014,Twin Lakes Chapter
350319438021059,Tohatchi Chapter
350319440001227,White Horse Lake Chapter
350319436012162,Iyanbito Chapter
350319440001157,White Horse Lake Chapter
350319435002016,Crownpoint Chapter
350319435003009,Crownpoint Chapter
350319460011114,Thoreau Chapter
350459428012153,Hogback Chapter
350459428032007,Shiprock Chapter
350459429005017,Two Grey Hills Chapter
350459430003053,Fruitland Chapter
350459429002162,Sanostee Chapter
350459429004045,Newcomb Chapter
350459431002166,Naschitti Chapter
350459430003211,Sheep Springs Chapter
350459432012324,Lake Valley Chapter
350459428013286,Nenahnezad/San Juan Chapter
350069458001234,Ramah Chapter
350459432013530,Huerfano Chapter
350459429005061,Two Grey Hills Chapter
350459428022019,Shiprock Chapter
350069458002177,Ramah Chapter
350069458001311,Ramah Chapter
350459429004000,Newcomb Chapter
350069458001047,Ramah Chapter
350069458002245,Ramah Chapter
350069461001084,Cañoncito Chapter
350459428011001,Hogback Chapter
350459431002146,Crystal Chapter
350459431002092,Crystal Chapter
350459432013162,Huerfano Chapter
350459432013386,Huerfano Chapter
350459431002103,Crystal Chapter
350459430003216,Burnham Chapter
350459431001098,Naschitti Chapter
350069458001320,Ramah Chapter
350459429005054,Two Grey Hills Chapter
350459429003036,Sanostee Chapter
350459429006029,Two Grey Hills Chapter
350459432012208,Huerfano Chapter
350459430002102,Fruitland Chapter
350459429002035,Sanostee Chapter
350459432013021,Huerfano Chapter
350459432013358,Huerfano Chapter
350459432013041,Huerfano Chapter
350459430003064,Fruitland Chapter
350459428013159,Shiprock Chapter
350459428013179,Shiprock Chapter
350459429001050,Red Valley Chapter
350459429002060,Sanostee Chapter
350459430003152,Burnham Chapter
350459428013139,Shiprock Chapter
350069458001178,Ramah Chapter
350459432013495,Huerfano Chapter
350459432012321,Lake Valley Chapter
350459432012298,White Rock Chapter
350319457011095,Chi Chil Tah Chapter
350319436011063,Church Rock Chapter
350319436013033,Pinedale Chapter
350459431001076,Naschitti Chapter
350069458002074,Ramah Chapter
350459430003135,Burnham Chapter
350319435002039,Crownpoint Chapter
350319460031274,Baca Chapter
350319439051173,Chi Chil Tah Chapter
350459430001025,Fruitland Chapter
350459429002032,Sanostee Chapter
350459430003028,Nenahnezad/San Juan Chapter
350459430003041,Nenahnezad/San Juan Chapter
350459430002135,Burnham Chapter
350459432014097,Huerfano Chapter
350459432012352,Lake Valley Chapter
350319437012051,Twin Lakes Chapter
350319436012133,Church Rock Chapter
350319731001087,Ramah Chapter
350319439032065,Church Rock Chapter
350539400001126,Alamo Chapter
350319435002082,Mariano Lake Chapter
350319435001429,Littlewater Chapter
350319437022111,Coyote Canyon Chapter
350319457011109,Chi Chil Tah Chapter
350319440002057,Pueblo Pintado Chapter
350319436023124,Mariano Lake Chapter
350319440001011,White Horse Lake Chapter
350319460032036,Smith Lake Chapter
350319438022186,Crystal Chapter
350319457021192,Chi Chil Tah Chapter
350319457021184,Chi Chil Tah Chapter
350319437022099,Coyote Canyon Chapter
350319460032040,Smith Lake Chapter
350319438022044,Mexican Springs Chapter
350319435001265,Becenti Chapter
350459432013427,Huerfano Chapter
350459432012465,Lake Valley Chapter
350459432013053,Huerfano Chapter
350319438021001,Tohatchi Chapter
350439409001160,Counselor Chapter
350439409001195,Counselor Chapter
350319439031117,Bread Springs Chapter
350319439031072,Bread Springs Chapter
350319438022146,Twin Lakes Chapter
350319460011008,Thoreau Chapter
350319440002293,Ojo Encino Chapter
350319435001260,Becenti Chapter
350319438031039,Twin Lakes Chapter
350319435001209,Becenti Chapter
350319437012031,Twin Lakes Chapter
350319440001063,White Horse Lake Chapter
350319438021041,Mexican Springs Chapter
350319438032023,Fort Defiance Chapter
350319439071249,Tsayatoh Chapter
350319436023101,Mariano Lake Chapter
350319437021141,Nahodishgish Chapter
350439409002104,Torreon Chapter
350439409002115,Torreon Chapter
350319439061241,Rock Springs Chapter
350319436022000,Mariano Lake Chapter
350319435001228,Becenti Chapter
350319438022028,Mexican Springs Chapter
350319439051041,Red Rock Chapter
350319460032002,Littlewater Chapter
350319436021025,Mariano Lake Chapter
350319439061077,Rock Springs Chapter
350319460031060,Baca Chapter
350319436022064,Iyanbito Chapter
350319438022092,Mexican Springs Chapter
350319437012011,Twin Lakes Chapter
350319436011103,Church Rock Chapter
350319436022004,Mariano Lake Chapter
350319439051176,Chi Chil Tah Chapter
350319439061099,Rock Springs Chapter
350319460011040,Thoreau Chapter
350319440001571,Baca Chapter
350319435001329,Becenti Chapter
350319440002305,Torreon Chapter
350319439031013,Bread Springs Chapter
350319460021063,Baca Chapter
350319435001142,White Horse Lake Chapter
350439409002159,Torreon Chapter
350459432012444,White Rock Chapter
350459432014229,Nageezi Chapter
350459432013216,Huerfano Chapter
350459429005064,Two Grey Hills Chapter
350459432014061,Huerfano Chapter
350459428013006,Teec Nos Pos Chapter
350459432013505,Huerfano Chapter
350069458001347,Ramah Chapter
350459429001081,Sanostee Chapter
350539400001147,Alamo Chapter
350069458002087,Ramah Chapter
350459429006040,Sheep Springs Chapter
350459428011014,Hogback Chapter
350069458001356,Ramah Chapter
350069747015013,Baca Chapter
350459431002036,Sheep Springs Chapter
350459428012055,Gadii'ahi Chapter
350459429006011,Newcomb Chapter
350459431001034,Naschitti Chapter
350459432014184,Huerfano Chapter
350459429002074,Sanostee Chapter
350459429005076,Crystal Chapter
350459432013413,Huerfano Chapter
350459429001043,Red Valley Chapter
350459432012258,White Rock Chapter
350459432012639,Lake Valley Chapter
350459430003017,Fruitland Chapter
350459429005013,Two Grey Hills Chapter
350459432012166,Huerfano Chapter
350459432013040,Huerfano Chapter
350459432012039,Nageezi Chapter
350459432012390,Lake Valley Chapter
350459428013130,Red Valley Chapter
350459428013198,Shiprock Chapter
350459428013240,Shiprock Chapter
350459429004022,Newcomb Chapter
350459429004057,Newcomb Chapter
350459429004043,Newcomb Chapter
350459429002146,Sanostee Chapter
350069458002105,Ramah Chapter
350459430002027,Nenahnezad/San Juan Chapter
350319457021250,Chi Chil Tah Chapter
350319436021096,Smith Lake Chapter
350319436011133,Church Rock Chapter
350459431002003,Naschitti Chapter
350459432013307,Huerfano Chapter
350319435001435,Crownpoint Chapter
350319460031308,Baca Chapter
350319437021093,Nahodishgish Chapter
350319457021076,Manuelito Chapter
350319440002178,Pueblo Pintado Chapter
350019406021085,Cañoncito Chapter
350459429002013,Sanostee Chapter
350459430003031,Nenahnezad/San Juan Chapter
350459432012205,Huerfano Chapter
350459432012504,Lake Valley Chapter
350459432012207,Huerfano Chapter
350459432012397,Lake Valley Chapter
350459428013203,Hogback Chapter
350459428013282,Sanostee Chapter
350319437022017,Coyote Canyon Chapter
350319437022025,Coyote Canyon Chapter
350319438032043,Fort Defiance Chapter
350399410002718,Nageezi Chapter
350319439061095,Rock Springs Chapter
350319457021111,Chi Chil Tah Chapter
350319437022080,Coyote Canyon Chapter
350319435002085,Mariano Lake Chapter
350319439061219,Rock Springs Chapter
350319440001520,Littlewater Chapter
350319439071159,Tsayatoh Chapter
350319731001063,Ramah Chapter
350319436011168,Rock Springs Chapter
350319460032031,Crownpoint Chapter
350319439031067,Bread Springs Chapter
350439409001151,Counselor Chapter
350319440002002,Ojo Encino Chapter
350319435001225,Becenti Chapter
350319438022056,Mexican Springs Chapter
350319437012036,Twin Lakes Chapter
350319436013115,Iyanbito Chapter
350319440001464,Littlewater Chapter
350319440001538,Casamero Lake Chapter
350319437022094,Coyote Canyon Chapter
350319435002011,Crownpoint Chapter
350319439051055,Red Rock Chapter
350439409002125,Torreon Chapter
350319437021117,Nahodishgish Chapter
350319436023026,Mariano Lake Chapter
350319439071474,Manuelito Chapter
350319439031086,Bread Springs Chapter
350319437021068,Standing Rock Chapter
350319439042014,Red Rock Chapter
350319438022009,Mexican Springs Chapter
350319438022012,Mexican Springs Chapter
350319437011047,Tohatchi Chapter
350319436023093,Mariano Lake Chapter
350319436023116,Mariano Lake Chapter
350319440001178,White Horse Lake Chapter
350319457011179,Bread Springs Chapter
350019406021062,Cañoncito Chapter
350019406022010,Cañoncito Chapter
350319437011040,Tohatchi Chapter
350319439071188,Tsayatoh Chapter
350319440001080,White Horse Lake Chapter
350319460031203,Baca Chapter
350319439071278,Tsayatoh Chapter
350319435001073,Becenti Chapter
350319440001631,White Horse Lake Chapter
350319436022084,Iyanbito Chapter
350319438032046,Fort Defiance Chapter
350319439042079,Red Rock Chapter
350319436013100,Pinedale Chapter
350319436021029,Mariano Lake Chapter
350319437022047,Coyote Canyon Chapter
350319439051291,Manuelito Chapter
350319457021062,Manuelito Chapter
350319439051109,Manuelito Chapter
350439409001206,Counselor Chapter
350319437012053,Twin Lakes Chapter
350319438032022,Fort Defiance Chapter
350439409001054,Counselor Chapter
350459428033007,Shiprock Chapter
350459432014060,Huerfano Chapter
350459429002066,Sanostee Chapter
350459429003060,Sanostee Chapter
350459432012286,White Rock Chapter
350459428024010,Shiprock Chapter
350069458002189,Ramah Chapter
350459430002138,Sanostee Chapter
350069458001284,Ramah Chapter
350459432013285,Huerfano Chapter
350459432012615,Nageezi Chapter
350459432012272,White Rock Chapter
350459429004073,Newcomb Chapter
350459429006070,Sheep Springs Chapter
350069458002238,Ramah Chapter
350069458001011,Ramah Chapter
350459428021036,Hogback Chapter
350459428013259,Red Valley Chapter
350459432014193,Huerfano Chapter
350459431002083,Crystal Chapter
350069458002252,Ramah Chapter
350459432013359,Huerfano Chapter
350459432013360,Huerfano Chapter
350459429002076,Sanostee Chapter
350459429005090,Two Grey Hills Chapter
350459428012082,Gadii'ahi Chapter
350319436023051,Mariano Lake Chapter
350319435001289,Becenti Chapter
350459431001061,Naschitti Chapter
350459432013223,Huerfano Chapter
350319439032030,Church Rock Chapter
350459431002169,Naschitti Chapter
350459428024030,Shiprock Chapter
350459432014325,Nageezi Chapter
350459432012479,White Rock Chapter
350459430002136,Nenahnezad/San Juan Chapter
350459428022004,Shiprock Chapter
350319440002282,Ojo Encino Chapter
350319439032039,Church Rock Chapter
350319438021072,Tohatchi Chapter
350319439071153,Tsayatoh Chapter
350319440001428,Littlewater Chapter
350319439051371,Manuelito Chapter
350319440002152,Pueblo Pintado Chapter
350319440002338,Torreon Chapter
350319436013119,Iyanbito Chapter
350319437011026,Tohatchi Chapter
350319460032078,Smith Lake Chapter
350319435001238,Becenti Chapter
350319435001027,Lake Valley Chapter
350319435001221,Becenti Chapter
350319439031025,Bread Springs Chapter
350319440001554,Littlewater Chapter
350319440001187,White Horse Lake Chapter
350319439071322,Manuelito Chapter
350459432013082,Huerfano Chapter
350319437011028,Tohatchi Chapter
350319437011030,Tohatchi Chapter
350319437012058,Twin Lakes Chapter
350319438022128,Mexican Springs Chapter
350319440002356,Torreon Chapter
350459432013064,Huerfano Chapter
350439409001190,Counselor Chapter
350319436023078,Pinedale Chapter
350319460021017,Baca Chapter
350319440001445,Littlewater Chapter
350319440001480,Littlewater Chapter
350319460032141,Casamero Lake Chapter
350319460021141,Baca Chapter
350319457021285,Chi Chil Tah Chapter
350319439032048,Church Rock Chapter
350319440001651,White Horse Lake Chapter
350319437012016,Twin Lakes Chapter
350319731001027,Ramah Chapter
350319460021120,Baca Chapter
350319439071144,Rock Springs Chapter
350319435001296,Becenti Chapter
350319439051043,Tsayatoh Chapter
350319437021142,Nahodishgish Chapter
350319435003046,Mariano Lake Chapter
350319439071353,Tsayatoh Chapter
350319439051381,Manuelito Chapter
350319436011006,Pinedale Chapter
350319437022118,Coyote Canyon Chapter
350319435001454,Becenti Chapter
350319436023041,Mariano Lake Chapter
350319439031003,Bread Springs Chapter
350430109002936,Cañoncito Chapter
350319437021076,Standing Rock Chapter
350319437021145,Nahodishgish Chapter
350319436023136,Smith Lake Chapter
350319439071251,Tsayatoh Chapter
350319436011024,Pinedale Chapter
350319438032040,Fort Defiance Chapter
350319457021227,Chi Chil Tah Chapter
350319436023016,Mariano Lake Chapter
350319438032024,Fort Defiance Chapter
350319457021073,Chi Chil Tah Chapter
350019406021039,Cañoncito Chapter
350439409002091,Torreon Chapter
350459429005055,Two Grey Hills Chapter
350459431002081,Crystal Chapter
350459432012612,Nageezi Chapter
350319435001286,Becenti Chapter
350459428012105,Beclabito Chapter
350459430002044,Nenahnezad/San Juan Chapter
350459429005035,Two Grey Hills Chapter
350459432014331,Nageezi Chapter
350459428013011,Beclabito Chapter
350459428013040,Beclabito Chapter
350069458001088,Ramah Chapter
350069458002047,Ramah Chapter
350319437021089,Standing Rock Chapter
350319457011154,Chi Chil Tah Chapter
350459429006043,Sheep Springs Chapter
350319436013095,Pinedale Chapter
350459432012513,Lake Valley Chapter
350319437021083,Nahodishgish Chapter
350459430002020,Nenahnezad/San Juan Chapter
350439409001312,Counselor Chapter
350459431002126,Naschitti Chapter
350319437021011,Tohatchi Chapter
350459430001004,Fruitland Chapter
350319457011043,Bread Springs Chapter
350399410002708,Nageezi Chapter
350319436021046,Mariano Lake Chapter
350319731001072,Ramah Chapter
350459428012114,Gadii'ahi Chapter
350319460032132,Smith Lake Chapter
350319457011070,Bread Springs Chapter
350459429001048,Red Valley Chapter
350319439071286,Rock Springs Chapter
350319460032113,Casamero Lake Chapter
350319439051226,Manuelito Chapter
350459432013491,Huerfano Chapter
350459428012047,Gadii'ahi Chapter
350459431002102,Crystal Chapter
350459428012070,Gadii'ahi Chapter
350459430002018,Nenahnezad/San Juan Chapter
350459428012062,Gadii'ahi Chapter
350459432013132,Huerfano Chapter
350459429004051,Newcomb Chapter
350459428012034,Gadii'ahi Chapter
350459430003002,Fruitland Chapter
350319731001052,Ramah Chapter
350459429004115,Two Grey Hills Chapter
350459432013142,Huerfano Chapter
350459429001074,Red Valley Chapter
350319440002281,Ojo Encino Chapter
350459429002134,Sanostee Chapter
350319460021041,Baca Chapter
350319438032026,Fort Defiance Chapter
350439409001062,Counselor Chapter
350319436021080,Thoreau Chapter
350459429003044,Sanostee Chapter
350069458001332,Ramah Chapter
350459430001050,Fruitland Chapter
350459431001031,Naschitti Chapter
350459428011038,Hogback Chapter
350019406021066,Cañoncito Chapter
350459428023024,Hogback Chapter
350459431002157,Sheep Springs Chapter
350459429005060,Two Grey Hills Chapter
350459431002067,Sheep Springs Chapter
350319460011046,Thoreau Chapter
350319436023050,Mariano Lake Chapter
350459428022007,Shiprock Chapter
350459432012497,White Rock Chapter
350459429005037,Two Grey Hills Chapter
350069458002135,Ramah Chapter
350459428011040,Hogback Chapter
350459430002096,Nenahnezad/San Juan Chapter
350319436023156,Smith Lake Chapter
350459428012094,Gadii'ahi Chapter
350069458002001,Ramah Chapter
350319440001456,Littlewater Chapter
350319731001035,Ramah Chapter
350459430002019,Nenahnezad/San Juan Chapter
350069458002198,Ramah Chapter
350319460031262,Baca Chapter
350459430001007,Fruitland Chapter
350459429005068,Two Grey Hills Chapter
350459431001065,Naschitti Chapter
350319437011043,Tohatchi Chapter
350319457021225,Chi Chil Tah Chapter
350459432013537,Huerfano Chapter
350019406021040,Cañoncito Chapter
350319436011051,Church Rock Chapter
350459428013176,Shiprock Chapter
350459431002124,Naschitti Chapter
350319437022098,Coyote Canyon Chapter
350459428023014,Shiprock Chapter
350459430003054,Fruitland Chapter
350319438022131,Twin Lakes Chapter
350319438011032,Red Lake Chapter
350459429005053,Two Grey Hills Chapter
350459428013190,Shiprock Chapter
350459429005062,Two Grey Hills Chapter
350459431002054,Sheep Springs Chapter
350459430002131,Nenahnezad/San Juan Chapter
350319439071113,Tsayatoh Chapter
350319457011097,Chi Chil Tah Chapter
350459431002104,Sheep Springs Chapter
350319437012028,Twin Lakes Chapter
350459431002132,Naschitti Chapter
350319437021046,Standing Rock Chapter
350459428023023,Hogback Chapter
350319731001051,Ramah Chapter
350319440002290,Ojo Encino Chapter
350319436012061,Pinedale Chapter
350319439042062,Red Rock Chapter
350319435001246,Becenti Chapter
350319438021070,Mexican Springs Chapter
350459432013325,Huerfano Chapter
350459429001052,Red Valley Chapter
350459432012109,Nageezi Chapter
350459429002161,Sanostee Chapter
350319437011008,Tohatchi Chapter
350459431002134,Naschitti Chapter
350459428013093,Gadii'ahi Chapter
350319457011071,Bread Springs Chapter
350069458001217,Ramah Chapter
350019406021030,Cañoncito Chapter
350459430001006,Fruitland Chapter
350319437022105,Coyote Canyon Chapter
350459428012051,Gadii'ahi Chapter
350459430003153,Burnham Chapter
350459429005015,Two Grey Hills Chapter
350459430003069,Fruitland Chapter
350459429004002,Newcomb Chapter
350459430002086,Nenahnezad/San Juan Chapter
350319439031060,Bread Springs Chapter
350319436013130,Pinedale Chapter
350459429002096,Sanostee Chapter
350459432012306,White Rock Chapter
350459432012287,White Rock Chapter
350459431001093,Naschitti Chapter
350459428013000,Teec Nos Pos Chapter
350459428012072,Beclabito Chapter
350459431002016,Naschitti Chapter
350459429005039,Sanostee Chapter
350019406021002,Cañoncito Chapter
350459428033000,Shiprock Chapter
350459428022023,Shiprock Chapter
350459432012152,Huerfano Chapter
350019406021036,Cañoncito Chapter
350319436021013,Pinedale Chapter
350319460031261,Baca Chapter
350319436011004,Pinedale Chapter
350459432014334,Nageezi Chapter
350459428013013,Beclabito Chapter
350459432014102,Huerfano Chapter
350459432013051,Huerfano Chapter
350459429003053,Sanostee Chapter
350319457021204,Chi Chil Tah Chapter
350319435001120,Becenti Chapter
350319457011117,Chi Chil Tah Chapter
350459432012581,Nageezi Chapter
350459428012103,Gadii'ahi Chapter
350459432013171,Huerfano Chapter
350319438022001,Tohatchi Chapter
350319731001049,Ramah Chapter
350439409001045,Counselor Chapter
350319460032133,Casamero Lake Chapter
350459431002150,Crystal Chapter
350459431001018,White Rock Chapter
350319436011050,Church Rock Chapter
350459431001075,Naschitti Chapter
350319437011066,Tohatchi Chapter
350319457011090,Chi Chil Tah Chapter
350459429003054,Sanostee Chapter
350319440001188,White Horse Lake Chapter
350459428012106,Gadii'ahi Chapter
350459428013001,Teec Nos Pos Chapter
350459430003008,Fruitland Chapter
350439409002083,Torreon Chapter
350319460031005,Casamero Lake Chapter
350459432012342,Huerfano Chapter
350459430003010,Fruitland Chapter
350459429001083,Sanostee Chapter
350319439031001,Bread Springs Chapter
350459428013302,Beclabito Chapter
350459431002125,Naschitti Chapter
350459432013375,Huerfano Chapter
350459432013504,Huerfano Chapter
350399410002710,Nageezi Chapter
350459428013015,Gadii'ahi Chapter
350439409001333,Counselor Chapter
350319438022006,Mexican Springs Chapter
350459430003217,White Rock Chapter
350459428012037,Gadii'ahi Chapter
350459432014208,Huerfano Chapter
350319439071519,Manuelito Chapter
350439409002107,Torreon Chapter
350319438022086,Mexican Springs Chapter
350459428021028,Shiprock Chapter
350319437021052,Standing Rock Chapter
350319437011054,Tohatchi Chapter
350459431002137,Naschitti Chapter
350459428023028,Shiprock Chapter
350319436021012,Pinedale Chapter
350459428022006,Shiprock Chapter
350019406021010,Cañoncito Chapter
350319457011061,Chi Chil Tah Chapter
350459431002106,Sheep Springs Chapter
350459429005043,Sanostee Chapter
350459431002071,Two Grey Hills Chapter
350319439071118,Tsayatoh Chapter
350319435003017,Crownpoint Chapter
350319437021025,Standing Rock Chapter
350459432012490,White Rock Chapter
350319460031010,Casamero Lake Chapter
350319439071148,Rock Springs Chapter
350319439071254,Tsayatoh Chapter
350459428013095,Beclabito Chapter
350319439051060,Red Rock Chapter
350459430002021,Hogback Chapter
350459430003020,Fruitland Chapter
350459428012053,Gadii'ahi Chapter
350459431002131,Naschitti Chapter
350459428012073,Gadii'ahi Chapter
350319438022185,Red Lake Chapter
350319457011072,Bread Springs Chapter
350319457011044,Bread Springs Chapter
350459432012631,White Rock Chapter
350459431001023,Naschitti Chapter
350459431002112,Naschitti Chapter
350439409001181,Counselor Chapter
350319460032037,Casamero Lake Chapter
350459428013012,Gadii'ahi Chapter
350459432012493,White Rock Chapter
350319437022109,Coyote Canyon Chapter
350459428013104,Shiprock Chapter
350459428012054,Gadii'ahi Chapter
350319436023114,Mariano Lake Chapter
350459428031007,Shiprock Chapter
350459428023018,Shiprock Chapter
350319436011167,Pinedale Chapter
350459428013094,Gadii'ahi Chapter
350459431002135,Naschitti Chapter
350459430001000,Fruitland Chapter
350069747015050,Baca Chapter
350459432013281,Huerfano Chapter
350459430002064,Nenahnezad/San Juan Chapter
350459430002076,Nenahnezad/San Juan Chapter
350319436011150,Church Rock Chapter
350319460031260,Baca Chapter
350319438021009,Tohatchi Chapter
350459428031000,Shiprock Chapter
350459428011039,Hogback Chapter
350019406021037,Cañoncito Chapter
350459428012184,Gadii'ahi Chapter
350319731001046,Ramah Chapter
350019406022037,Cañoncito Chapter
350459428013222,Shiprock Chapter
350319438021037,Tohatchi Chapter
350319457021210,Chi Chil Tah Chapter
350459430002093,Nenahnezad/San Juan Chapter
350459429001101,Red Valley Chapter
350319437022095,Coyote Canyon Chapter
350439409001303,Counselor Chapter
350459430002023,Nenahnezad/San Juan Chapter
350459428023026,Shiprock Chapter
350459430002000,Nenahnezad/San Juan Chapter
350459431002149,Sheep Springs Chapter
350459431002105,Sheep Springs Chapter
350459428024033,Shiprock Chapter
350459428033001,Shiprock Chapter
350319731001047,Ramah Chapter
350319435002010,Crownpoint Chapter
350459430002095,Nenahnezad/San Juan Chapter
350459429005056,Two Grey Hills Chapter
350459430002022,Nenahnezad/San Juan Chapter
350459428012069,Gadii'ahi Chapter
350319460032155,Thoreau Chapter
350319437011033,Tohatchi Chapter
350319439071067,Tsayatoh Chapter
350459428013017,Beclabito Chapter
350459428012080,Gadii'ahi Chapter
350459431001035,Naschitti Chapter
350459432013365,Huerfano Chapter
350319436012058,Pinedale Chapter
350459428012147,Hogback Chapter
350459431002136,Naschitti Chapter
350459432012499,Naschitti Chapter
350319437012007,Twin Lakes Chapter
350459432013107,Huerfano Chapter
350459429002160,Sanostee Chapter
350459428023013,Shiprock Chapter
350459428012028,Gadii'ahi Chapter
350459429006055,Sheep Springs Chapter
350439409001182,Counselor Chapter
350459432012175,Huerfano Chapter
350319460032115,Casamero Lake Chapter
350459429003007,Sanostee Chapter
350319438021065,Tohatchi Chapter
350319440001521,Littlewater Chapter
350459432014332,Nageezi Chapter
350319436022091,Thoreau Chapter
350319435002020,Crownpoint Chapter
350319437012020,Twin Lakes Chapter
350459429005058,Crystal Chapter
350019406021079,Cañoncito Chapter
350399410002831,Nageezi Chapter
350459428012043,Gadii'ahi Chapter
350319440001574,Casamero Lake Chapter
350459428022008,Shiprock Chapter
350459429005040,Sanostee Chapter
350319438032001,Red Lake Chapter
350459428012074,Gadii'ahi Chapter
350319435001252,Becenti Chapter
350319457021283,Chi Chil Tah Chapter
350319438021047,Tohatchi Chapter
350319435001317,Becenti Chapter
490379420002169,Red Mesa Chapter
490379420002170,Red Mesa Chapter
490379420002205,Mexican Water Chapter
490379421001045,Oljato Chapter
490379421002006,Navajo Mountain Chapter
490379420002192,Mexican Water Chapter
490379420002147,Red Mesa Chapter
490379420002099,Red Mesa Chapter
490379420002119,Red Mesa Chapter
490379420002333,Mexican Water Chapter
490379421001051,Dennehotso Chapter
490379420001072,Aneth Chapter
490379421001030,Oljato Chapter
490379420001055,Aneth Chapter
490379420002128,Red Mesa Chapter
490379420002015,Red Mesa Chapter
490379420001071,Aneth Chapter
490379420001029,Aneth Chapter
490379420002216,Mexican Water Chapter
490379420001009,Aneth Chapter
490379421001024,Oljato Chapter
490379420001049,Aneth Chapter
490379420002222,Mexican Water Chapter
490379421001014,Oljato Chapter
490379420002239,Red Mesa Chapter
490379420002155,Red Mesa Chapter
490379420001176,Aneth Chapter
490379421001091,Dennehotso Chapter
490379420002286,Teec Nos Pos Chapter
490379420002016,Red Mesa Chapter
490379420001120,Aneth Chapter
490379420001043,Aneth Chapter
490379420002044,Mexican Water Chapter
490379420002162,Red Mesa Chapter
490379420002196,Mexican Water Chapter
490379420002255,Red Mesa Chapter
490379420002281,Red Mesa Chapter
490379420002338,Teec Nos Pos Chapter
490379420001099,Aneth Chapter
490379420002245,Red Mesa Chapter
490379420002111,Red Mesa Chapter
490379421001006,Oljato Chapter
490379421002037,Navajo Mountain Chapter
490379420002212,Dennehotso Chapter
490379420002272,Red Mesa Chapter
490379420001053,Aneth Chapter
490379421001079,Oljato Chapter
490379420001070,Aneth Chapter
490379420001109,Aneth Chapter
490379420001058,Aneth Chapter
490379421002009,Navajo Mountain Chapter
490379420002029,Red Mesa Chapter
490379420002352,Red Mesa Chapter
490379420002327,Mexican Water Chapter
490379420001101,Aneth Chapter
490379420002130,Red Mesa Chapter
490379421002030,San Juan Southern Paiute Northern Area
490379420002270,Mexican Water Chapter
490379420002069,Red Mesa Chapter
490379421001016,Oljato Chapter
490379421002022,Inscription House Chapter
490379420001052,Aneth Chapter
490379420002135,Red Mesa Chapter
490379420002316,Mexican Water Chapter
490379420002244,Red Mesa Chapter
490379421002019,Inscription House Chapter
490379420002225,Mexican Water Chapter
490379420002108,Teec Nos Pos Chapter
490379420001066,Aneth Chapter
490379421001028,Oljato Chapter
490379420002191,Mexican Water Chapter
490379420001103,Aneth Chapter
490379421001015,Oljato Chapter
490379420002063,Red Mesa Chapter
490379420002237,Red Mesa Chapter
490379420001134,Aneth Chapter
490379420002138,Red Mesa Chapter
490379421001089,Oljato Chapter
490379420002207,Mexican Water Chapter
490379420002198,Mexican Water Chapter
490379420002319,Mexican Water Chapter
490379420002247,Red Mesa Chapter
490379420001091,Aneth Chapter
490379420002006,Red Mesa Chapter
490379420001106,Aneth Chapter
490379420002102,Teec Nos Pos Chapter
490379420002052,Red Mesa Chapter
490379420002345,Mexican Water Chapter
490379420002189,Mexican Water Chapter
490379421002024,Oljato Chapter
490379420001062,Aneth Chapter
490379421002015,Inscription House Chapter
490379420002148,Red Mesa Chapter
490379420002005,Red Mesa Chapter
490379420002062,Red Mesa Chapter
490379420001065,Aneth Chapter
490379421001048,Oljato Chapter
490379420002093,Red Mesa Chapter
490379420002021,Red Mesa Chapter
490379420001026,Aneth Chapter
490379420002252,Red Mesa Chapter
490379421001057,Oljato Chapter
490379420002082,Red Mesa Chapter
490379420002050,Red Mesa Chapter
490379420002071,Red Mesa Chapter
490379420002348,Red Mesa Chapter
490379420002194,Mexican Water Chapter
490379421001075,Oljato Chapter
490379420002314,Mexican Water Chapter
490379420002158,Red Mesa Chapter
490379420001084,Aneth Chapter
490379421001059,Oljato Chapter
490379420002340,Teec Nos Pos Chapter
490379420001137,Aneth Chapter
490379421001052,Dennehotso Chapter
490379420001168,Aneth Chapter
490379420001093,Aneth Chapter
490379421002017,Inscription House Chapter
490379420002262,Red Mesa Chapter
490379420002279,Red Mesa Chapter
490379420002087,Red Mesa Chapter
490379421001026,Oljato Chapter
490379420001177,Aneth Chapter
490379420002317,Mexican Water Chapter
490379420002068,Red Mesa Chapter
490379420001115,Aneth Chapter
490379420002085,Red Mesa Chapter
490379420002185,Mexican Water Chapter
490379420002311,Red Mesa Chapter
490379421001046,Dennehotso Chapter
490379420001017,Aneth Chapter
490379420002320,Mexican Water Chapter
490379420002236,Red Mesa Chapter
490379420002260,Red Mesa Chapter
490379420001102,Aneth Chapter
490379420002145,Red Mesa Chapter
490379420001089,Aneth Chapter
490379421001081,Oljato Chapter
490379421001020,Oljato Chapter
490379420002079,Red Mesa Chapter
490379420002008,Red Mesa Chapter
490379420002271,Red Mesa Chapter
490379421001009,Oljato Chapter
490379420002213,Mexican Water Chapter
490379421002039,Oljato Chapter
490379420001012,Aneth Chapter
490379420002127,Red Mesa Chapter
490379420001123,Aneth Chapter
490379420002183,Mexican Water Chapter
490379420002291,Teec Nos Pos Chapter
490379421002028,Navajo Mountain Chapter
490379420001046,Aneth Chapter
490379421002027,Oljato Chapter
490379420002106,Teec Nos Pos Chapter
490379420001064,Aneth Chapter
490379420001005,Aneth Chapter
490379420002041,Mexican Water Chapter
490379420001139,Aneth Chapter
490379420002200,Mexican Water Chapter
490379421001044,Oljato Chapter
490379420002334,Mexican Water Chapter
490379421001074,Oljato Chapter
490379420002116,Red Mesa Chapter
490379420001142,Aneth Chapter
490379420001027,Aneth Chapter
490379420002049,Red Mesa Chapter
490379420002328,Teec Nos Pos Chapter
490379420001118,Aneth Chapter
490379420002070,Red Mesa Chapter
490379420001169,Aneth Chapter
490379420001155,Aneth Chapter
490379420002024,Red Mesa Chapter
490379420002221,Mexican Water Chapter
490379421002014,Inscription House Chapter
490379421002004,Oljato Chapter
490379420002141,Red Mesa Chapter
490379420002267,Red Mesa Chapter
490379420002218,Mexican Water Chapter
490379420002353,Mexican Water Chapter
490379420002243,Red Mesa Chapter
490379420001021,Aneth Chapter
490379420001170,Aneth Chapter
490379420002235,Mexican Water Chapter
490379420002110,Teec Nos Pos Chapter
490379420001014,Aneth Chapter
490379421002026,Oljato Chapter
490379420002025,Red Mesa Chapter
490379421002020,Inscription House Chapter
490379420002202,Mexican Water Chapter
490379420001079,Aneth Chapter
490379420002199,Mexican Water Chapter
490379420002032,Red Mesa Chapter
490379420002173,Red Mesa Chapter
490379421001003,Dennehotso Chapter
490379420002278,Red Mesa Chapter
490379421001065,Oljato Chapter
490379420001022,Aneth Chapter
490379420002061,Red Mesa Chapter
490379420002326,Mexican Water Chapter
490379420001087,Aneth Chapter
490379420001038,Aneth Chapter
490379420002031,Red Mesa Chapter
490379420001114,Aneth Chapter
490379420001143,Aneth Chapter
490379421001007,Oljato Chapter
490379420002137,Red Mesa Chapter
490379421002011,Navajo Mountain Chapter
490379420002285,Red Mesa Chapter
490379420002330,Teec Nos Pos Chapter
490379420001018,Aneth Chapter
490379420002084,Red Mesa Chapter
490379421001056,Oljato Chapter
490379420001080,Aneth Chapter
490379420002048,Red Mesa Chapter
490379421001073,Oljato Chapter
490379420002064,Red Mesa Chapter
490379420002259,Red Mesa Chapter
490379420002268,Red Mesa Chapter
490379421001036,Oljato Chapter
490379420002161,Red Mesa Chapter
490379420002091,Red Mesa Chapter
490379420001044,Aneth Chapter
490379421001043,Oljato Chapter
490379420002277,Red Mesa Chapter
490379420002120,Red Mesa Chapter
490379420001132,Aneth Chapter
490379420002197,Mexican Water Chapter
490379420001013,Aneth Chapter
490379421002016,Inscription House Chapter
490379420002313,Red Mesa Chapter
490379421001012,Oljato Chapter
490379421001049,Oljato Chapter
490379420002045,Mexican Water Chapter
490379421001018,Oljato Chapter
490379420001037,Aneth Chapter
490379420002346,Mexican Water Chapter
490379420001036,Aneth Chapter
490379421002033,Oljato Chapter
490379420002241,Red Mesa Chapter
490379420002097,Teec Nos Pos Chapter
490379420002002,Red Mesa Chapter
490379421001029,Oljato Chapter
490379420002060,Red Mesa Chapter
490379420002033,Red Mesa Chapter
490379420002168,Red Mesa Chapter
490379421002034,Navajo Mountain Chapter
490379420002337,Teec Nos Pos Chapter
490379420001104,Aneth Chapter
490379420002159,Red Mesa Chapter
490379420001048,Aneth Chapter
490379420001105,Aneth Chapter
490379420002227,Mexican Water Chapter
490379421001092,Oljato Chapter
490379421001047,Dennehotso Chapter
490379420002211,Mexican Water Chapter
490379420002166,Red Mesa Chapter
490379420002223,Mexican Water Chapter
490379421001035,Oljato Chapter
490379420002184,Mexican Water Chapter
490379420002090,Red Mesa Chapter
490379420002342,Red Mesa Chapter
490379421001023,Oljato Chapter
490379420002341,Red Mesa Chapter
490379420001161,Aneth Chapter
490379420002103,Teec Nos Pos Chapter
490379421002025,Oljato Chapter
490379420001098,Aneth Chapter
490379420002043,Mexican Water Chapter
490379421001054,Dennehotso Chapter
490379420002217,Mexican Water Chapter
490379420002105,Teec Nos Pos Chapter
490379420001060,Aneth Chapter
490379421002007,Navajo Mountain Chapter
490379420001097,Aneth Chapter
490379420002014,Red Mesa Chapter
490379420002172,Red Mesa Chapter
490379420002190,Mexican Water Chapter
490379421001066,Oljato Chapter
490379420001149,Aneth Chapter
490379420002204,Mexican Water Chapter
490379420002344,Mexican Water Chapter
490379421001001,Dennehotso Chapter
490379421002035,Navajo Mountain Chapter
490379420001000,Aneth Chapter
490379421001050,Oljato Chapter
490379420002224,Mexican Water Chapter
490379420001167,Aneth Chapter
490379421002021,Inscription House Chapter
490379420002003,Red Mesa Chapter
490379420002109,Teec Nos Pos Chapter
490379421001021,Oljato Chapter
490379420002203,Mexican Water Chapter
490379421002036,Navajo Mountain Chapter
490379420002283,Red Mesa Chapter
490379420001020,Aneth Chapter
490379420002035,Mexican Water Chapter
490379420002257,Red Mesa Chapter
490379420001158,Aneth Chapter
490379420002304,Teec Nos Pos Chapter
490379420002075,Red Mesa Chapter
490379420001077,Aneth Chapter
490379420002276,Red Mesa Chapter
490379420002037,Mexican Water Chapter
490379420001148,Aneth Chapter
490379420002266,Red Mesa Chapter
490379420001006,Aneth Chapter
490379421002008,Navajo Mountain Chapter
490379421001000,Dennehotso Chapter
490379420002179,Mexican Water Chapter
490379421001072,Oljato Chapter
490379420002132,Red Mesa Chapter
490379420002139,Red Mesa Chapter
490379420002164,Red Mesa Chapter
490379420001094,Aneth Chapter
490379420001016,Aneth Chapter
490379420002107,Teec Nos Pos Chapter
490379420002124,Red Mesa Chapter
490379420002208,Mexican Water Chapter
490379420002151,Red Mesa Chapter
490379421001090,Oljato Chapter
490379421002032,Oljato Chapter
490379420001112,Aneth Chapter
490379421001010,Oljato Chapter
490379420001086,Aneth Chapter
490379420002078,Red Mesa Chapter
490379420001136,Aneth Chapter
490379420001015,Aneth Chapter
490379420002171,Red Mesa Chapter
490379420001090,Aneth Chapter
490379421001004,Dennehotso Chapter
490379420002133,Red Mesa Chapter
490379420002122,Red Mesa Chapter
490379420002301,Teec Nos Pos Chapter
490379420002018,Red Mesa Chapter
490379782001352,Aneth Chapter
490379420001140,Aneth Chapter
490379420002047,Red Mesa Chapter
490379420002187,Mexican Water Chapter
490379420002007,Red Mesa Chapter
490379420001019,Aneth Chapter
490379420002114,Red Mesa Chapter
490379420002232,Mexican Water Chapter
490379420002059,Red Mesa Chapter
490379420001008,Aneth Chapter
490379420002195,Mexican Water Chapter
490379420002201,Mexican Water Chapter
490379421001082,Oljato Chapter
490379420002261,Red Mesa Chapter
490379420002315,Mexican Water Chapter
490379421002000,Oljato Chapter
490379420002296,Teec Nos Pos Chapter
490379420002163,Red Mesa Chapter
490379420002026,Red Mesa Chapter
490379420002034,Mexican Water Chapter
490379420001030,Aneth Chapter
490379420002302,Teec Nos Pos Chapter
490379420002186,Mexican Water Chapter
490379420002092,Red Mesa Chapter
490379420002329,Teec Nos Pos Chapter
490379420001122,Aneth Chapter
490379420002100,Teec Nos Pos Chapter
490379420001108,Aneth Chapter
490379420002125,Red Mesa Chapter
490379420002042,Mexican Water Chapter
490379420001051,Aneth Chapter
490379421001068,Oljato Chapter
490379420002210,Mexican Water Chapter
490379420002143,Red Mesa Chapter
490379420001117,Aneth Chapter
490379421001086,Oljato Chapter
490379420001130,Aneth Chapter
490379420001068,Aneth Chapter
490379420001085,Aneth Chapter
490379420002322,Red Mesa Chapter
490379420002275,Red Mesa Chapter
490379420002343,Mexican Water Chapter
490379421001032,Oljato Chapter
490379420002264,Red Mesa Chapter
490379420001059,Aneth Chapter
490379420001067,Aneth Chapter
490379420002038,Mexican Water Chapter
490379420002083,Red Mesa Chapter
490379420002028,Mexican Water Chapter
490379420002347,Mexican Water Chapter
490379420002219,Mexican Water Chapter
490379420001002,Aneth Chapter
490379420001061,Aneth Chapter
490379420002321,Mexican Water Chapter
490379421001027,Oljato Chapter
490379420001081,Aneth Chapter
490379421001022,Oljato Chapter
490379420002009,Red Mesa Chapter
490379420002290,Teec Nos Pos Chapter
490379420001125,Aneth Chapter
490379420001082,Aneth Chapter
490379421002018,Inscription House Chapter
490379421002038,Navajo Mountain Chapter
490379420002058,Red Mesa Chapter
490379420001174,Aneth Chapter
490379420002118,Red Mesa Chapter
490379421001053,Dennehotso Chapter
490379420002294,Teec Nos Pos Chapter
490379420002242,Red Mesa Chapter
490379420002156,Red Mesa Chapter
490379420002017,Red Mesa Chapter
490379420001116,Aneth Chapter
490379420002076,Red Mesa Chapter
490379421002005,Navajo Mountain Chapter
490379420001127,Aneth Chapter
490379420002206,Mexican Water Chapter
490379420002284,Red Mesa Chapter
490379421001084,Oljato Chapter
490379420001057,Aneth Chapter
490379420002350,Mexican Water Chapter
490379420002046,Red Mesa Chapter
490379420002309,Red Mesa Chapter
490379420001010,Aneth Chapter
490379421001062,Oljato Chapter
490379420002081,Red Mesa Chapter
490379420002215,Mexican Water Chapter
490379420002349,Mexican Water Chapter
490379420002251,Red Mesa Chapter
490379420001004,Aneth Chapter
490379420002067,Red Mesa Chapter
490379420002077,Red Mesa Chapter
490379420001042,Aneth Chapter
490379420001162,Teec Nos Pos Chapter
490379420002273,Red Mesa Chapter
490379420002178,Mexican Water Chapter
490379420002229,Mexican Water Chapter
490379421001087,Dennehotso Chapter
490379420002288,Red Mesa Chapter
490379420002248,Red Mesa Chapter
490379420002303,Teec Nos Pos Chapter
490379420001165,Aneth Chapter
490379420002115,Red Mesa Chapter
490379420001110,Aneth Chapter
490379420001133,Aneth Chapter
490379420002174,Mexican Water Chapter
490379420002040,Mexican Water Chapter
490379420002335,Red Mesa Chapter
490379420002167,Red Mesa Chapter
490379420002323,Mexican Water Chapter
490379420002149,Red Mesa Chapter
490379420002013,Red Mesa Chapter
490379421002003,Oljato Chapter
490379420002053,Red Mesa Chapter
490379420002121,Red Mesa Chapter
490379421002023,Inscription House Chapter
490379421001070,Oljato Chapter
490379420002331,Mexican Water Chapter
490379420002289,Teec Nos Pos Chapter
490379421001071,Oljato Chapter
490379421001055,Oljato Chapter
490379420001047,Aneth Chapter
490379420002057,Red Mesa Chapter
490379420002154,Red Mesa Chapter
490379420002160,Red Mesa Chapter
490379420001121,Aneth Chapter
490379421001031,Oljato Chapter
490379420001145,Aneth Chapter
490379420001050,Aneth Chapter
490379420002325,Mexican Water Chapter
490379420002228,Mexican Water Chapter
490379421002031,Oljato Chapter
490379420001075,Aneth Chapter
490379421001076,Oljato Chapter
490379420002080,Red Mesa Chapter
490379420001173,Aneth Chapter
490379420001076,Aneth Chapter
490379420002214,Mexican Water Chapter
490379420002152,Red Mesa Chapter
490379420002181,Mexican Water Chapter
490379420002297,Teec Nos Pos Chapter
490379420002238,Red Mesa Chapter
490379421001078,Oljato Chapter
490379420002287,Teec Nos Pos Chapter
490379420001147,Aneth Chapter
490379420001073,Aneth Chapter
490379420002306,Red Mesa Chapter
490379420002010,Red Mesa Chapter
490379420002001,Red Mesa Chapter
490379421001064,Oljato Chapter
490379420002307,Red Mesa Chapter
490379420002117,Red Mesa Chapter
490379420001063,Aneth Chapter
490379420002142,Red Mesa Chapter
490379420001088,Aneth Chapter
490379420001171,Aneth Chapter
490379421001040,Oljato Chapter
490379420002094,Red Mesa Chapter
490379420002088,Red Mesa Chapter
490379420001152,Aneth Chapter
490379420001095,Aneth Chapter
490379421001077,Oljato Chapter
490379420002280,Red Mesa Chapter
490379420002039,Mexican Water Chapter
490379420002263,Red Mesa Chapter
490379420002305,Red Mesa Chapter
490379420001111,Aneth Chapter
490379420001113,Aneth Chapter
490379420001074,Aneth Chapter
490379420002019,Red Mesa Chapter
490379420002231,Mexican Water Chapter
490379420002308,Red Mesa Chapter
490379420001131,Aneth Chapter
490379420002351,Red Mesa Chapter
490379420002140,Red Mesa Chapter
490379420002209,Mexican Water Chapter
490379420002220,Mexican Water Chapter
490379420002299,Teec Nos Pos Chapter
490379420002300,Teec Nos Pos Chapter
490379421002029,Navajo Mountain Chapter
490379421001041,Oljato Chapter
490379420001183,Aneth Chapter
490379420001146,Aneth Chapter
490379421001025,Oljato Chapter
490379420002023,Red Mesa Chapter
490379421001069,Oljato Chapter
490379420002292,Teec Nos Pos Chapter
490379421001013,Oljato Chapter
490379420001054,Aneth Chapter
490379420002318,Mexican Water Chapter
490379420002246,Red Mesa Chapter
490379421001037,Dennehotso Chapter
490379420002086,Red Mesa Chapter
490379420002074,Red Mesa Chapter
490379420001069,Aneth Chapter
490379421001061,Oljato Chapter
490379420002134,Red Mesa Chapter
490379420002293,Teec Nos Pos Chapter
490379421001067,Oljato Chapter
490379420002144,Red Mesa Chapter
490379420002295,Teec Nos Pos Chapter
490379420001028,Aneth Chapter
490379420002072,Red Mesa Chapter
490379420002073,Red Mesa Chapter
490379420001164,Aneth Chapter
490379420002089,Red Mesa Chapter
490379420001107,Aneth Chapter
490379420001150,Aneth Chapter
490379420002310,Red Mesa Chapter
490379420002022,Red Mesa Chapter
490379420002193,Mexican Water Chapter
490379421001063,Oljato Chapter
490379420001135,Aneth Chapter
490379420002180,Mexican Water Chapter
490379421002001,Oljato Chapter
490379420002150,Red Mesa Chapter
490379421001033,Oljato Chapter
490379420001045,Aneth Chapter
490379420002265,Red Mesa Chapter
490379420002066,Red Mesa Chapter
490379420001100,Aneth Chapter
490379420001163,Aneth Chapter
490379420002113,Red Mesa Chapter
490379420002112,Red Mesa Chapter
490379420001129,Aneth Chapter
490379420001128,Aneth Chapter
490379420002282,Red Mesa Chapter
490379420002324,Teec Nos Pos Chapter
490379421001034,Oljato Chapter
490379420001023,Aneth Chapter
490379420001011,Aneth Chapter
490379421001038,Dennehotso Chapter
490379421001083,Oljato Chapter
490379421001039,Dennehotso Chapter
490379420002101,Teec Nos Pos Chapter
490379420001138,Aneth Chapter
490379420002123,Red Mesa Chapter
490379420002027,Red Mesa Chapter
490379421001058,Oljato Chapter
490379421002010,Navajo Mountain Chapter
490379420002051,Red Mesa Chapter
490379420002131,Red Mesa Chapter
490379420002339,Teec Nos Pos Chapter
490379420002065,Red Mesa Chapter
490379420001166,Aneth Chapter
490379421001080,Oljato Chapter
490379420002177,Mexican Water Chapter
490379420001182,Aneth Chapter
490379420002104,Teec Nos Pos Chapter
490379420001096,Aneth Chapter
490379420001025,Aneth Chapter
490379420002165,Red Mesa Chapter
490379420002176,Mexican Water Chapter
490379420001035,Aneth Chapter
490379421002002,Oljato Chapter
490379420001126,Aneth Chapter
490379420001124,Aneth Chapter
490379421001060,Oljato Chapter
490379420002226,Mexican Water Chapter
490379420002153,Red Mesa Chapter
490379420002332,Mexican Water Chapter
490379420001007,Aneth Chapter
490379420002126,Red Mesa Chapter
490379420001156,Aneth Chapter
490379420001184,Aneth Chapter
490379420002136,Red Mesa Chapter
490379420002056,Red Mesa Chapter
490379420002253,Red Mesa Chapter
490379420001001,Aneth Chapter
490379420001180,Aneth Chapter
490379420002249,Red Mesa Chapter
490379420002240,Red Mesa Chapter
490379420002269,Red Mesa Chapter
490379420001031,Aneth Chapter
490379421001017,Oljato Chapter
490379420002175,Mexican Water Chapter
490379420001078,Aneth Chapter
490379421001088,Dennehotso Chapter
490379420001056,Aneth Chapter
490379420002274,Red Mesa Chapter
490379420001175,Aneth Chapter
490379420001119,Aneth Chapter
490379421001019,Oljato Chapter
490379420002312,Red Mesa Chapter
490379420002096,Teec Nos Pos Chapter
490379420002182,Mexican Water Chapter
490379420002254,Red Mesa Chapter
490379420002188,Mexican Water Chapter
490379420002336,Mexican Water Chapter
490379421001042,Oljato Chapter
490379420002129,Red Mesa Chapter
490379420002256,Red Mesa Chapter
490379420002157,Red Mesa Chapter
490379420002011,Red Mesa Chapter
490379420002098,Teec Nos Pos Chapter
490379420001151,Aneth Chapter
490379420002036,Mexican Water Chapter
490379421001008,Oljato Chapter
490379420002258,Red Mesa Chapter
490379420002298,Teec Nos Pos Chapter
490379420001185,Aneth Chapter
490379782001362,Red Mesa Chapter
490379420002095,Teec Nos Pos Chapter
490379420002054,Red Mesa Chapter
490379420001160,Teec Nos Pos Chapter
490379420001157,Aneth Chapter
490379420002004,Red Mesa Chapter
490379420002250,Red Mesa Chapter
490379420001154,Red Mesa Chapter
490379420002000,Red Mesa Chapter
490379420002234,Mexican Water Chapter
490379420002020,Red Mesa Chapter
490379421002012,Navajo Mountain Chapter
490379420001179,Aneth Chapter
490379420002233,Mexican Water Chapter
490379782001377,Red Mesa Chapter
490379420001159,Red Mesa Chapter
490379420001144,Aneth Chapter
490379421001085,Oljato Chapter
490379421001005,Oljato Chapter
490379420001178,Red Mesa Chapter
490379421001011,Oljato Chapter
490379420001024,Aneth Chapter
490379420001153,Red Mesa Chapter
490379420001092,Aneth Chapter
490379420001141,Aneth Chapter
490379420002012,Red Mesa Chapter
490379420001041,Aneth Chapter
490379420001172,Aneth Chapter
490379420002230,Mexican Water Chapter
490379420002146,Red Mesa Chapter
490379420002055,Red Mesa Chapter
490379420002030,Red Mesa Chapter
490379420001083,Aneth Chapter
